Name,y_true,p_mlp,p_cnn,p_gnn
A0301_KLGGALQAK_IE-1_CMV_binder_TCR_1,0,0.89565194,0.95462024,0.75046
A0301_KLGGALQAK_IE-1_CMV_binder_TCR_10028,0,0.89817697,0.95854086,0.7888909
A0301_KLGGALQAK_IE-1_CMV_binder_TCR_10047,0,0.9003667,0.9690851,0.8497633
A0301_KLGGALQAK_IE-1_CMV_binder_TCR_10057,1,0.9004586,0.9591248,0.82280564
A0301_KLGGALQAK_IE-1_CMV_binder_TCR_10110,0,0.8986269,0.97170186,0.8465243
A0301_KLGGALQAK_IE-1_CMV_binder_TCR_10131,0,0.900759,0.94832546,0.79701775
A0301_KLGGALQAK_IE-1_CMV_binder_TCR_10142,1,0.8925298,0.9327725,0.71280783
A0301_KLGGALQAK_IE-1_CMV_binder_TCR_10174,1,0.90023506,0.94138646,0.7986219
A0301_KLGGALQAK_IE-1_CMV_binder_TCR_10187,1,0.89338034,0.92807376,0.57956165
A0301_KLGGALQAK_IE-1_CMV_binder_TCR_10193,1,0.9027594,0.9694257,0.85261816
A0301_KLGGALQAK_IE-1_CMV_binder_TCR_10216,0,0.900806,0.9676645,0.84894353
A0301_KLGGALQAK_IE-1_CMV_binder_TCR_10235,0,0.8962843,0.9437533,0.8242141
A0301_KLGGALQAK_IE-1_CMV_binder_TCR_10239,0,0.9020315,0.9694872,0.8860288
A0301_KLGGALQAK_IE-1_CMV_binder_TCR_10261,0,0.9011802,0.9661058,0.82520205
A0301_KLGGALQAK_IE-1_CMV_binder_TCR_10262,0,0.89451236,0.95651793,0.7139618
A0301_KLGGALQAK_IE-1_CMV_binder_TCR_10265,0,0.89710414,0.9601066,0.8185191
A0301_KLGGALQAK_IE-1_CMV_binder_TCR_10272,0,0.89618546,0.95129436,0.80521274
A0301_KLGGALQAK_IE-1_CMV_binder_TCR_10276,0,0.8962205,0.94311976,0.7327944
A0301_KLGGALQAK_IE-1_CMV_binder_TCR_10281,0,0.9013211,0.9550354,0.8236791
A0301_KLGGALQAK_IE-1_CMV_binder_TCR_10283,0,0.900787,0.95326877,0.8390419
A0301_KLGGALQAK_IE-1_CMV_binder_TCR_10299,0,0.8981033,0.9318934,0.83390665
A0301_KLGGALQAK_IE-1_CMV_binder_TCR_10311,1,0.8938024,0.9278973,0.7364923
A0301_KLGGALQAK_IE-1_CMV_binder_TCR_10319,1,0.8976782,0.9609324,0.8201093
A0301_KLGGALQAK_IE-1_CMV_binder_TCR_10323,0,0.9005435,0.9643587,0.8482451
A0301_KLGGALQAK_IE-1_CMV_binder_TCR_10327,0,0.89512277,0.95201945,0.7949709
A0301_KLGGALQAK_IE-1_CMV_binder_TCR_10334,1,0.89612156,0.95846397,0.8054068
A0301_KLGGALQAK_IE-1_CMV_binder_TCR_1035,0,0.90186226,0.934199,0.88266474
A0301_KLGGALQAK_IE-1_CMV_binder_TCR_1039,1,0.9012706,0.96506494,0.87292665
A0301_KLGGALQAK_IE-1_CMV_binder_TCR_10397,0,0.8973642,0.9505424,0.8364463
A0301_KLGGALQAK_IE-1_CMV_binder_TCR_10449,0,0.8998939,0.9646225,0.89521456
A0301_KLGGALQAK_IE-1_CMV_binder_TCR_10478,0,0.8996322,0.96485627,0.7741651
A0301_KLGGALQAK_IE-1_CMV_binder_TCR_10488,0,0.8977879,0.97099596,0.77763855
A0301_KLGGALQAK_IE-1_CMV_binder_TCR_10536,1,0.89366096,0.932895,0.77625996
A0301_KLGGALQAK_IE-1_CMV_binder_TCR_10560,0,0.9013996,0.96186507,0.88070774
A0301_KLGGALQAK_IE-1_CMV_binder_TCR_10566,1,0.8949334,0.9146833,0.5301166
A0301_KLGGALQAK_IE-1_CMV_binder_TCR_10574,0,0.89275926,0.9504249,0.7829329
A0301_KLGGALQAK_IE-1_CMV_binder_TCR_10665,0,0.90277,0.97430587,0.840529
A0301_KLGGALQAK_IE-1_CMV_binder_TCR_10706,0,0.89369327,0.95612985,0.79816735
A0301_KLGGALQAK_IE-1_CMV_binder_TCR_10729,0,0.89906615,0.9586972,0.79278225
A0301_KLGGALQAK_IE-1_CMV_binder_TCR_10739,0,0.895691,0.9352161,0.86383736
A0301_KLGGALQAK_IE-1_CMV_binder_TCR_10745,0,0.89767784,0.9589955,0.9101223
A0301_KLGGALQAK_IE-1_CMV_binder_TCR_10749,0,0.89814013,0.95869946,0.8726192
A0301_KLGGALQAK_IE-1_CMV_binder_TCR_10772,0,0.89918464,0.94501084,0.7491208
A0301_KLGGALQAK_IE-1_CMV_binder_TCR_10775,0,0.8956656,0.9274702,0.80265284
A0301_KLGGALQAK_IE-1_CMV_binder_TCR_10805,0,0.8968559,0.9545596,0.8681043
A0301_KLGGALQAK_IE-1_CMV_binder_TCR_10828,0,0.9016123,0.9606809,0.88646054
A0301_KLGGALQAK_IE-1_CMV_binder_TCR_10830,0,0.8994255,0.92168427,0.788381
A0301_KLGGALQAK_IE-1_CMV_binder_TCR_10849,0,0.8978446,0.8950559,0.672831
A0301_KLGGALQAK_IE-1_CMV_binder_TCR_10969,0,0.8979016,0.9500686,0.88349384
A0301_KLGGALQAK_IE-1_CMV_binder_TCR_10976,1,0.8972003,0.9672231,0.79511493
A0301_KLGGALQAK_IE-1_CMV_binder_TCR_1104,0,0.8943689,0.94077545,0.66087884
A0301_KLGGALQAK_IE-1_CMV_binder_TCR_11096,0,0.8996185,0.9713983,0.8939951
A0301_KLGGALQAK_IE-1_CMV_binder_TCR_11108,0,0.8974891,0.9543,0.83810717
A0301_KLGGALQAK_IE-1_CMV_binder_TCR_11121,0,0.9019991,0.961981,0.8360105
A0301_KLGGALQAK_IE-1_CMV_binder_TCR_11127,0,0.8981609,0.947448,0.63706714
A0301_KLGGALQAK_IE-1_CMV_binder_TCR_11168,0,0.9029985,0.96805924,0.801908
A0301_KLGGALQAK_IE-1_CMV_binder_TCR_11174,1,0.9022858,0.94948804,0.819715
A0301_KLGGALQAK_IE-1_CMV_binder_TCR_11197,0,0.89672875,0.9429546,0.7866502
A0301_KLGGALQAK_IE-1_CMV_binder_TCR_11200,1,0.89114463,0.9300579,0.82405186
A0301_KLGGALQAK_IE-1_CMV_binder_TCR_11210,1,0.8983575,0.9538554,0.8234178
A0301_KLGGALQAK_IE-1_CMV_binder_TCR_1122,0,0.8926941,0.9067941,0.6270832
A0301_KLGGALQAK_IE-1_CMV_binder_TCR_11244,0,0.898274,0.97042096,0.81989604
A0301_KLGGALQAK_IE-1_CMV_binder_TCR_1125,0,0.8971257,0.9574844,0.82478833
A0301_KLGGALQAK_IE-1_CMV_binder_TCR_11261,0,0.90042144,0.948782,0.79367983
A0301_KLGGALQAK_IE-1_CMV_binder_TCR_11315,0,0.9027994,0.9595192,0.81468797
A0301_KLGGALQAK_IE-1_CMV_binder_TCR_11362,0,0.9004673,0.94796246,0.77371305
A0301_KLGGALQAK_IE-1_CMV_binder_TCR_11369,1,0.89561015,0.9350637,0.8492483
A0301_KLGGALQAK_IE-1_CMV_binder_TCR_11371,0,0.8950194,0.91966957,0.64149857
A0301_KLGGALQAK_IE-1_CMV_binder_TCR_11407,0,0.8973073,0.96122766,0.8782616
A0301_KLGGALQAK_IE-1_CMV_binder_TCR_1142,0,0.8983473,0.94129,0.81472266
A0301_KLGGALQAK_IE-1_CMV_binder_TCR_11438,0,0.89939505,0.96110564,0.8382591
A0301_KLGGALQAK_IE-1_CMV_binder_TCR_11458,0,0.8984191,0.9549261,0.8646468
A0301_KLGGALQAK_IE-1_CMV_binder_TCR_11471,1,0.89878863,0.9774091,0.80840963
A0301_KLGGALQAK_IE-1_CMV_binder_TCR_11496,0,0.8949752,0.96383524,0.8620895
A0301_KLGGALQAK_IE-1_CMV_binder_TCR_11520,1,0.89742815,0.9541363,0.73569006
A0301_KLGGALQAK_IE-1_CMV_binder_TCR_11534,1,0.9013033,0.95006216,0.8387663
A0301_KLGGALQAK_IE-1_CMV_binder_TCR_11537,0,0.89835894,0.960306,0.87139547
A0301_KLGGALQAK_IE-1_CMV_binder_TCR_11539,0,0.8993792,0.9501349,0.7673046
A0301_KLGGALQAK_IE-1_CMV_binder_TCR_11547,1,0.9000972,0.9624383,0.8862558
A0301_KLGGALQAK_IE-1_CMV_binder_TCR_1156,1,0.89167035,0.90138054,0.70262605
A0301_KLGGALQAK_IE-1_CMV_binder_TCR_1157,0,0.89438033,0.9373618,0.79532963
A0301_KLGGALQAK_IE-1_CMV_binder_TCR_116,0,0.8966639,0.9634438,0.8986754
A0301_KLGGALQAK_IE-1_CMV_binder_TCR_11613,0,0.896594,0.9432259,0.81601644
A0301_KLGGALQAK_IE-1_CMV_binder_TCR_11629,0,0.8980673,0.9488209,0.8051357
A0301_KLGGALQAK_IE-1_CMV_binder_TCR_11632,0,0.90129143,0.9724194,0.8648315
A0301_KLGGALQAK_IE-1_CMV_binder_TCR_11643,0,0.8963706,0.9158303,0.74217
A0301_KLGGALQAK_IE-1_CMV_binder_TCR_11674,1,0.89183474,0.9344732,0.90779454
A0301_KLGGALQAK_IE-1_CMV_binder_TCR_11732,1,0.89765066,0.9526803,0.860695
A0301_KLGGALQAK_IE-1_CMV_binder_TCR_11760,1,0.8977781,0.8990249,0.7380724
A0301_KLGGALQAK_IE-1_CMV_binder_TCR_11795,0,0.898047,0.9582117,0.78627664
A0301_KLGGALQAK_IE-1_CMV_binder_TCR_11802,0,0.9017861,0.95932055,0.6492333
A0301_KLGGALQAK_IE-1_CMV_binder_TCR_11809,0,0.8974005,0.9594565,0.88407135
A0301_KLGGALQAK_IE-1_CMV_binder_TCR_11834,0,0.898895,0.96829927,0.8592204
A0301_KLGGALQAK_IE-1_CMV_binder_TCR_11845,0,0.8984608,0.94750375,0.8290308
A0301_KLGGALQAK_IE-1_CMV_binder_TCR_11855,0,0.89636487,0.93326443,0.77623075
A0301_KLGGALQAK_IE-1_CMV_binder_TCR_1186,0,0.8970557,0.9013613,0.77821755
A0301_KLGGALQAK_IE-1_CMV_binder_TCR_11861,1,0.89229035,0.91234845,0.50002986
A0301_KLGGALQAK_IE-1_CMV_binder_TCR_11871,1,0.90172094,0.9583504,0.8791108
A0301_KLGGALQAK_IE-1_CMV_binder_TCR_11912,0,0.9023022,0.96311283,0.84521174
A0301_KLGGALQAK_IE-1_CMV_binder_TCR_11929,0,0.89776766,0.9548476,0.78677046
A0301_KLGGALQAK_IE-1_CMV_binder_TCR_11946,0,0.89990425,0.9376017,0.8197445
A0301_KLGGALQAK_IE-1_CMV_binder_TCR_11949,0,0.8988809,0.9558078,0.8336417
A0301_KLGGALQAK_IE-1_CMV_binder_TCR_11957,0,0.8968768,0.93453985,0.80761194
A0301_KLGGALQAK_IE-1_CMV_binder_TCR_11983,0,0.9012796,0.95476717,0.82979774
A0301_KLGGALQAK_IE-1_CMV_binder_TCR_12040,0,0.8998261,0.9623815,0.89110166
A0301_KLGGALQAK_IE-1_CMV_binder_TCR_12050,0,0.89569074,0.90383995,0.80598956
A0301_KLGGALQAK_IE-1_CMV_binder_TCR_12057,1,0.90241367,0.96166956,0.8754184
A0301_KLGGALQAK_IE-1_CMV_binder_TCR_12088,0,0.8959341,0.9262831,0.810784
A0301_KLGGALQAK_IE-1_CMV_binder_TCR_12097,0,0.8946209,0.9659165,0.8044527
A0301_KLGGALQAK_IE-1_CMV_binder_TCR_12115,1,0.8980473,0.894195,0.82745755
A0301_KLGGALQAK_IE-1_CMV_binder_TCR_12116,1,0.89457095,0.94795656,0.85866433
A0301_KLGGALQAK_IE-1_CMV_binder_TCR_12157,0,0.8954419,0.9490585,0.7889818
A0301_KLGGALQAK_IE-1_CMV_binder_TCR_12170,0,0.8998749,0.9739033,0.8701555
A0301_KLGGALQAK_IE-1_CMV_binder_TCR_12177,0,0.89889294,0.937744,0.77940756
A0301_KLGGALQAK_IE-1_CMV_binder_TCR_12180,1,0.8952069,0.8999065,0.6959665
A0301_KLGGALQAK_IE-1_CMV_binder_TCR_12193,1,0.8977711,0.9408445,0.85597026
A0301_KLGGALQAK_IE-1_CMV_binder_TCR_1220,0,0.8975335,0.9538428,0.85048896
A0301_KLGGALQAK_IE-1_CMV_binder_TCR_1221,1,0.89416516,0.9104583,0.7565721
A0301_KLGGALQAK_IE-1_CMV_binder_TCR_12237,1,0.89929485,0.95786774,0.8196108
A0301_KLGGALQAK_IE-1_CMV_binder_TCR_1224,0,0.8968651,0.9111341,0.7974547
A0301_KLGGALQAK_IE-1_CMV_binder_TCR_12246,0,0.89862704,0.9422542,0.85133153
A0301_KLGGALQAK_IE-1_CMV_binder_TCR_12252,0,0.90117025,0.95766544,0.79562163
A0301_KLGGALQAK_IE-1_CMV_binder_TCR_12272,1,0.8999377,0.9676099,0.8078321
A0301_KLGGALQAK_IE-1_CMV_binder_TCR_12300,0,0.895402,0.91880614,0.6836388
A0301_KLGGALQAK_IE-1_CMV_binder_TCR_12304,1,0.9002674,0.95743805,0.84853804
A0301_KLGGALQAK_IE-1_CMV_binder_TCR_12307,0,0.89527005,0.9443633,0.6833057
A0301_KLGGALQAK_IE-1_CMV_binder_TCR_12315,0,0.8968671,0.9592952,0.86660856
A0301_KLGGALQAK_IE-1_CMV_binder_TCR_1232,0,0.89618856,0.9596691,0.76231223
A0301_KLGGALQAK_IE-1_CMV_binder_TCR_12322,1,0.9035179,0.9603436,0.80526847
A0301_KLGGALQAK_IE-1_CMV_binder_TCR_12323,1,0.89708245,0.9486321,0.83926105
A0301_KLGGALQAK_IE-1_CMV_binder_TCR_12326,0,0.8951139,0.940423,0.6904535
A0301_KLGGALQAK_IE-1_CMV_binder_TCR_12332,0,0.90142107,0.9598413,0.7880221
A0301_KLGGALQAK_IE-1_CMV_binder_TCR_12363,1,0.9020328,0.97147435,0.8765784
A0301_KLGGALQAK_IE-1_CMV_binder_TCR_12400,0,0.9005348,0.9489434,0.75766534
A0301_KLGGALQAK_IE-1_CMV_binder_TCR_12404,0,0.9011224,0.9635203,0.831395
A0301_KLGGALQAK_IE-1_CMV_binder_TCR_12413,0,0.90077144,0.97054625,0.8164739
A0301_KLGGALQAK_IE-1_CMV_binder_TCR_12434,0,0.89892155,0.95510036,0.776874
A0301_KLGGALQAK_IE-1_CMV_binder_TCR_12438,1,0.90233743,0.9591434,0.85954165
A0301_KLGGALQAK_IE-1_CMV_binder_TCR_12443,1,0.90158576,0.95090723,0.777703
A0301_KLGGALQAK_IE-1_CMV_binder_TCR_1245,0,0.89227885,0.9218162,0.14878812
A0301_KLGGALQAK_IE-1_CMV_binder_TCR_12455,1,0.89296275,0.91704977,0.5196198
A0301_KLGGALQAK_IE-1_CMV_binder_TCR_12465,0,0.8916376,0.86824644,0.32639647
A0301_KLGGALQAK_IE-1_CMV_binder_TCR_12490,1,0.8946794,0.91897875,0.74201524
A0301_KLGGALQAK_IE-1_CMV_binder_TCR_12507,0,0.8988778,0.950474,0.8473487
A0301_KLGGALQAK_IE-1_CMV_binder_TCR_12508,1,0.9011489,0.9472661,0.78672385
A0301_KLGGALQAK_IE-1_CMV_binder_TCR_12526,0,0.9000216,0.9642744,0.8040438
A0301_KLGGALQAK_IE-1_CMV_binder_TCR_12530,0,0.9017792,0.9461874,0.7790297
A0301_KLGGALQAK_IE-1_CMV_binder_TCR_12556,0,0.90307367,0.95390844,0.8574747
A0301_KLGGALQAK_IE-1_CMV_binder_TCR_12572,0,0.9001333,0.97155386,0.9117857
A0301_KLGGALQAK_IE-1_CMV_binder_TCR_12587,0,0.89889,0.96153235,0.8108995
A0301_KLGGALQAK_IE-1_CMV_binder_TCR_12601,0,0.9002922,0.9738427,0.8333496
A0301_KLGGALQAK_IE-1_CMV_binder_TCR_1261,0,0.8998713,0.9288137,0.770947
A0301_KLGGALQAK_IE-1_CMV_binder_TCR_12658,0,0.8973401,0.9342664,0.6603263
A0301_KLGGALQAK_IE-1_CMV_binder_TCR_12662,0,0.9031234,0.94737655,0.8436295
A0301_KLGGALQAK_IE-1_CMV_binder_TCR_12667,0,0.8931494,0.9043363,0.86276704
A0301_KLGGALQAK_IE-1_CMV_binder_TCR_12689,1,0.89679456,0.9611985,0.8567878
A0301_KLGGALQAK_IE-1_CMV_binder_TCR_12700,0,0.90294313,0.9376607,0.8532586
A0301_KLGGALQAK_IE-1_CMV_binder_TCR_12704,0,0.89577085,0.96518785,0.95553726
A0301_KLGGALQAK_IE-1_CMV_binder_TCR_12706,0,0.89435804,0.93932563,0.5621206
A0301_KLGGALQAK_IE-1_CMV_binder_TCR_12716,0,0.8901571,0.89183784,0.4441158
A0301_KLGGALQAK_IE-1_CMV_binder_TCR_12735,0,0.8984648,0.93539673,0.80128485
A0301_KLGGALQAK_IE-1_CMV_binder_TCR_12766,1,0.8938401,0.9432218,0.8649257
A0301_KLGGALQAK_IE-1_CMV_binder_TCR_12784,0,0.90073663,0.96479666,0.8693847
A0301_KLGGALQAK_IE-1_CMV_binder_TCR_12803,0,0.89870745,0.953869,0.8461794
A0301_KLGGALQAK_IE-1_CMV_binder_TCR_12807,1,0.89763486,0.9595981,0.8382889
A0301_KLGGALQAK_IE-1_CMV_binder_TCR_12852,0,0.9009559,0.9428484,0.85488796
A0301_KLGGALQAK_IE-1_CMV_binder_TCR_12861,0,0.89866006,0.9693927,0.67646325
A0301_KLGGALQAK_IE-1_CMV_binder_TCR_12881,1,0.8947234,0.94659024,0.7978001
A0301_KLGGALQAK_IE-1_CMV_binder_TCR_12907,1,0.9020034,0.95768726,0.84022653
A0301_KLGGALQAK_IE-1_CMV_binder_TCR_12925,0,0.89338696,0.917023,0.7904074
A0301_KLGGALQAK_IE-1_CMV_binder_TCR_12984,1,0.8993476,0.93648106,0.75559866
A0301_KLGGALQAK_IE-1_CMV_binder_TCR_13019,0,0.9030632,0.9418807,0.8437679
A0301_KLGGALQAK_IE-1_CMV_binder_TCR_13034,0,0.90318036,0.9457875,0.81653875
A0301_KLGGALQAK_IE-1_CMV_binder_TCR_13060,1,0.9020497,0.8961196,0.83070534
A0301_KLGGALQAK_IE-1_CMV_binder_TCR_13068,1,0.8984536,0.9477071,0.76935834
A0301_KLGGALQAK_IE-1_CMV_binder_TCR_13069,0,0.90026087,0.9553389,0.8841111
A0301_KLGGALQAK_IE-1_CMV_binder_TCR_13098,0,0.8948618,0.9051119,0.7759571
A0301_KLGGALQAK_IE-1_CMV_binder_TCR_13105,0,0.8961322,0.9333746,0.78805166
A0301_KLGGALQAK_IE-1_CMV_binder_TCR_13111,0,0.8989566,0.94061375,0.80190074
A0301_KLGGALQAK_IE-1_CMV_binder_TCR_13128,0,0.8945817,0.9316657,0.7255183
A0301_KLGGALQAK_IE-1_CMV_binder_TCR_13211,0,0.8928264,0.91866064,0.7198783
A0301_KLGGALQAK_IE-1_CMV_binder_TCR_13234,0,0.9017129,0.9461126,0.8406112
A0301_KLGGALQAK_IE-1_CMV_binder_TCR_13262,0,0.89838856,0.9488233,0.87554383
A0301_KLGGALQAK_IE-1_CMV_binder_TCR_1327,0,0.8972353,0.9346729,0.7375131
A0301_KLGGALQAK_IE-1_CMV_binder_TCR_13282,1,0.8996472,0.9631502,0.8235961
A0301_KLGGALQAK_IE-1_CMV_binder_TCR_13299,0,0.9030441,0.94007134,0.80692434
A0301_KLGGALQAK_IE-1_CMV_binder_TCR_13340,0,0.8998504,0.95368767,0.81073654
A0301_KLGGALQAK_IE-1_CMV_binder_TCR_13369,0,0.896628,0.9213091,0.7255917
A0301_KLGGALQAK_IE-1_CMV_binder_TCR_13382,1,0.89734364,0.93952686,0.8679976
A0301_KLGGALQAK_IE-1_CMV_binder_TCR_1339,0,0.8989935,0.92025316,0.7856922
A0301_KLGGALQAK_IE-1_CMV_binder_TCR_13425,1,0.899751,0.96292347,0.8506046
A0301_KLGGALQAK_IE-1_CMV_binder_TCR_13469,1,0.8992727,0.9584238,0.7290195
A0301_KLGGALQAK_IE-1_CMV_binder_TCR_13470,0,0.8962663,0.95230424,0.86085325
A0301_KLGGALQAK_IE-1_CMV_binder_TCR_13509,1,0.8914059,0.9568371,0.87068367
A0301_KLGGALQAK_IE-1_CMV_binder_TCR_13533,0,0.89772,0.9588301,0.8855561
A0301_KLGGALQAK_IE-1_CMV_binder_TCR_13544,0,0.8941447,0.8785727,0.75150657
A0301_KLGGALQAK_IE-1_CMV_binder_TCR_13566,0,0.89959836,0.9297436,0.8473094
A0301_KLGGALQAK_IE-1_CMV_binder_TCR_13583,0,0.8991821,0.9417742,0.8203312
A0301_KLGGALQAK_IE-1_CMV_binder_TCR_13585,0,0.89939225,0.9708157,0.91484725
A0301_KLGGALQAK_IE-1_CMV_binder_TCR_13602,1,0.8969768,0.903258,0.83843696
A0301_KLGGALQAK_IE-1_CMV_binder_TCR_13605,0,0.89495504,0.9597142,0.8457791
A0301_KLGGALQAK_IE-1_CMV_binder_TCR_13627,0,0.89547217,0.9569019,0.85360616
A0301_KLGGALQAK_IE-1_CMV_binder_TCR_13633,0,0.8965605,0.95032823,0.7774786
A0301_KLGGALQAK_IE-1_CMV_binder_TCR_13646,0,0.8974343,0.9522636,0.82035875
A0301_KLGGALQAK_IE-1_CMV_binder_TCR_13651,0,0.89773786,0.935523,0.7824273
A0301_KLGGALQAK_IE-1_CMV_binder_TCR_13690,0,0.89966387,0.9636624,0.7826391
A0301_KLGGALQAK_IE-1_CMV_binder_TCR_1371,0,0.8996453,0.96094406,0.90183234
A0301_KLGGALQAK_IE-1_CMV_binder_TCR_13738,0,0.8987957,0.94423187,0.84705365
A0301_KLGGALQAK_IE-1_CMV_binder_TCR_13780,1,0.8985262,0.95995915,0.90363866
A0301_KLGGALQAK_IE-1_CMV_binder_TCR_13814,1,0.8987111,0.9292775,0.7827666
A0301_KLGGALQAK_IE-1_CMV_binder_TCR_13827,1,0.898999,0.94698447,0.8566345
A0301_KLGGALQAK_IE-1_CMV_binder_TCR_13844,0,0.89618164,0.9382405,0.79699975
A0301_KLGGALQAK_IE-1_CMV_binder_TCR_13846,1,0.8967623,0.9653516,0.8511561
A0301_KLGGALQAK_IE-1_CMV_binder_TCR_13869,0,0.8996074,0.9504023,0.88063276
A0301_KLGGALQAK_IE-1_CMV_binder_TCR_13870,0,0.89829946,0.96175355,0.85900646
A0301_KLGGALQAK_IE-1_CMV_binder_TCR_13876,1,0.89845324,0.9629323,0.87708807
A0301_KLGGALQAK_IE-1_CMV_binder_TCR_13882,0,0.8975723,0.957647,0.85895026
A0301_KLGGALQAK_IE-1_CMV_binder_TCR_1392,0,0.8952971,0.92393124,0.7587311
A0301_KLGGALQAK_IE-1_CMV_binder_TCR_13928,1,0.9005467,0.95780617,0.80829257
A0301_KLGGALQAK_IE-1_CMV_binder_TCR_13929,0,0.9022515,0.968939,0.8230333
A0301_KLGGALQAK_IE-1_CMV_binder_TCR_13931,0,0.9007701,0.9547643,0.8841399
A0301_KLGGALQAK_IE-1_CMV_binder_TCR_13966,1,0.9009253,0.96893454,0.9300377
A0301_KLGGALQAK_IE-1_CMV_binder_TCR_13979,0,0.8923062,0.9241861,0.5260823
A0301_KLGGALQAK_IE-1_CMV_binder_TCR_1398,0,0.89599234,0.95073104,0.86157334
A0301_KLGGALQAK_IE-1_CMV_binder_TCR_13997,0,0.89656556,0.938291,0.77784276
A0301_KLGGALQAK_IE-1_CMV_binder_TCR_14,1,0.89717567,0.9611899,0.81344426
A0301_KLGGALQAK_IE-1_CMV_binder_TCR_14008,0,0.9017888,0.96448207,0.87280405
A0301_KLGGALQAK_IE-1_CMV_binder_TCR_14017,0,0.89960384,0.9350734,0.828121
A0301_KLGGALQAK_IE-1_CMV_binder_TCR_14045,0,0.90411544,0.9721409,0.91034865
A0301_KLGGALQAK_IE-1_CMV_binder_TCR_14053,1,0.9028571,0.9682396,0.8834771
A0301_KLGGALQAK_IE-1_CMV_binder_TCR_14063,0,0.89677143,0.9188776,0.67390907
A0301_KLGGALQAK_IE-1_CMV_binder_TCR_14067,0,0.90167654,0.9570274,0.8675405
A0301_KLGGALQAK_IE-1_CMV_binder_TCR_14072,0,0.897762,0.9079215,0.7008667
A0301_KLGGALQAK_IE-1_CMV_binder_TCR_14074,0,0.89477396,0.91129017,0.6998816
A0301_KLGGALQAK_IE-1_CMV_binder_TCR_14090,0,0.89760417,0.909899,0.7029029
A0301_KLGGALQAK_IE-1_CMV_binder_TCR_141,0,0.8942267,0.9359173,0.7858933
A0301_KLGGALQAK_IE-1_CMV_binder_TCR_14109,0,0.902975,0.9614781,0.8214481
A0301_KLGGALQAK_IE-1_CMV_binder_TCR_14136,0,0.89407253,0.9192981,0.78191614
A0301_KLGGALQAK_IE-1_CMV_binder_TCR_14195,1,0.8981008,0.9633095,0.87672734
A0301_KLGGALQAK_IE-1_CMV_binder_TCR_14247,0,0.90153235,0.95862675,0.6327967
A0301_KLGGALQAK_IE-1_CMV_binder_TCR_14308,0,0.89565134,0.9342331,0.79229784
A0301_KLGGALQAK_IE-1_CMV_binder_TCR_14324,0,0.8985619,0.95196134,0.87562424
A0301_KLGGALQAK_IE-1_CMV_binder_TCR_14364,0,0.8955051,0.9128789,0.48372164
A0301_KLGGALQAK_IE-1_CMV_binder_TCR_14410,0,0.8975181,0.9092642,0.7673313
A0301_KLGGALQAK_IE-1_CMV_binder_TCR_14433,0,0.89983803,0.96049005,0.73860717
A0301_KLGGALQAK_IE-1_CMV_binder_TCR_1444,0,0.89537615,0.93233204,0.7486924
A0301_KLGGALQAK_IE-1_CMV_binder_TCR_14445,0,0.89497113,0.91038346,0.7363444
A0301_KLGGALQAK_IE-1_CMV_binder_TCR_14468,0,0.89690334,0.9388311,0.90011823
A0301_KLGGALQAK_IE-1_CMV_binder_TCR_14495,0,0.89623326,0.9566998,0.82080215
A0301_KLGGALQAK_IE-1_CMV_binder_TCR_145,1,0.8983909,0.9440286,0.79779595
A0301_KLGGALQAK_IE-1_CMV_binder_TCR_14516,1,0.90270835,0.96797466,0.8556912
A0301_KLGGALQAK_IE-1_CMV_binder_TCR_14526,0,0.89624774,0.94902396,0.8093036
A0301_KLGGALQAK_IE-1_CMV_binder_TCR_14548,0,0.8995155,0.9511602,0.85784805
A0301_KLGGALQAK_IE-1_CMV_binder_TCR_14572,0,0.89729756,0.93328726,0.7663282
A0301_KLGGALQAK_IE-1_CMV_binder_TCR_14575,0,0.894548,0.9263045,0.78484595
A0301_KLGGALQAK_IE-1_CMV_binder_TCR_1462,1,0.8974955,0.9423069,0.6320201
A0301_KLGGALQAK_IE-1_CMV_binder_TCR_1463,0,0.8993447,0.935935,0.9128743
A0301_KLGGALQAK_IE-1_CMV_binder_TCR_14664,0,0.89735967,0.95875484,0.8053153
A0301_KLGGALQAK_IE-1_CMV_binder_TCR_14689,1,0.90023553,0.9673765,0.83781314
A0301_KLGGALQAK_IE-1_CMV_binder_TCR_14708,1,0.9003759,0.9710803,0.8553217
A0301_KLGGALQAK_IE-1_CMV_binder_TCR_14738,0,0.8927604,0.898229,0.15690231
A0301_KLGGALQAK_IE-1_CMV_binder_TCR_14778,0,0.89018023,0.872791,0.23690434
A0301_KLGGALQAK_IE-1_CMV_binder_TCR_14791,0,0.9001713,0.9656065,0.82286763
A0301_KLGGALQAK_IE-1_CMV_binder_TCR_14852,1,0.89929193,0.9551124,0.79183364
A0301_KLGGALQAK_IE-1_CMV_binder_TCR_14866,0,0.9002402,0.94781923,0.75562614
A0301_KLGGALQAK_IE-1_CMV_binder_TCR_14870,1,0.8935152,0.9486286,0.7647978
A0301_KLGGALQAK_IE-1_CMV_binder_TCR_14889,0,0.8974439,0.9627694,0.85537755
A0301_KLGGALQAK_IE-1_CMV_binder_TCR_14896,1,0.8986787,0.9657669,0.8423059
A0301_KLGGALQAK_IE-1_CMV_binder_TCR_14897,0,0.89040756,0.88437915,0.44805166
A0301_KLGGALQAK_IE-1_CMV_binder_TCR_14906,0,0.89983904,0.95808804,0.8359712
A0301_KLGGALQAK_IE-1_CMV_binder_TCR_14976,0,0.8979198,0.91742706,0.7420965
A0301_KLGGALQAK_IE-1_CMV_binder_TCR_14997,1,0.8997595,0.9409364,0.656224
A0301_KLGGALQAK_IE-1_CMV_binder_TCR_15003,0,0.89877385,0.9708845,0.86536634
A0301_KLGGALQAK_IE-1_CMV_binder_TCR_15010,0,0.89596504,0.95812386,0.87237835
A0301_KLGGALQAK_IE-1_CMV_binder_TCR_15067,0,0.8919176,0.91237175,0.7590599
A0301_KLGGALQAK_IE-1_CMV_binder_TCR_1509,0,0.899157,0.9640937,0.8658593
A0301_KLGGALQAK_IE-1_CMV_binder_TCR_15106,0,0.8987405,0.96145606,0.764178
A0301_KLGGALQAK_IE-1_CMV_binder_TCR_15109,0,0.89982426,0.9474935,0.8593364
A0301_KLGGALQAK_IE-1_CMV_binder_TCR_15120,0,0.9007055,0.9558074,0.83517486
A0301_KLGGALQAK_IE-1_CMV_binder_TCR_1518,0,0.8938201,0.938003,0.8494532
A0301_KLGGALQAK_IE-1_CMV_binder_TCR_15228,0,0.8967333,0.94765663,0.8867249
A0301_KLGGALQAK_IE-1_CMV_binder_TCR_15239,0,0.9018423,0.9669794,0.86608696
A0301_KLGGALQAK_IE-1_CMV_binder_TCR_15250,0,0.89427567,0.9663069,0.13503093
A0301_KLGGALQAK_IE-1_CMV_binder_TCR_15278,0,0.89596045,0.9558933,0.6708853
A0301_KLGGALQAK_IE-1_CMV_binder_TCR_15282,0,0.89394915,0.9477457,0.7464602
A0301_KLGGALQAK_IE-1_CMV_binder_TCR_15283,0,0.89966375,0.9315254,0.821357
A0301_KLGGALQAK_IE-1_CMV_binder_TCR_15324,0,0.8980522,0.946295,0.64143413
A0301_KLGGALQAK_IE-1_CMV_binder_TCR_15335,0,0.9004713,0.93677706,0.794346
A0301_KLGGALQAK_IE-1_CMV_binder_TCR_15347,1,0.90041924,0.97174793,0.8349971
A0301_KLGGALQAK_IE-1_CMV_binder_TCR_15376,1,0.9027256,0.9738722,0.8355632
A0301_KLGGALQAK_IE-1_CMV_binder_TCR_15421,0,0.8966402,0.9416151,0.77559197
A0301_KLGGALQAK_IE-1_CMV_binder_TCR_15464,0,0.8996515,0.9124221,0.7493677
A0301_KLGGALQAK_IE-1_CMV_binder_TCR_15478,0,0.89888066,0.94749016,0.8570112
A0301_KLGGALQAK_IE-1_CMV_binder_TCR_15558,0,0.90018404,0.9492454,0.8851665
A0301_KLGGALQAK_IE-1_CMV_binder_TCR_15575,0,0.89865315,0.9399717,0.7744055
A0301_KLGGALQAK_IE-1_CMV_binder_TCR_1559,0,0.89530504,0.9476873,0.7988213
A0301_KLGGALQAK_IE-1_CMV_binder_TCR_15600,0,0.8985945,0.9381664,0.796581
A0301_KLGGALQAK_IE-1_CMV_binder_TCR_1561,0,0.9028015,0.931799,0.8487724
A0301_KLGGALQAK_IE-1_CMV_binder_TCR_15623,0,0.9034742,0.954312,0.8020277
A0301_KLGGALQAK_IE-1_CMV_binder_TCR_15627,0,0.8940749,0.95218295,0.76921844
A0301_KLGGALQAK_IE-1_CMV_binder_TCR_15638,0,0.8903675,0.911801,0.7198823
A0301_KLGGALQAK_IE-1_CMV_binder_TCR_15683,0,0.8951651,0.9477153,0.72886616
A0301_KLGGALQAK_IE-1_CMV_binder_TCR_15716,0,0.89820486,0.94666994,0.86269385
A0301_KLGGALQAK_IE-1_CMV_binder_TCR_15734,0,0.89671135,0.91124547,0.7695499
A0301_KLGGALQAK_IE-1_CMV_binder_TCR_15752,0,0.89812356,0.95077837,0.7519235
A0301_KLGGALQAK_IE-1_CMV_binder_TCR_15762,1,0.8929684,0.89806914,0.7017203
A0301_KLGGALQAK_IE-1_CMV_binder_TCR_15764,0,0.89807254,0.9585967,0.83950603
A0301_KLGGALQAK_IE-1_CMV_binder_TCR_15775,1,0.89616156,0.9506434,0.81191903
A0301_KLGGALQAK_IE-1_CMV_binder_TCR_15776,0,0.89834344,0.9295768,0.80541515
A0301_KLGGALQAK_IE-1_CMV_binder_TCR_15781,0,0.90005434,0.95478755,0.7200522
A0301_KLGGALQAK_IE-1_CMV_binder_TCR_15807,1,0.9015881,0.9543601,0.8618653
A0301_KLGGALQAK_IE-1_CMV_binder_TCR_15810,1,0.8998056,0.956505,0.87520957
A0301_KLGGALQAK_IE-1_CMV_binder_TCR_15816,0,0.8964734,0.9543002,0.76165944
A0301_KLGGALQAK_IE-1_CMV_binder_TCR_15820,1,0.90149903,0.96415794,0.8903701
A0301_KLGGALQAK_IE-1_CMV_binder_TCR_1584,0,0.9028433,0.97729594,0.85569185
A0301_KLGGALQAK_IE-1_CMV_binder_TCR_15858,1,0.89218557,0.8820402,0.79187685
A0301_KLGGALQAK_IE-1_CMV_binder_TCR_15877,0,0.89452827,0.8868309,0.6394684
A0301_KLGGALQAK_IE-1_CMV_binder_TCR_15894,0,0.90161556,0.9675915,0.92186964
A0301_KLGGALQAK_IE-1_CMV_binder_TCR_15897,0,0.8970933,0.93167657,0.8007486
A0301_KLGGALQAK_IE-1_CMV_binder_TCR_15922,0,0.8981378,0.914808,0.86914855
A0301_KLGGALQAK_IE-1_CMV_binder_TCR_15953,0,0.9002306,0.9566647,0.81027496
A0301_KLGGALQAK_IE-1_CMV_binder_TCR_15974,0,0.901539,0.9427563,0.84483665
A0301_KLGGALQAK_IE-1_CMV_binder_TCR_16015,1,0.89813745,0.94930655,0.78229
A0301_KLGGALQAK_IE-1_CMV_binder_TCR_1603,1,0.8974461,0.90264434,0.7897833
A0301_KLGGALQAK_IE-1_CMV_binder_TCR_16031,0,0.9014659,0.96270156,0.8485931
A0301_KLGGALQAK_IE-1_CMV_binder_TCR_1605,0,0.9018214,0.956207,0.8404949
A0301_KLGGALQAK_IE-1_CMV_binder_TCR_16065,1,0.89563787,0.9416201,0.5904283
A0301_KLGGALQAK_IE-1_CMV_binder_TCR_16073,0,0.89770424,0.946996,0.82806057
A0301_KLGGALQAK_IE-1_CMV_binder_TCR_16131,0,0.8959574,0.94941044,0.7906157
A0301_KLGGALQAK_IE-1_CMV_binder_TCR_1614,1,0.8993453,0.94394827,0.8095321
A0301_KLGGALQAK_IE-1_CMV_binder_TCR_16178,0,0.89890677,0.95118034,0.7934632
A0301_KLGGALQAK_IE-1_CMV_binder_TCR_16193,0,0.89763767,0.943848,0.79298633
A0301_KLGGALQAK_IE-1_CMV_binder_TCR_16205,0,0.8987761,0.9628946,0.88212574
A0301_KLGGALQAK_IE-1_CMV_binder_TCR_16208,1,0.8944925,0.94214916,0.69038147
A0301_KLGGALQAK_IE-1_CMV_binder_TCR_16229,0,0.89915526,0.92406493,0.61559516
A0301_KLGGALQAK_IE-1_CMV_binder_TCR_1623,0,0.8996598,0.9495511,0.7701353
A0301_KLGGALQAK_IE-1_CMV_binder_TCR_16273,0,0.89588344,0.9531685,0.5022064
A0301_KLGGALQAK_IE-1_CMV_binder_TCR_16274,0,0.8997152,0.9583987,0.72638017
A0301_KLGGALQAK_IE-1_CMV_binder_TCR_16299,0,0.8983787,0.95440096,0.87056035
A0301_KLGGALQAK_IE-1_CMV_binder_TCR_16340,0,0.89806885,0.9605054,0.85346407
A0301_KLGGALQAK_IE-1_CMV_binder_TCR_16361,0,0.896386,0.9413527,0.85276765
A0301_KLGGALQAK_IE-1_CMV_binder_TCR_1638,1,0.9004995,0.9671363,0.8626325
A0301_KLGGALQAK_IE-1_CMV_binder_TCR_16382,0,0.9009017,0.9515215,0.8475129
A0301_KLGGALQAK_IE-1_CMV_binder_TCR_164,0,0.89841455,0.943574,0.8413894
A0301_KLGGALQAK_IE-1_CMV_binder_TCR_16409,0,0.8966821,0.9592132,0.8033983
A0301_KLGGALQAK_IE-1_CMV_binder_TCR_16427,0,0.9019009,0.95427275,0.6772331
A0301_KLGGALQAK_IE-1_CMV_binder_TCR_16429,1,0.9013077,0.94533116,0.78425765
A0301_KLGGALQAK_IE-1_CMV_binder_TCR_16431,0,0.8991273,0.9744381,0.76568496
A0301_KLGGALQAK_IE-1_CMV_binder_TCR_16444,0,0.89941597,0.9672436,0.8399831
A0301_KLGGALQAK_IE-1_CMV_binder_TCR_16461,0,0.9000011,0.93973076,0.8717685
A0301_KLGGALQAK_IE-1_CMV_binder_TCR_16465,1,0.89882,0.9615817,0.8219147
A0301_KLGGALQAK_IE-1_CMV_binder_TCR_16501,1,0.898001,0.9295044,0.85952455
A0301_KLGGALQAK_IE-1_CMV_binder_TCR_1652,0,0.8991358,0.94046676,0.8026981
A0301_KLGGALQAK_IE-1_CMV_binder_TCR_16521,1,0.901859,0.9567083,0.8890762
A0301_KLGGALQAK_IE-1_CMV_binder_TCR_16528,0,0.8969132,0.947835,0.857328
A0301_KLGGALQAK_IE-1_CMV_binder_TCR_16546,0,0.8955079,0.900021,0.7882594
A0301_KLGGALQAK_IE-1_CMV_binder_TCR_16570,1,0.8992174,0.95102865,0.85860413
A0301_KLGGALQAK_IE-1_CMV_binder_TCR_16582,0,0.900922,0.95716494,0.8170122
A0301_KLGGALQAK_IE-1_CMV_binder_TCR_16603,1,0.89903426,0.9334571,0.8499794
A0301_KLGGALQAK_IE-1_CMV_binder_TCR_1661,1,0.89701444,0.9521512,0.809176
A0301_KLGGALQAK_IE-1_CMV_binder_TCR_16633,0,0.897652,0.9472211,0.83072305
A0301_KLGGALQAK_IE-1_CMV_binder_TCR_16671,0,0.90091366,0.93755525,0.8192395
A0301_KLGGALQAK_IE-1_CMV_binder_TCR_16681,1,0.9027926,0.929985,0.8298567
A0301_KLGGALQAK_IE-1_CMV_binder_TCR_16687,0,0.89796525,0.9152359,0.68054533
A0301_KLGGALQAK_IE-1_CMV_binder_TCR_16719,1,0.90413344,0.9469698,0.7997169
A0301_KLGGALQAK_IE-1_CMV_binder_TCR_1672,1,0.89867336,0.96069497,0.8065742
A0301_KLGGALQAK_IE-1_CMV_binder_TCR_16751,0,0.9017675,0.96547925,0.83427215
A0301_KLGGALQAK_IE-1_CMV_binder_TCR_16758,0,0.900328,0.9622943,0.8294839
A0301_KLGGALQAK_IE-1_CMV_binder_TCR_16791,1,0.89788043,0.9642482,0.885243
A0301_KLGGALQAK_IE-1_CMV_binder_TCR_1684,1,0.89898384,0.96203756,0.84601325
A0301_KLGGALQAK_IE-1_CMV_binder_TCR_16844,0,0.9001535,0.96447897,0.8740434
A0301_KLGGALQAK_IE-1_CMV_binder_TCR_16862,0,0.89990044,0.9626596,0.83035636
A0301_KLGGALQAK_IE-1_CMV_binder_TCR_16873,0,0.89722925,0.95685893,0.84783435
A0301_KLGGALQAK_IE-1_CMV_binder_TCR_16892,0,0.8973304,0.9450459,0.7577889
A0301_KLGGALQAK_IE-1_CMV_binder_TCR_16917,1,0.9006451,0.9437946,0.7480801
A0301_KLGGALQAK_IE-1_CMV_binder_TCR_16918,0,0.8981737,0.9391787,0.86036485
A0301_KLGGALQAK_IE-1_CMV_binder_TCR_1694,0,0.8989564,0.9244027,0.7795296
A0301_KLGGALQAK_IE-1_CMV_binder_TCR_16980,0,0.8994638,0.96165895,0.6752288
A0301_KLGGALQAK_IE-1_CMV_binder_TCR_17017,0,0.8975203,0.897041,0.70372206
A0301_KLGGALQAK_IE-1_CMV_binder_TCR_17045,1,0.89919305,0.9620252,0.81697136
A0301_KLGGALQAK_IE-1_CMV_binder_TCR_17054,1,0.8956187,0.8932617,0.7338412
A0301_KLGGALQAK_IE-1_CMV_binder_TCR_17066,0,0.9016521,0.974588,0.87555844
A0301_KLGGALQAK_IE-1_CMV_binder_TCR_17079,1,0.90267855,0.94080067,0.8312202
A0301_KLGGALQAK_IE-1_CMV_binder_TCR_17132,0,0.8964319,0.9581655,0.84885496
A0301_KLGGALQAK_IE-1_CMV_binder_TCR_17138,0,0.8987979,0.9597684,0.8643448
A0301_KLGGALQAK_IE-1_CMV_binder_TCR_1715,0,0.89698577,0.95216185,0.8847448
A0301_KLGGALQAK_IE-1_CMV_binder_TCR_17155,1,0.89996976,0.9621666,0.8342817
A0301_KLGGALQAK_IE-1_CMV_binder_TCR_17159,1,0.898663,0.9436151,0.8308161
A0301_KLGGALQAK_IE-1_CMV_binder_TCR_17168,0,0.8997666,0.955694,0.83372563
A0301_KLGGALQAK_IE-1_CMV_binder_TCR_17179,0,0.8985953,0.96427274,0.8747603
A0301_KLGGALQAK_IE-1_CMV_binder_TCR_1718,0,0.89721626,0.95160764,0.8225314
A0301_KLGGALQAK_IE-1_CMV_binder_TCR_17182,0,0.8952243,0.918854,0.81896776
A0301_KLGGALQAK_IE-1_CMV_binder_TCR_17213,0,0.8999083,0.97159123,0.8595242
A0301_KLGGALQAK_IE-1_CMV_binder_TCR_17221,0,0.8988587,0.9538243,0.79153883
A0301_KLGGALQAK_IE-1_CMV_binder_TCR_17239,0,0.89910114,0.9281492,0.7968639
A0301_KLGGALQAK_IE-1_CMV_binder_TCR_17264,0,0.8945465,0.9407588,0.820031
A0301_KLGGALQAK_IE-1_CMV_binder_TCR_17269,0,0.8942156,0.93400073,0.67398435
A0301_KLGGALQAK_IE-1_CMV_binder_TCR_17322,0,0.89232403,0.9542,0.7923368
A0301_KLGGALQAK_IE-1_CMV_binder_TCR_17333,1,0.89269644,0.92290455,2.918065e-08
A0301_KLGGALQAK_IE-1_CMV_binder_TCR_17345,0,0.8990051,0.9557721,0.8004142
A0301_KLGGALQAK_IE-1_CMV_binder_TCR_17355,0,0.89693767,0.9664863,0.9102263
A0301_KLGGALQAK_IE-1_CMV_binder_TCR_17368,1,0.905226,0.9588554,0.8795667
A0301_KLGGALQAK_IE-1_CMV_binder_TCR_17369,0,0.8980997,0.9511927,0.757458
A0301_KLGGALQAK_IE-1_CMV_binder_TCR_17375,0,0.9013785,0.96522254,0.8702676
A0301_KLGGALQAK_IE-1_CMV_binder_TCR_1745,0,0.8969664,0.96250176,0.84335166
A0301_KLGGALQAK_IE-1_CMV_binder_TCR_17456,1,0.89981973,0.9396618,0.8352599
A0301_KLGGALQAK_IE-1_CMV_binder_TCR_17464,1,0.89592505,0.94573087,0.7847413
A0301_KLGGALQAK_IE-1_CMV_binder_TCR_17477,0,0.8976719,0.9600819,0.7895608
A0301_KLGGALQAK_IE-1_CMV_binder_TCR_17479,1,0.8994908,0.9485355,0.8287498
A0301_KLGGALQAK_IE-1_CMV_binder_TCR_17493,0,0.9007228,0.97670484,0.9141799
A0301_KLGGALQAK_IE-1_CMV_binder_TCR_17496,0,0.89839983,0.96879727,0.75217855
A0301_KLGGALQAK_IE-1_CMV_binder_TCR_17498,0,0.8999352,0.95184994,0.8183578
A0301_KLGGALQAK_IE-1_CMV_binder_TCR_17523,0,0.9010482,0.9586967,0.8650031
A0301_KLGGALQAK_IE-1_CMV_binder_TCR_17550,1,0.89431053,0.96343565,0.79190344
A0301_KLGGALQAK_IE-1_CMV_binder_TCR_17552,1,0.8986389,0.9645922,0.85103625
A0301_KLGGALQAK_IE-1_CMV_binder_TCR_17570,1,0.9028198,0.9756929,0.8149305
A0301_KLGGALQAK_IE-1_CMV_binder_TCR_17605,0,0.89931893,0.96896076,0.86008483
A0301_KLGGALQAK_IE-1_CMV_binder_TCR_17649,1,0.8950625,0.9408388,0.81068283
A0301_KLGGALQAK_IE-1_CMV_binder_TCR_17669,0,0.8978228,0.9418397,0.78247315
A0301_KLGGALQAK_IE-1_CMV_binder_TCR_17690,0,0.9035751,0.95287645,0.8214258
A0301_KLGGALQAK_IE-1_CMV_binder_TCR_17704,0,0.8969649,0.942467,0.7886402
A0301_KLGGALQAK_IE-1_CMV_binder_TCR_17706,0,0.8954341,0.9539976,0.76584435
A0301_KLGGALQAK_IE-1_CMV_binder_TCR_17715,0,0.90035117,0.9394936,0.852477
A0301_KLGGALQAK_IE-1_CMV_binder_TCR_17723,1,0.89859825,0.9379573,0.82032937
A0301_KLGGALQAK_IE-1_CMV_binder_TCR_17734,1,0.90011364,0.95811146,0.87896335
A0301_KLGGALQAK_IE-1_CMV_binder_TCR_17758,0,0.8972371,0.912837,0.8407535
A0301_KLGGALQAK_IE-1_CMV_binder_TCR_17764,0,0.896842,0.9576767,0.7238889
A0301_KLGGALQAK_IE-1_CMV_binder_TCR_17765,0,0.90113497,0.9647675,0.8459344
A0301_KLGGALQAK_IE-1_CMV_binder_TCR_17780,0,0.89654064,0.9372337,0.8004446
A0301_KLGGALQAK_IE-1_CMV_binder_TCR_17784,0,0.8976301,0.96683115,0.88928455
A0301_KLGGALQAK_IE-1_CMV_binder_TCR_17793,0,0.89742273,0.94282156,0.79623014
A0301_KLGGALQAK_IE-1_CMV_binder_TCR_17794,1,0.89305305,0.9656208,0.84453106
A0301_KLGGALQAK_IE-1_CMV_binder_TCR_17803,0,0.8927874,0.93311846,0.7022471
A0301_KLGGALQAK_IE-1_CMV_binder_TCR_17807,0,0.8960243,0.93309283,0.7296131
A0301_KLGGALQAK_IE-1_CMV_binder_TCR_17837,0,0.8916422,0.9126778,0.8202205
A0301_KLGGALQAK_IE-1_CMV_binder_TCR_17887,0,0.89391094,0.9439162,0.7960099
A0301_KLGGALQAK_IE-1_CMV_binder_TCR_17897,0,0.8974002,0.90094966,0.78708905
A0301_KLGGALQAK_IE-1_CMV_binder_TCR_179,0,0.896379,0.9212292,0.83516663
A0301_KLGGALQAK_IE-1_CMV_binder_TCR_17901,0,0.90069014,0.9312927,0.3251889
A0301_KLGGALQAK_IE-1_CMV_binder_TCR_1796,0,0.8960663,0.94823176,0.82277185
A0301_KLGGALQAK_IE-1_CMV_binder_TCR_1797,1,0.8992102,0.9558518,0.8850441
A0301_KLGGALQAK_IE-1_CMV_binder_TCR_17979,0,0.8981755,0.9587848,0.79317224
A0301_KLGGALQAK_IE-1_CMV_binder_TCR_18008,0,0.8946979,0.9105412,0.7612562
A0301_KLGGALQAK_IE-1_CMV_binder_TCR_18020,0,0.89854956,0.9196609,0.812345
A0301_KLGGALQAK_IE-1_CMV_binder_TCR_18042,0,0.8988021,0.9748043,0.8650141
A0301_KLGGALQAK_IE-1_CMV_binder_TCR_18058,0,0.89727837,0.91809094,0.8577807
A0301_KLGGALQAK_IE-1_CMV_binder_TCR_18064,0,0.9008893,0.9569088,0.9273539
A0301_KLGGALQAK_IE-1_CMV_binder_TCR_18089,0,0.8985027,0.9617778,0.86328113
A0301_KLGGALQAK_IE-1_CMV_binder_TCR_18114,0,0.89595395,0.94216746,0.87960684
A0301_KLGGALQAK_IE-1_CMV_binder_TCR_18135,0,0.90003175,0.9606052,0.8230944
A0301_KLGGALQAK_IE-1_CMV_binder_TCR_18147,0,0.90349287,0.96472514,0.85172594
A0301_KLGGALQAK_IE-1_CMV_binder_TCR_18150,0,0.9028138,0.97261816,0.87645596
A0301_KLGGALQAK_IE-1_CMV_binder_TCR_18249,0,0.9003392,0.94305634,0.73880273
A0301_KLGGALQAK_IE-1_CMV_binder_TCR_18262,0,0.89426315,0.94393516,0.7257507
A0301_KLGGALQAK_IE-1_CMV_binder_TCR_18303,1,0.90311956,0.9584531,0.87203246
A0301_KLGGALQAK_IE-1_CMV_binder_TCR_18339,0,0.89945376,0.95094055,0.7664511
A0301_KLGGALQAK_IE-1_CMV_binder_TCR_18349,1,0.8970286,0.93975157,0.824036
A0301_KLGGALQAK_IE-1_CMV_binder_TCR_18370,1,0.8979785,0.9604451,0.8757947
A0301_KLGGALQAK_IE-1_CMV_binder_TCR_18383,0,0.900058,0.9507636,0.84673697
A0301_KLGGALQAK_IE-1_CMV_binder_TCR_18399,0,0.89833343,0.96584576,0.80078155
A0301_KLGGALQAK_IE-1_CMV_binder_TCR_18411,1,0.894892,0.94919944,0.97355914
A0301_KLGGALQAK_IE-1_CMV_binder_TCR_18420,0,0.90331036,0.97565734,0.86102283
A0301_KLGGALQAK_IE-1_CMV_binder_TCR_18422,0,0.9010026,0.9508141,0.8810353
A0301_KLGGALQAK_IE-1_CMV_binder_TCR_1845,0,0.8994903,0.9611245,0.86330086
A0301_KLGGALQAK_IE-1_CMV_binder_TCR_18452,0,0.90269023,0.97012424,0.8487871
A0301_KLGGALQAK_IE-1_CMV_binder_TCR_18493,1,0.8969772,0.93643814,0.79410744
A0301_KLGGALQAK_IE-1_CMV_binder_TCR_18497,0,0.89510435,0.93816733,0.85722154
A0301_KLGGALQAK_IE-1_CMV_binder_TCR_18503,1,0.89724326,0.9519704,0.7793088
A0301_KLGGALQAK_IE-1_CMV_binder_TCR_18510,1,0.89344066,0.96402353,0.9534971
A0301_KLGGALQAK_IE-1_CMV_binder_TCR_18530,0,0.89928675,0.9473042,0.8089233
A0301_KLGGALQAK_IE-1_CMV_binder_TCR_18541,0,0.8986953,0.96472913,0.7168488
A0301_KLGGALQAK_IE-1_CMV_binder_TCR_18567,1,0.89648086,0.95334506,0.843587
A0301_KLGGALQAK_IE-1_CMV_binder_TCR_18572,0,0.8946941,0.9267612,0.69871473
A0301_KLGGALQAK_IE-1_CMV_binder_TCR_18589,1,0.8946342,0.9281451,0.6959694
A0301_KLGGALQAK_IE-1_CMV_binder_TCR_18626,0,0.90259165,0.9489896,0.8102378
A0301_KLGGALQAK_IE-1_CMV_binder_TCR_18652,0,0.8984058,0.9749052,0.90151346
A0301_KLGGALQAK_IE-1_CMV_binder_TCR_18669,1,0.8990584,0.93944526,0.8361604
A0301_KLGGALQAK_IE-1_CMV_binder_TCR_1867,0,0.8988907,0.9689034,0.8435589
A0301_KLGGALQAK_IE-1_CMV_binder_TCR_1868,1,0.89827305,0.916503,0.7461177
A0301_KLGGALQAK_IE-1_CMV_binder_TCR_18689,0,0.89541626,0.9167745,0.67857015
A0301_KLGGALQAK_IE-1_CMV_binder_TCR_18707,0,0.8971944,0.9337537,0.80587596
A0301_KLGGALQAK_IE-1_CMV_binder_TCR_18711,1,0.89367944,0.9567565,0.66443443
A0301_KLGGALQAK_IE-1_CMV_binder_TCR_18731,0,0.90029466,0.95892346,0.8079662
A0301_KLGGALQAK_IE-1_CMV_binder_TCR_18735,1,0.8992126,0.9631622,0.8477303
A0301_KLGGALQAK_IE-1_CMV_binder_TCR_18753,0,0.89802384,0.9335656,0.79346734
A0301_KLGGALQAK_IE-1_CMV_binder_TCR_1883,0,0.89647996,0.94420236,0.84666383
A0301_KLGGALQAK_IE-1_CMV_binder_TCR_1884,0,0.8957142,0.9474342,0.79624724
A0301_KLGGALQAK_IE-1_CMV_binder_TCR_1890,0,0.8996179,0.9645934,0.8763405
A0301_KLGGALQAK_IE-1_CMV_binder_TCR_1891,1,0.89819974,0.9578945,0.871182
A0301_KLGGALQAK_IE-1_CMV_binder_TCR_18913,0,0.8946382,0.95467293,0.75061685
A0301_KLGGALQAK_IE-1_CMV_binder_TCR_18953,0,0.89805895,0.9483185,0.81660146
A0301_KLGGALQAK_IE-1_CMV_binder_TCR_18958,1,0.89973545,0.9477079,0.7844852
A0301_KLGGALQAK_IE-1_CMV_binder_TCR_18960,0,0.90211064,0.9541571,0.8377779
A0301_KLGGALQAK_IE-1_CMV_binder_TCR_18994,0,0.8983799,0.95730793,0.8258706
A0301_KLGGALQAK_IE-1_CMV_binder_TCR_19022,0,0.90431845,0.95682836,0.9427027
A0301_KLGGALQAK_IE-1_CMV_binder_TCR_19024,0,0.900761,0.97118527,0.8453421
A0301_KLGGALQAK_IE-1_CMV_binder_TCR_19045,1,0.8942749,0.9467756,0.5922259
A0301_KLGGALQAK_IE-1_CMV_binder_TCR_19057,0,0.9006796,0.9641983,0.86757195
A0301_KLGGALQAK_IE-1_CMV_binder_TCR_1906,0,0.89868337,0.9685703,0.80634737
A0301_KLGGALQAK_IE-1_CMV_binder_TCR_19063,0,0.8974508,0.97504616,0.8378065
A0301_KLGGALQAK_IE-1_CMV_binder_TCR_19064,1,0.90013784,0.95318234,0.7921236
A0301_KLGGALQAK_IE-1_CMV_binder_TCR_19072,1,0.89297706,0.9360497,0.7253948
A0301_KLGGALQAK_IE-1_CMV_binder_TCR_19082,1,0.90303546,0.94500923,0.85803723
A0301_KLGGALQAK_IE-1_CMV_binder_TCR_19098,0,0.8917611,0.9259085,0.74532926
A0301_KLGGALQAK_IE-1_CMV_binder_TCR_1910,0,0.89629215,0.95769,0.80825275
A0301_KLGGALQAK_IE-1_CMV_binder_TCR_19102,0,0.89466625,0.9530939,0.93046355
A0301_KLGGALQAK_IE-1_CMV_binder_TCR_19125,1,0.9015275,0.9599608,0.7659892
A0301_KLGGALQAK_IE-1_CMV_binder_TCR_19127,0,0.89622647,0.9365203,0.80724114
A0301_KLGGALQAK_IE-1_CMV_binder_TCR_1913,1,0.8984844,0.9425666,0.8434665
A0301_KLGGALQAK_IE-1_CMV_binder_TCR_19139,0,0.89457095,0.9532874,0.86044496
A0301_KLGGALQAK_IE-1_CMV_binder_TCR_19146,1,0.89514613,0.9387981,0.7739118
A0301_KLGGALQAK_IE-1_CMV_binder_TCR_19192,0,0.89844793,0.9530919,0.7641801
A0301_KLGGALQAK_IE-1_CMV_binder_TCR_192,0,0.8927282,0.90943843,0.7331555
A0301_KLGGALQAK_IE-1_CMV_binder_TCR_19206,0,0.8946132,0.95611197,0.8647774
A0301_KLGGALQAK_IE-1_CMV_binder_TCR_19210,0,0.90054554,0.9641048,0.7845691
A0301_KLGGALQAK_IE-1_CMV_binder_TCR_19230,0,0.8963296,0.90405357,0.71686476
A0301_KLGGALQAK_IE-1_CMV_binder_TCR_19245,1,0.8996102,0.9757894,0.85883534
A0301_KLGGALQAK_IE-1_CMV_binder_TCR_1925,0,0.8983386,0.9496597,0.8065127
A0301_KLGGALQAK_IE-1_CMV_binder_TCR_19250,1,0.89896774,0.9641626,0.8392074
A0301_KLGGALQAK_IE-1_CMV_binder_TCR_19255,0,0.8927706,0.95006925,0.7626511
A0301_KLGGALQAK_IE-1_CMV_binder_TCR_19276,1,0.89809126,0.9241697,0.8134892
A0301_KLGGALQAK_IE-1_CMV_binder_TCR_19343,1,0.89791965,0.9409217,0.83240765
A0301_KLGGALQAK_IE-1_CMV_binder_TCR_19351,0,0.8969431,0.94233674,0.8643673
A0301_KLGGALQAK_IE-1_CMV_binder_TCR_19365,0,0.89856017,0.94798654,0.7835575
A0301_KLGGALQAK_IE-1_CMV_binder_TCR_19384,0,0.89855725,0.9689686,0.8260434
A0301_KLGGALQAK_IE-1_CMV_binder_TCR_19385,0,0.8928849,0.91972566,0.6729765
A0301_KLGGALQAK_IE-1_CMV_binder_TCR_19390,1,0.89657646,0.96142346,0.74832803
A0301_KLGGALQAK_IE-1_CMV_binder_TCR_19416,0,0.89691716,0.9601652,0.7979058
A0301_KLGGALQAK_IE-1_CMV_binder_TCR_19444,0,0.8938101,0.937258,0.78788686
A0301_KLGGALQAK_IE-1_CMV_binder_TCR_19460,0,0.90101296,0.9510148,0.8157755
A0301_KLGGALQAK_IE-1_CMV_binder_TCR_1953,1,0.8975711,0.92287856,0.772323
A0301_KLGGALQAK_IE-1_CMV_binder_TCR_19537,0,0.90356386,0.9642834,0.86876327
A0301_KLGGALQAK_IE-1_CMV_binder_TCR_19544,1,0.901308,0.966648,0.7964067
A0301_KLGGALQAK_IE-1_CMV_binder_TCR_19550,0,0.89574593,0.9414915,0.84601146
A0301_KLGGALQAK_IE-1_CMV_binder_TCR_19561,0,0.8991793,0.95886695,0.79040456
A0301_KLGGALQAK_IE-1_CMV_binder_TCR_19579,1,0.9020902,0.958911,0.84813154
A0301_KLGGALQAK_IE-1_CMV_binder_TCR_1961,1,0.89949155,0.9627598,0.9280338
A0301_KLGGALQAK_IE-1_CMV_binder_TCR_19620,0,0.8955407,0.9478851,0.80116004
A0301_KLGGALQAK_IE-1_CMV_binder_TCR_19621,1,0.8995097,0.95349145,0.85454476
A0301_KLGGALQAK_IE-1_CMV_binder_TCR_19636,1,0.8948999,0.92309576,0.79304063
A0301_KLGGALQAK_IE-1_CMV_binder_TCR_1966,1,0.90091735,0.9472285,0.87074894
A0301_KLGGALQAK_IE-1_CMV_binder_TCR_19660,0,0.8969605,0.9242435,0.8345122
A0301_KLGGALQAK_IE-1_CMV_binder_TCR_19678,0,0.89313984,0.95106834,0.7612275
A0301_KLGGALQAK_IE-1_CMV_binder_TCR_19715,0,0.9010445,0.96448284,0.90951425
A0301_KLGGALQAK_IE-1_CMV_binder_TCR_19716,0,0.8957255,0.9179237,0.8298439
A0301_KLGGALQAK_IE-1_CMV_binder_TCR_19733,1,0.89529335,0.93017215,0.75381726
A0301_KLGGALQAK_IE-1_CMV_binder_TCR_19839,0,0.895901,0.9595563,0.7934256
A0301_KLGGALQAK_IE-1_CMV_binder_TCR_19846,0,0.8972362,0.92078316,0.80993074
A0301_KLGGALQAK_IE-1_CMV_binder_TCR_19866,0,0.89602035,0.95222,0.7971778
A0301_KLGGALQAK_IE-1_CMV_binder_TCR_19867,0,0.89755046,0.9543182,0.86957544
A0301_KLGGALQAK_IE-1_CMV_binder_TCR_19872,0,0.89253217,0.8944251,0.7663699
A0301_KLGGALQAK_IE-1_CMV_binder_TCR_19897,0,0.89652836,0.9532608,0.9133967
A0301_KLGGALQAK_IE-1_CMV_binder_TCR_19937,1,0.8970457,0.9567682,0.8432133
A0301_KLGGALQAK_IE-1_CMV_binder_TCR_19939,0,0.8977099,0.9479056,0.7935746
A0301_KLGGALQAK_IE-1_CMV_binder_TCR_19967,1,0.8974299,0.9609615,0.6995705
A0301_KLGGALQAK_IE-1_CMV_binder_TCR_19971,1,0.8952333,0.96551013,0.7343158
A0301_KLGGALQAK_IE-1_CMV_binder_TCR_19980,0,0.8910619,0.897588,0.3832541
A0301_KLGGALQAK_IE-1_CMV_binder_TCR_20,1,0.8985846,0.9487635,0.6456904
A0301_KLGGALQAK_IE-1_CMV_binder_TCR_20039,0,0.89159983,0.90291387,0.7365864
A0301_KLGGALQAK_IE-1_CMV_binder_TCR_20079,0,0.8995772,0.951931,0.817626
A0301_KLGGALQAK_IE-1_CMV_binder_TCR_20103,0,0.9022793,0.95253086,0.875196
A0301_KLGGALQAK_IE-1_CMV_binder_TCR_20168,1,0.8945714,0.9345686,0.755902
A0301_KLGGALQAK_IE-1_CMV_binder_TCR_20256,0,0.8962958,0.916131,0.7244425
A0301_KLGGALQAK_IE-1_CMV_binder_TCR_20259,1,0.8971306,0.9529243,0.814914
A0301_KLGGALQAK_IE-1_CMV_binder_TCR_20264,0,0.900033,0.9730665,0.849168
A0301_KLGGALQAK_IE-1_CMV_binder_TCR_20265,0,0.8940272,0.91827506,0.66008884
A0301_KLGGALQAK_IE-1_CMV_binder_TCR_2029,1,0.90064824,0.9597461,0.87379414
A0301_KLGGALQAK_IE-1_CMV_binder_TCR_20301,0,0.8953706,0.9287972,0.74032676
A0301_KLGGALQAK_IE-1_CMV_binder_TCR_20340,1,0.8997456,0.95848423,0.81637084
A0301_KLGGALQAK_IE-1_CMV_binder_TCR_20348,0,0.9014158,0.9549608,0.7636949
A0301_KLGGALQAK_IE-1_CMV_binder_TCR_20372,0,0.9024389,0.9672705,0.8286127
A0301_KLGGALQAK_IE-1_CMV_binder_TCR_20373,1,0.9054079,0.9485194,0.94555956
A0301_KLGGALQAK_IE-1_CMV_binder_TCR_20385,0,0.9012725,0.9676046,0.86113906
A0301_KLGGALQAK_IE-1_CMV_binder_TCR_20410,1,0.8965577,0.9443167,0.8071137
A0301_KLGGALQAK_IE-1_CMV_binder_TCR_20419,0,0.89838356,0.9649823,0.8900374
A0301_KLGGALQAK_IE-1_CMV_binder_TCR_20422,1,0.89647585,0.91693074,0.7187317
A0301_KLGGALQAK_IE-1_CMV_binder_TCR_20424,1,0.89968956,0.95791847,0.8261926
A0301_KLGGALQAK_IE-1_CMV_binder_TCR_20425,1,0.8932248,0.9306126,0.74409956
A0301_KLGGALQAK_IE-1_CMV_binder_TCR_20441,0,0.89984995,0.9483381,0.8172444
A0301_KLGGALQAK_IE-1_CMV_binder_TCR_20469,0,0.902167,0.9650654,0.85479087
A0301_KLGGALQAK_IE-1_CMV_binder_TCR_20507,0,0.90001965,0.96200305,0.8261831
A0301_KLGGALQAK_IE-1_CMV_binder_TCR_20510,0,0.89929223,0.947002,0.7614954
A0301_KLGGALQAK_IE-1_CMV_binder_TCR_20515,0,0.8966649,0.9230575,0.78607255
A0301_KLGGALQAK_IE-1_CMV_binder_TCR_20518,0,0.89468086,0.9218504,0.8227961
A0301_KLGGALQAK_IE-1_CMV_binder_TCR_20543,0,0.89212674,0.93739164,0.7056413
A0301_KLGGALQAK_IE-1_CMV_binder_TCR_20563,0,0.8954441,0.95672876,0.8641781
A0301_KLGGALQAK_IE-1_CMV_binder_TCR_20606,1,0.8972398,0.93908936,0.7409625
A0301_KLGGALQAK_IE-1_CMV_binder_TCR_20617,0,0.88993335,0.9142936,0.63384914
A0301_KLGGALQAK_IE-1_CMV_binder_TCR_20620,0,0.8983328,0.9535227,0.7923247
A0301_KLGGALQAK_IE-1_CMV_binder_TCR_20625,1,0.89549917,0.8959838,0.498776
A0301_KLGGALQAK_IE-1_CMV_binder_TCR_20628,0,0.8997353,0.9214583,0.8832451
A0301_KLGGALQAK_IE-1_CMV_binder_TCR_20644,0,0.89544916,0.9525939,0.8076522
A0301_KLGGALQAK_IE-1_CMV_binder_TCR_2066,0,0.89482945,0.89654344,0.6639178
A0301_KLGGALQAK_IE-1_CMV_binder_TCR_20680,1,0.8956083,0.9460322,0.8326209
A0301_KLGGALQAK_IE-1_CMV_binder_TCR_20714,0,0.8976372,0.9718248,0.72095376
A0301_KLGGALQAK_IE-1_CMV_binder_TCR_20719,1,0.8974912,0.9448163,0.75324017
A0301_KLGGALQAK_IE-1_CMV_binder_TCR_20737,0,0.89734256,0.9538834,0.8592594
A0301_KLGGALQAK_IE-1_CMV_binder_TCR_2074,0,0.8981254,0.93526417,0.736505
A0301_KLGGALQAK_IE-1_CMV_binder_TCR_20776,1,0.8951161,0.93463135,0.843752
A0301_KLGGALQAK_IE-1_CMV_binder_TCR_20780,0,0.897271,0.95227194,0.8495095
A0301_KLGGALQAK_IE-1_CMV_binder_TCR_20811,0,0.8958597,0.9420474,0.8312963
A0301_KLGGALQAK_IE-1_CMV_binder_TCR_20815,0,0.89035654,0.94719523,0.65247667
A0301_KLGGALQAK_IE-1_CMV_binder_TCR_2082,0,0.8985976,0.96253055,0.81492263
A0301_KLGGALQAK_IE-1_CMV_binder_TCR_20830,0,0.9049259,0.9616949,0.763013
A0301_KLGGALQAK_IE-1_CMV_binder_TCR_20838,0,0.89937913,0.959834,0.8043333
A0301_KLGGALQAK_IE-1_CMV_binder_TCR_20864,0,0.90112984,0.95506066,0.85940486
A0301_KLGGALQAK_IE-1_CMV_binder_TCR_20905,1,0.89852524,0.9544722,0.83022135
A0301_KLGGALQAK_IE-1_CMV_binder_TCR_20924,0,0.89753425,0.93674093,0.81430954
A0301_KLGGALQAK_IE-1_CMV_binder_TCR_20937,0,0.89767444,0.91098267,0.6946053
A0301_KLGGALQAK_IE-1_CMV_binder_TCR_20947,0,0.900612,0.9640053,0.8221559
A0301_KLGGALQAK_IE-1_CMV_binder_TCR_2095,0,0.9004494,0.9615874,0.84920824
A0301_KLGGALQAK_IE-1_CMV_binder_TCR_21013,0,0.8965285,0.95988643,0.82212156
A0301_KLGGALQAK_IE-1_CMV_binder_TCR_21024,0,0.8974829,0.9542894,0.7933668
A0301_KLGGALQAK_IE-1_CMV_binder_TCR_21037,0,0.897403,0.9739344,0.7558085
A0301_KLGGALQAK_IE-1_CMV_binder_TCR_2105,0,0.90004015,0.96137065,0.80505
A0301_KLGGALQAK_IE-1_CMV_binder_TCR_21054,0,0.8979603,0.9606325,0.87441295
A0301_KLGGALQAK_IE-1_CMV_binder_TCR_21073,1,0.89676887,0.9655425,0.850594
A0301_KLGGALQAK_IE-1_CMV_binder_TCR_21074,1,0.8992374,0.9650149,0.84978247
A0301_KLGGALQAK_IE-1_CMV_binder_TCR_21081,0,0.9022015,0.9557858,0.8486044
A0301_KLGGALQAK_IE-1_CMV_binder_TCR_21102,1,0.89875656,0.9430289,0.82329315
A0301_KLGGALQAK_IE-1_CMV_binder_TCR_21157,0,0.897622,0.9502971,0.81119615
A0301_KLGGALQAK_IE-1_CMV_binder_TCR_21160,1,0.89340514,0.9322922,0.7211089
A0301_KLGGALQAK_IE-1_CMV_binder_TCR_21214,0,0.8963917,0.96268344,0.7897879
A0301_KLGGALQAK_IE-1_CMV_binder_TCR_21225,0,0.90616363,0.96132255,0.86370224
A0301_KLGGALQAK_IE-1_CMV_binder_TCR_21246,0,0.90036213,0.96872365,0.87924045
A0301_KLGGALQAK_IE-1_CMV_binder_TCR_21250,0,0.8990029,0.9654708,0.8077895
A0301_KLGGALQAK_IE-1_CMV_binder_TCR_21271,0,0.8973801,0.95112926,0.742869
A0301_KLGGALQAK_IE-1_CMV_binder_TCR_21280,1,0.8987647,0.94213235,0.8341955
A0301_KLGGALQAK_IE-1_CMV_binder_TCR_21290,1,0.9025184,0.97498035,0.8861608
A0301_KLGGALQAK_IE-1_CMV_binder_TCR_21307,0,0.89212275,0.8834303,0.3330287
A0301_KLGGALQAK_IE-1_CMV_binder_TCR_21309,1,0.9001705,0.9315772,0.8138033
A0301_KLGGALQAK_IE-1_CMV_binder_TCR_21318,0,0.89936554,0.957549,0.8035547
A0301_KLGGALQAK_IE-1_CMV_binder_TCR_21334,0,0.8970922,0.9372417,0.58690614
A0301_KLGGALQAK_IE-1_CMV_binder_TCR_21355,0,0.8998681,0.94278723,0.7857539
A0301_KLGGALQAK_IE-1_CMV_binder_TCR_2137,0,0.89862144,0.96561086,0.80691224
A0301_KLGGALQAK_IE-1_CMV_binder_TCR_21370,0,0.89432096,0.94057983,0.67514515
A0301_KLGGALQAK_IE-1_CMV_binder_TCR_21384,0,0.9006113,0.96066165,0.80248886
A0301_KLGGALQAK_IE-1_CMV_binder_TCR_21385,0,0.8933665,0.951505,0.89635336
A0301_KLGGALQAK_IE-1_CMV_binder_TCR_21404,1,0.90075153,0.9603913,0.86719126
A0301_KLGGALQAK_IE-1_CMV_binder_TCR_21405,0,0.89320385,0.9315817,0.49250966
A0301_KLGGALQAK_IE-1_CMV_binder_TCR_21415,0,0.8981831,0.9636155,0.7253939
A0301_KLGGALQAK_IE-1_CMV_binder_TCR_21416,0,0.8948341,0.9655338,0.857424
A0301_KLGGALQAK_IE-1_CMV_binder_TCR_21417,0,0.8972335,0.92674106,0.7980423
A0301_KLGGALQAK_IE-1_CMV_binder_TCR_21433,1,0.89834553,0.9552168,0.82920194
A0301_KLGGALQAK_IE-1_CMV_binder_TCR_2145,0,0.8921073,0.91957754,0.6606544
A0301_KLGGALQAK_IE-1_CMV_binder_TCR_21491,0,0.89507633,0.9361872,0.6867469
A0301_KLGGALQAK_IE-1_CMV_binder_TCR_21493,1,0.90019745,0.95220184,0.7692226
A0301_KLGGALQAK_IE-1_CMV_binder_TCR_21500,1,0.8994555,0.9319354,0.6999017
A0301_KLGGALQAK_IE-1_CMV_binder_TCR_21529,0,0.8996511,0.94309103,0.8248944
A0301_KLGGALQAK_IE-1_CMV_binder_TCR_2154,0,0.8958511,0.94284266,0.7580805
A0301_KLGGALQAK_IE-1_CMV_binder_TCR_21563,0,0.89364433,0.8941072,0.6265737
A0301_KLGGALQAK_IE-1_CMV_binder_TCR_21582,1,0.8941039,0.877673,0.76061463
A0301_KLGGALQAK_IE-1_CMV_binder_TCR_21585,0,0.8995092,0.9237666,0.72475976
A0301_KLGGALQAK_IE-1_CMV_binder_TCR_21598,1,0.8911918,0.9396098,0.65289277
A0301_KLGGALQAK_IE-1_CMV_binder_TCR_21601,0,0.89492077,0.9610409,0.8058317
A0301_KLGGALQAK_IE-1_CMV_binder_TCR_21607,0,0.90115184,0.93610156,0.77328616
A0301_KLGGALQAK_IE-1_CMV_binder_TCR_2163,0,0.90014344,0.9648101,0.844917
A0301_KLGGALQAK_IE-1_CMV_binder_TCR_21630,1,0.8955437,0.96478134,0.8318974
A0301_KLGGALQAK_IE-1_CMV_binder_TCR_21689,0,0.89587253,0.9341984,0.8353468
A0301_KLGGALQAK_IE-1_CMV_binder_TCR_21711,0,0.9023983,0.9585202,0.8175647
A0301_KLGGALQAK_IE-1_CMV_binder_TCR_21727,0,0.895648,0.9470349,0.7716581
A0301_KLGGALQAK_IE-1_CMV_binder_TCR_21741,0,0.8949461,0.9612758,0.80997264
A0301_KLGGALQAK_IE-1_CMV_binder_TCR_21760,0,0.8994389,0.9276572,0.90686965
A0301_KLGGALQAK_IE-1_CMV_binder_TCR_21762,0,0.8989177,0.9339562,0.83802503
A0301_KLGGALQAK_IE-1_CMV_binder_TCR_21763,1,0.8958201,0.95060253,0.79881465
A0301_KLGGALQAK_IE-1_CMV_binder_TCR_21835,0,0.8963976,0.9316133,0.71006763
A0301_KLGGALQAK_IE-1_CMV_binder_TCR_21836,0,0.8946708,0.9479405,0.7573669
A0301_KLGGALQAK_IE-1_CMV_binder_TCR_21854,0,0.89322513,0.8626336,0.62188417
A0301_KLGGALQAK_IE-1_CMV_binder_TCR_21865,0,0.9009669,0.9563097,0.87102026
A0301_KLGGALQAK_IE-1_CMV_binder_TCR_21868,0,0.8968164,0.9511823,0.82994634
A0301_KLGGALQAK_IE-1_CMV_binder_TCR_21876,1,0.89884657,0.9675146,0.869625
A0301_KLGGALQAK_IE-1_CMV_binder_TCR_2188,0,0.8941058,0.91008335,0.9334975
A0301_KLGGALQAK_IE-1_CMV_binder_TCR_21915,0,0.89851046,0.9632626,0.87302226
A0301_KLGGALQAK_IE-1_CMV_binder_TCR_21918,0,0.90069216,0.95356286,0.839154
A0301_KLGGALQAK_IE-1_CMV_binder_TCR_21921,0,0.8975935,0.95058525,0.8232114
A0301_KLGGALQAK_IE-1_CMV_binder_TCR_21941,0,0.9018087,0.9191865,0.8594111
A0301_KLGGALQAK_IE-1_CMV_binder_TCR_21948,0,0.89643073,0.93019783,0.82205063
A0301_KLGGALQAK_IE-1_CMV_binder_TCR_21955,1,0.8994011,0.9612517,0.7670006
A0301_KLGGALQAK_IE-1_CMV_binder_TCR_21956,0,0.8961064,0.9337647,0.768785
A0301_KLGGALQAK_IE-1_CMV_binder_TCR_21975,0,0.899876,0.9658512,0.8001988
A0301_KLGGALQAK_IE-1_CMV_binder_TCR_21995,0,0.89721626,0.9748123,0.89347804
A0301_KLGGALQAK_IE-1_CMV_binder_TCR_22038,1,0.90114796,0.96003324,0.7999528
A0301_KLGGALQAK_IE-1_CMV_binder_TCR_22043,0,0.8982284,0.94550604,0.8772086
A0301_KLGGALQAK_IE-1_CMV_binder_TCR_22044,0,0.89729,0.96530426,0.7806014
A0301_KLGGALQAK_IE-1_CMV_binder_TCR_2206,0,0.8956361,0.94350845,0.7732709
A0301_KLGGALQAK_IE-1_CMV_binder_TCR_22067,0,0.9001191,0.9506182,0.8325309
A0301_KLGGALQAK_IE-1_CMV_binder_TCR_22068,0,0.89942205,0.93770874,0.7724151
A0301_KLGGALQAK_IE-1_CMV_binder_TCR_22090,0,0.8940426,0.9301106,0.68900096
A0301_KLGGALQAK_IE-1_CMV_binder_TCR_22110,1,0.8984644,0.9609606,0.82992846
A0301_KLGGALQAK_IE-1_CMV_binder_TCR_22112,0,0.8974664,0.925567,0.7995811
A0301_KLGGALQAK_IE-1_CMV_binder_TCR_22145,1,0.8988225,0.91436243,0.8035062
A0301_KLGGALQAK_IE-1_CMV_binder_TCR_22157,0,0.89430195,0.9481711,0.6494107
A0301_KLGGALQAK_IE-1_CMV_binder_TCR_22189,0,0.89903075,0.9740673,0.86396253
A0301_KLGGALQAK_IE-1_CMV_binder_TCR_22195,0,0.8962258,0.9642762,0.7866893
A0301_KLGGALQAK_IE-1_CMV_binder_TCR_22198,0,0.8987436,0.9589566,0.752409
A0301_KLGGALQAK_IE-1_CMV_binder_TCR_22201,1,0.902197,0.97504413,0.8493269
A0301_KLGGALQAK_IE-1_CMV_binder_TCR_22214,0,0.89993787,0.95725113,0.83832216
A0301_KLGGALQAK_IE-1_CMV_binder_TCR_2222,0,0.8924694,0.90188926,0.7325053
A0301_KLGGALQAK_IE-1_CMV_binder_TCR_22235,0,0.8984133,0.94812566,0.76669264
A0301_KLGGALQAK_IE-1_CMV_binder_TCR_22260,0,0.8964241,0.93475986,0.81836015
A0301_KLGGALQAK_IE-1_CMV_binder_TCR_22282,0,0.90466064,0.9727375,0.85991925
A0301_KLGGALQAK_IE-1_CMV_binder_TCR_22312,0,0.9036909,0.96526414,0.8658523
A0301_KLGGALQAK_IE-1_CMV_binder_TCR_22316,0,0.89624214,0.947433,0.8829141
A0301_KLGGALQAK_IE-1_CMV_binder_TCR_22319,0,0.8989555,0.95919013,0.80574197
A0301_KLGGALQAK_IE-1_CMV_binder_TCR_22333,1,0.89838433,0.95972675,0.84359723
A0301_KLGGALQAK_IE-1_CMV_binder_TCR_22354,0,0.89686346,0.94576603,0.84685546
A0301_KLGGALQAK_IE-1_CMV_binder_TCR_22368,0,0.8981573,0.946011,0.83957744
A0301_KLGGALQAK_IE-1_CMV_binder_TCR_22409,0,0.9015341,0.96360797,0.8576167
A0301_KLGGALQAK_IE-1_CMV_binder_TCR_22443,0,0.89310145,0.9683004,0.78497905
A0301_KLGGALQAK_IE-1_CMV_binder_TCR_22461,1,0.8976067,0.9455527,0.85545725
A0301_KLGGALQAK_IE-1_CMV_binder_TCR_22468,0,0.8995369,0.96034086,0.8254909
A0301_KLGGALQAK_IE-1_CMV_binder_TCR_22471,0,0.9018556,0.96123284,0.86854064
A0301_KLGGALQAK_IE-1_CMV_binder_TCR_22523,0,0.89886886,0.9738273,0.91442704
A0301_KLGGALQAK_IE-1_CMV_binder_TCR_22525,0,0.8973941,0.97194,0.87376326
A0301_KLGGALQAK_IE-1_CMV_binder_TCR_22548,0,0.896787,0.9417654,0.807489
A0301_KLGGALQAK_IE-1_CMV_binder_TCR_22590,1,0.89971817,0.970139,0.81735456
A0301_KLGGALQAK_IE-1_CMV_binder_TCR_22609,0,0.90034604,0.9510169,0.8250404
A0301_KLGGALQAK_IE-1_CMV_binder_TCR_22649,0,0.89783084,0.9539513,0.6556043
A0301_KLGGALQAK_IE-1_CMV_binder_TCR_22663,1,0.9019855,0.9779457,0.90926135
A0301_KLGGALQAK_IE-1_CMV_binder_TCR_22673,0,0.9046372,0.9594322,0.82953495
A0301_KLGGALQAK_IE-1_CMV_binder_TCR_22684,0,0.9009056,0.95831037,0.80304855
A0301_KLGGALQAK_IE-1_CMV_binder_TCR_22695,0,0.8925885,0.93082565,0.850469
A0301_KLGGALQAK_IE-1_CMV_binder_TCR_22700,0,0.90055215,0.9650574,0.8343744
A0301_KLGGALQAK_IE-1_CMV_binder_TCR_22758,0,0.89777493,0.9547992,0.88394463
A0301_KLGGALQAK_IE-1_CMV_binder_TCR_2276,0,0.8970768,0.95744604,0.8989607
A0301_KLGGALQAK_IE-1_CMV_binder_TCR_22770,0,0.89056903,0.9054271,0.0006399671
A0301_KLGGALQAK_IE-1_CMV_binder_TCR_22790,0,0.8983986,0.9486317,0.87377
A0301_KLGGALQAK_IE-1_CMV_binder_TCR_2282,0,0.8974169,0.9521161,0.7928158
A0301_KLGGALQAK_IE-1_CMV_binder_TCR_229,1,0.9000913,0.94956553,0.7996403
A0301_KLGGALQAK_IE-1_CMV_binder_TCR_22913,0,0.8971604,0.96138984,0.864624
A0301_KLGGALQAK_IE-1_CMV_binder_TCR_22933,1,0.9029577,0.95255315,0.7987067
A0301_KLGGALQAK_IE-1_CMV_binder_TCR_22935,0,0.8929513,0.90046,0.70261776
A0301_KLGGALQAK_IE-1_CMV_binder_TCR_22992,0,0.89880323,0.95443255,0.91012603
A0301_KLGGALQAK_IE-1_CMV_binder_TCR_23028,0,0.8971037,0.93991405,0.69561464
A0301_KLGGALQAK_IE-1_CMV_binder_TCR_23038,0,0.898983,0.97712976,0.8637707
A0301_KLGGALQAK_IE-1_CMV_binder_TCR_23052,0,0.8984645,0.95970273,0.8102847
A0301_KLGGALQAK_IE-1_CMV_binder_TCR_23061,0,0.89476866,0.93441325,0.73632586
A0301_KLGGALQAK_IE-1_CMV_binder_TCR_23076,0,0.89841473,0.9377494,0.8248182
A0301_KLGGALQAK_IE-1_CMV_binder_TCR_23111,0,0.9018356,0.95049435,0.8479639
A0301_KLGGALQAK_IE-1_CMV_binder_TCR_23122,0,0.8913898,0.90790784,0.78411293
A0301_KLGGALQAK_IE-1_CMV_binder_TCR_23181,0,0.8928167,0.9306731,0.79798096
A0301_KLGGALQAK_IE-1_CMV_binder_TCR_23224,0,0.8993723,0.9634238,0.7983843
A0301_KLGGALQAK_IE-1_CMV_binder_TCR_23237,0,0.90225875,0.9759024,0.9385046
A0301_KLGGALQAK_IE-1_CMV_binder_TCR_23255,1,0.89267,0.98654836,0.9623623
A0301_KLGGALQAK_IE-1_CMV_binder_TCR_23258,1,0.9019354,0.9764434,0.87925804
A0301_KLGGALQAK_IE-1_CMV_binder_TCR_23261,1,0.89439106,0.9525231,0.7258958
A0301_KLGGALQAK_IE-1_CMV_binder_TCR_23262,0,0.8998007,0.9501939,0.77632946
A0301_KLGGALQAK_IE-1_CMV_binder_TCR_23265,0,0.89758366,0.93773794,0.8706152
A0301_KLGGALQAK_IE-1_CMV_binder_TCR_23286,1,0.89923805,0.94829476,0.8365594
A0301_KLGGALQAK_IE-1_CMV_binder_TCR_23288,1,0.8948595,0.9370397,0.7393073
A0301_KLGGALQAK_IE-1_CMV_binder_TCR_23333,0,0.8921982,0.9504755,0.7162193
A0301_KLGGALQAK_IE-1_CMV_binder_TCR_23340,0,0.89638025,0.95707005,0.7064732
A0301_KLGGALQAK_IE-1_CMV_binder_TCR_23345,0,0.89725006,0.96036845,0.8201683
A0301_KLGGALQAK_IE-1_CMV_binder_TCR_23351,0,0.8956586,0.91615003,0.60035366
A0301_KLGGALQAK_IE-1_CMV_binder_TCR_2336,0,0.8965161,0.9535897,0.74217886
A0301_KLGGALQAK_IE-1_CMV_binder_TCR_2337,0,0.89840513,0.97064215,0.8483554
A0301_KLGGALQAK_IE-1_CMV_binder_TCR_23404,0,0.898636,0.9630161,0.7091457
A0301_KLGGALQAK_IE-1_CMV_binder_TCR_23407,1,0.90417343,0.9630643,0.83515
A0301_KLGGALQAK_IE-1_CMV_binder_TCR_23453,0,0.8987425,0.95170546,0.7578953
A0301_KLGGALQAK_IE-1_CMV_binder_TCR_23461,0,0.9079791,0.979119,0.9393052
A0301_KLGGALQAK_IE-1_CMV_binder_TCR_23463,0,0.8976959,0.95255417,0.8249195
A0301_KLGGALQAK_IE-1_CMV_binder_TCR_2347,0,0.8973263,0.9303374,0.7462081
A0301_KLGGALQAK_IE-1_CMV_binder_TCR_23492,0,0.8977812,0.962653,0.7883753
A0301_KLGGALQAK_IE-1_CMV_binder_TCR_23493,1,0.8954013,0.9647838,0.8271199
A0301_KLGGALQAK_IE-1_CMV_binder_TCR_23533,0,0.89587986,0.93833405,0.77854794
A0301_KLGGALQAK_IE-1_CMV_binder_TCR_23538,0,0.8971646,0.94673395,0.8382897
A0301_KLGGALQAK_IE-1_CMV_binder_TCR_23548,0,0.902063,0.95902675,0.85857135
A0301_KLGGALQAK_IE-1_CMV_binder_TCR_23562,0,0.89771354,0.94381344,0.88560617
A0301_KLGGALQAK_IE-1_CMV_binder_TCR_23568,0,0.8980619,0.94758576,0.76228106
A0301_KLGGALQAK_IE-1_CMV_binder_TCR_23575,1,0.8929923,0.9424695,0.7152508
A0301_KLGGALQAK_IE-1_CMV_binder_TCR_23593,0,0.90012395,0.9694912,0.82739645
A0301_KLGGALQAK_IE-1_CMV_binder_TCR_23594,0,0.8959487,0.9401617,0.6374467
A0301_KLGGALQAK_IE-1_CMV_binder_TCR_23603,0,0.8996767,0.94941723,0.83198357
A0301_KLGGALQAK_IE-1_CMV_binder_TCR_23629,0,0.9021328,0.96074057,0.8913211
A0301_KLGGALQAK_IE-1_CMV_binder_TCR_2365,0,0.898077,0.94113445,0.81807196
A0301_KLGGALQAK_IE-1_CMV_binder_TCR_23659,0,0.89884967,0.95573646,0.7830651
A0301_KLGGALQAK_IE-1_CMV_binder_TCR_23692,1,0.8992216,0.95820045,0.93627363
A0301_KLGGALQAK_IE-1_CMV_binder_TCR_23717,0,0.89720976,0.9559104,0.7360943
A0301_KLGGALQAK_IE-1_CMV_binder_TCR_23736,1,0.8986564,0.9612074,0.8868737
A0301_KLGGALQAK_IE-1_CMV_binder_TCR_23743,0,0.89792746,0.93211615,0.82808536
A0301_KLGGALQAK_IE-1_CMV_binder_TCR_23748,0,0.90040416,0.9656574,0.85527724
A0301_KLGGALQAK_IE-1_CMV_binder_TCR_23753,1,0.8967584,0.9396776,0.8572717
A0301_KLGGALQAK_IE-1_CMV_binder_TCR_23764,0,0.8984932,0.9448167,0.8359819
A0301_KLGGALQAK_IE-1_CMV_binder_TCR_23782,0,0.89740306,0.9594248,0.8021679
A0301_KLGGALQAK_IE-1_CMV_binder_TCR_23842,1,0.90009916,0.96811855,0.8941548
A0301_KLGGALQAK_IE-1_CMV_binder_TCR_23855,0,0.8952621,0.9620878,0.7856565
A0301_KLGGALQAK_IE-1_CMV_binder_TCR_239,1,0.89681226,0.95818067,0.7867732
A0301_KLGGALQAK_IE-1_CMV_binder_TCR_2390,0,0.89807904,0.96337324,0.7912791
A0301_KLGGALQAK_IE-1_CMV_binder_TCR_23903,1,0.9000198,0.9681299,0.8494478
A0301_KLGGALQAK_IE-1_CMV_binder_TCR_23912,1,0.9028094,0.9445368,0.83724165
A0301_KLGGALQAK_IE-1_CMV_binder_TCR_23913,0,0.89727753,0.9561074,0.783036
A0301_KLGGALQAK_IE-1_CMV_binder_TCR_23935,0,0.89675665,0.9305263,0.71703243
A0301_KLGGALQAK_IE-1_CMV_binder_TCR_24015,0,0.8982659,0.9565209,0.8481855
A0301_KLGGALQAK_IE-1_CMV_binder_TCR_24016,0,0.8993126,0.95135546,0.8146377
A0301_KLGGALQAK_IE-1_CMV_binder_TCR_24032,0,0.9012204,0.9527021,0.76527655
A0301_KLGGALQAK_IE-1_CMV_binder_TCR_24045,0,0.8983272,0.9477469,0.87028635
A0301_KLGGALQAK_IE-1_CMV_binder_TCR_2405,0,0.90369964,0.952184,0.8328033
A0301_KLGGALQAK_IE-1_CMV_binder_TCR_24078,0,0.8957428,0.95607,0.8803723
A0301_KLGGALQAK_IE-1_CMV_binder_TCR_24120,1,0.8977068,0.9619215,0.7980964
A0301_KLGGALQAK_IE-1_CMV_binder_TCR_2413,1,0.901694,0.9736574,0.8600914
A0301_KLGGALQAK_IE-1_CMV_binder_TCR_24130,0,0.8973931,0.94780546,0.83044505
A0301_KLGGALQAK_IE-1_CMV_binder_TCR_24141,0,0.8945584,0.9478981,0.7766689
A0301_KLGGALQAK_IE-1_CMV_binder_TCR_24160,0,0.89660007,0.94114953,0.786785
A0301_KLGGALQAK_IE-1_CMV_binder_TCR_24172,1,0.89805424,0.95467955,0.8504271
A0301_KLGGALQAK_IE-1_CMV_binder_TCR_24175,0,0.90053135,0.9513994,0.930748
A0301_KLGGALQAK_IE-1_CMV_binder_TCR_24186,0,0.90050477,0.9671445,0.86584765
A0301_KLGGALQAK_IE-1_CMV_binder_TCR_24240,1,0.89928687,0.9566611,0.76314473
A0301_KLGGALQAK_IE-1_CMV_binder_TCR_24247,1,0.89701146,0.8791147,0.7775587
A0301_KLGGALQAK_IE-1_CMV_binder_TCR_24270,0,0.9008089,0.970533,0.88847625
A0301_KLGGALQAK_IE-1_CMV_binder_TCR_24311,0,0.89713943,0.9558603,0.7117643
A0301_KLGGALQAK_IE-1_CMV_binder_TCR_24319,0,0.8929475,0.93687904,0.72794265
A0301_KLGGALQAK_IE-1_CMV_binder_TCR_24322,0,0.8928299,0.92381257,0.78213876
A0301_KLGGALQAK_IE-1_CMV_binder_TCR_24331,0,0.9000895,0.9534612,0.7935456
A0301_KLGGALQAK_IE-1_CMV_binder_TCR_24338,1,0.8941785,0.94260174,0.84068936
A0301_KLGGALQAK_IE-1_CMV_binder_TCR_24339,0,0.8983044,0.96445745,0.8453579
A0301_KLGGALQAK_IE-1_CMV_binder_TCR_24346,0,0.89685744,0.97434264,0.80773896
A0301_KLGGALQAK_IE-1_CMV_binder_TCR_24360,0,0.8971446,0.91026706,0.85555744
A0301_KLGGALQAK_IE-1_CMV_binder_TCR_24374,1,0.89607435,0.9368998,0.76435965
A0301_KLGGALQAK_IE-1_CMV_binder_TCR_24387,0,0.90225554,0.9512252,0.85479885
A0301_KLGGALQAK_IE-1_CMV_binder_TCR_24425,0,0.8938566,0.92778933,0.7271765
A0301_KLGGALQAK_IE-1_CMV_binder_TCR_2443,0,0.8991932,0.9631772,0.7676953
A0301_KLGGALQAK_IE-1_CMV_binder_TCR_24434,0,0.8978518,0.90844715,0.8433069
A0301_KLGGALQAK_IE-1_CMV_binder_TCR_24441,0,0.89799136,0.9560704,0.7804589
A0301_KLGGALQAK_IE-1_CMV_binder_TCR_24445,0,0.8994536,0.94252384,0.8250779
A0301_KLGGALQAK_IE-1_CMV_binder_TCR_24478,0,0.8941186,0.94634455,0.75218314
A0301_KLGGALQAK_IE-1_CMV_binder_TCR_24494,0,0.89702576,0.942926,0.77886426
A0301_KLGGALQAK_IE-1_CMV_binder_TCR_24499,1,0.89653623,0.95845586,0.8099183
A0301_KLGGALQAK_IE-1_CMV_binder_TCR_24503,0,0.90045846,0.9550338,0.85310864
A0301_KLGGALQAK_IE-1_CMV_binder_TCR_24539,0,0.89235395,0.93691367,0.72144866
A0301_KLGGALQAK_IE-1_CMV_binder_TCR_2454,0,0.89815676,0.9568826,0.8078964
A0301_KLGGALQAK_IE-1_CMV_binder_TCR_24546,0,0.89522594,0.9514022,0.84686667
A0301_KLGGALQAK_IE-1_CMV_binder_TCR_24554,0,0.9002903,0.9620059,0.89646274
A0301_KLGGALQAK_IE-1_CMV_binder_TCR_24563,0,0.89621246,0.9422796,0.76220214
A0301_KLGGALQAK_IE-1_CMV_binder_TCR_24586,0,0.8949287,0.95952445,0.90148497
A0301_KLGGALQAK_IE-1_CMV_binder_TCR_24600,1,0.8960349,0.9369721,0.8485904
A0301_KLGGALQAK_IE-1_CMV_binder_TCR_2461,1,0.89549536,0.95111305,0.69830644
A0301_KLGGALQAK_IE-1_CMV_binder_TCR_24620,0,0.90255755,0.9529283,0.85884035
A0301_KLGGALQAK_IE-1_CMV_binder_TCR_2463,0,0.89960915,0.9769607,0.8366174
A0301_KLGGALQAK_IE-1_CMV_binder_TCR_24676,0,0.89851075,0.9743604,0.8521029
A0301_KLGGALQAK_IE-1_CMV_binder_TCR_24682,0,0.8961514,0.9540406,0.8674337
A0301_KLGGALQAK_IE-1_CMV_binder_TCR_24684,0,0.897105,0.96421826,0.79522157
A0301_KLGGALQAK_IE-1_CMV_binder_TCR_24688,0,0.8981627,0.93138576,0.7795918
A0301_KLGGALQAK_IE-1_CMV_binder_TCR_24695,1,0.8974917,0.9058368,0.72621405
A0301_KLGGALQAK_IE-1_CMV_binder_TCR_24705,0,0.90046746,0.9663804,0.8713356
A0301_KLGGALQAK_IE-1_CMV_binder_TCR_24726,0,0.8965896,0.9493391,0.81828237
A0301_KLGGALQAK_IE-1_CMV_binder_TCR_2474,0,0.8975186,0.9523262,0.81064564
A0301_KLGGALQAK_IE-1_CMV_binder_TCR_24744,0,0.9014183,0.9545379,0.83359045
A0301_KLGGALQAK_IE-1_CMV_binder_TCR_24750,1,0.90163285,0.9591225,0.86665416
A0301_KLGGALQAK_IE-1_CMV_binder_TCR_24753,0,0.89670146,0.94174314,0.7926846
A0301_KLGGALQAK_IE-1_CMV_binder_TCR_24770,0,0.9041937,0.97322625,0.89273334
A0301_KLGGALQAK_IE-1_CMV_binder_TCR_24778,0,0.90462494,0.97001845,0.8727003
A0301_KLGGALQAK_IE-1_CMV_binder_TCR_24779,0,0.899026,0.94099814,0.85767645
A0301_KLGGALQAK_IE-1_CMV_binder_TCR_24782,0,0.8970156,0.95458233,0.92603743
A0301_KLGGALQAK_IE-1_CMV_binder_TCR_2481,1,0.9024634,0.9664651,0.85852796
A0301_KLGGALQAK_IE-1_CMV_binder_TCR_24815,0,0.8945712,0.95061296,0.47698656
A0301_KLGGALQAK_IE-1_CMV_binder_TCR_24826,1,0.9011348,0.9544283,0.8288533
A0301_KLGGALQAK_IE-1_CMV_binder_TCR_2484,0,0.9001257,0.96279496,0.8148983
A0301_KLGGALQAK_IE-1_CMV_binder_TCR_24851,0,0.9025551,0.9688941,0.8750159
A0301_KLGGALQAK_IE-1_CMV_binder_TCR_24863,1,0.9023133,0.9654624,0.85619885
A0301_KLGGALQAK_IE-1_CMV_binder_TCR_24864,0,0.8992079,0.95902634,0.83980566
A0301_KLGGALQAK_IE-1_CMV_binder_TCR_24871,1,0.89689213,0.94714034,0.83820415
A0301_KLGGALQAK_IE-1_CMV_binder_TCR_24887,0,0.8997924,0.9615106,0.84592646
A0301_KLGGALQAK_IE-1_CMV_binder_TCR_24890,0,0.9003993,0.9645018,0.7917411
A0301_KLGGALQAK_IE-1_CMV_binder_TCR_249,1,0.90129215,0.95229095,0.8941045
A0301_KLGGALQAK_IE-1_CMV_binder_TCR_2493,0,0.8998467,0.9564447,0.8887395
A0301_KLGGALQAK_IE-1_CMV_binder_TCR_24937,0,0.8900801,0.8492146,0.24697937
A0301_KLGGALQAK_IE-1_CMV_binder_TCR_24985,1,0.9006908,0.947422,0.8364763
A0301_KLGGALQAK_IE-1_CMV_binder_TCR_24986,1,0.89823395,0.954524,0.8304666
A0301_KLGGALQAK_IE-1_CMV_binder_TCR_24997,0,0.8996958,0.9226214,0.80393684
A0301_KLGGALQAK_IE-1_CMV_binder_TCR_25019,1,0.9039467,0.964431,0.83770955
A0301_KLGGALQAK_IE-1_CMV_binder_TCR_25023,0,0.8958522,0.964653,0.5307299
A0301_KLGGALQAK_IE-1_CMV_binder_TCR_25062,0,0.9000399,0.95434505,0.865845
A0301_KLGGALQAK_IE-1_CMV_binder_TCR_25083,1,0.8959203,0.95536757,0.8399731
A0301_KLGGALQAK_IE-1_CMV_binder_TCR_25091,0,0.89709944,0.9402807,0.84676117
A0301_KLGGALQAK_IE-1_CMV_binder_TCR_2510,0,0.8943765,0.9193694,0.6358364
A0301_KLGGALQAK_IE-1_CMV_binder_TCR_25149,0,0.8970692,0.968731,0.8539318
A0301_KLGGALQAK_IE-1_CMV_binder_TCR_25177,1,0.89957076,0.95307493,0.83899873
A0301_KLGGALQAK_IE-1_CMV_binder_TCR_25179,0,0.90137774,0.96569777,0.84573954
A0301_KLGGALQAK_IE-1_CMV_binder_TCR_25206,1,0.8988345,0.9413821,0.80078036
A0301_KLGGALQAK_IE-1_CMV_binder_TCR_2521,0,0.8974815,0.9642687,0.85579914
A0301_KLGGALQAK_IE-1_CMV_binder_TCR_25233,0,0.8984053,0.9590073,0.84659415
A0301_KLGGALQAK_IE-1_CMV_binder_TCR_25267,1,0.896602,0.95169306,0.83788735
A0301_KLGGALQAK_IE-1_CMV_binder_TCR_25281,1,0.8985713,0.96456516,0.8511816
A0301_KLGGALQAK_IE-1_CMV_binder_TCR_25284,0,0.89716804,0.9613171,0.7816857
A0301_KLGGALQAK_IE-1_CMV_binder_TCR_25311,0,0.8974306,0.9443484,0.72695804
A0301_KLGGALQAK_IE-1_CMV_binder_TCR_2532,0,0.89476156,0.9212224,0.6302523
A0301_KLGGALQAK_IE-1_CMV_binder_TCR_25326,0,0.89573056,0.9208419,0.75716716
A0301_KLGGALQAK_IE-1_CMV_binder_TCR_25343,1,0.8918365,0.9084129,0.27120757
A0301_KLGGALQAK_IE-1_CMV_binder_TCR_25351,0,0.89797735,0.929733,0.79239494
A0301_KLGGALQAK_IE-1_CMV_binder_TCR_25378,0,0.897991,0.9444259,0.7469437
A0301_KLGGALQAK_IE-1_CMV_binder_TCR_25388,0,0.8964785,0.9323716,0.71426594
A0301_KLGGALQAK_IE-1_CMV_binder_TCR_25414,1,0.8902418,0.8454542,0.3230615
A0301_KLGGALQAK_IE-1_CMV_binder_TCR_25420,0,0.895954,0.91471523,0.6984509
A0301_KLGGALQAK_IE-1_CMV_binder_TCR_25449,0,0.89544916,0.9179765,0.8391179
A0301_KLGGALQAK_IE-1_CMV_binder_TCR_25466,1,0.89658415,0.9206913,0.77418107
A0301_KLGGALQAK_IE-1_CMV_binder_TCR_25474,0,0.89756763,0.95215833,0.80926985
A0301_KLGGALQAK_IE-1_CMV_binder_TCR_25479,0,0.8964724,0.93503827,0.7477713
A0301_KLGGALQAK_IE-1_CMV_binder_TCR_25494,0,0.89497083,0.94433403,0.8043107
A0301_KLGGALQAK_IE-1_CMV_binder_TCR_25503,0,0.8902109,0.89433575,0.5770208
A0301_KLGGALQAK_IE-1_CMV_binder_TCR_25507,1,0.89072835,0.8753594,0.54751575
A0301_KLGGALQAK_IE-1_CMV_binder_TCR_25526,1,0.8957186,0.90625334,0.77758574
A0301_KLGGALQAK_IE-1_CMV_binder_TCR_25578,0,0.8951499,0.9380074,0.7776737
A0301_KLGGALQAK_IE-1_CMV_binder_TCR_2558,0,0.8988881,0.9740952,0.83108544
A0301_KLGGALQAK_IE-1_CMV_binder_TCR_25580,1,0.8966775,0.93525743,0.80332816
A0301_KLGGALQAK_IE-1_CMV_binder_TCR_25587,0,0.89911693,0.9528,0.8550028
A0301_KLGGALQAK_IE-1_CMV_binder_TCR_25590,1,0.898358,0.9353885,0.7896706
A0301_KLGGALQAK_IE-1_CMV_binder_TCR_25596,0,0.89814484,0.9294281,0.79019076
A0301_KLGGALQAK_IE-1_CMV_binder_TCR_25612,0,0.89500546,0.94187677,0.81052953
A0301_KLGGALQAK_IE-1_CMV_binder_TCR_25616,1,0.8924288,0.8956163,0.7551306
A0301_KLGGALQAK_IE-1_CMV_binder_TCR_25645,0,0.8949039,0.9212193,0.78151876
A0301_KLGGALQAK_IE-1_CMV_binder_TCR_25677,1,0.8965511,0.92506105,0.7586139
A0301_KLGGALQAK_IE-1_CMV_binder_TCR_25678,0,0.8944247,0.9310952,0.7433661
A0301_KLGGALQAK_IE-1_CMV_binder_TCR_25683,0,0.8928408,0.91016275,0.73333603
A0301_KLGGALQAK_IE-1_CMV_binder_TCR_2570,0,0.90046126,0.96510905,0.9133246
A0301_KLGGALQAK_IE-1_CMV_binder_TCR_25740,1,0.89460295,0.92716503,0.8321604
A0301_KLGGALQAK_IE-1_CMV_binder_TCR_25742,0,0.8932031,0.87234944,0.8088575
A0301_KLGGALQAK_IE-1_CMV_binder_TCR_25744,0,0.8973372,0.9141687,0.75683135
A0301_KLGGALQAK_IE-1_CMV_binder_TCR_25793,0,0.8962113,0.9481426,0.8439736
A0301_KLGGALQAK_IE-1_CMV_binder_TCR_2581,0,0.892588,0.94653183,0.7503206
A0301_KLGGALQAK_IE-1_CMV_binder_TCR_25830,0,0.89959264,0.9615999,0.8481348
A0301_KLGGALQAK_IE-1_CMV_binder_TCR_25841,1,0.8992645,0.92710024,0.832639
A0301_KLGGALQAK_IE-1_CMV_binder_TCR_25855,1,0.89505076,0.92553717,0.8057871
A0301_KLGGALQAK_IE-1_CMV_binder_TCR_25868,0,0.8991529,0.9393247,0.8328721
A0301_KLGGALQAK_IE-1_CMV_binder_TCR_25899,0,0.8965012,0.9149017,0.7515009
A0301_KLGGALQAK_IE-1_CMV_binder_TCR_25919,0,0.8972455,0.94111985,0.7621353
A0301_KLGGALQAK_IE-1_CMV_binder_TCR_25934,1,0.8946249,0.93066967,0.48718044
A0301_KLGGALQAK_IE-1_CMV_binder_TCR_25935,1,0.8992422,0.9458052,0.79991686
A0301_KLGGALQAK_IE-1_CMV_binder_TCR_25956,0,0.90134114,0.97754616,0.84863394
A0301_KLGGALQAK_IE-1_CMV_binder_TCR_25958,0,0.8990335,0.96989924,0.86311007
A0301_KLGGALQAK_IE-1_CMV_binder_TCR_25967,1,0.89935976,0.9694986,0.83567804
A0301_KLGGALQAK_IE-1_CMV_binder_TCR_25969,0,0.8964438,0.93264455,0.87417984
A0301_KLGGALQAK_IE-1_CMV_binder_TCR_26001,0,0.89724827,0.962203,0.8076651
A0301_KLGGALQAK_IE-1_CMV_binder_TCR_26016,0,0.89330107,0.931022,0.80735135
A0301_KLGGALQAK_IE-1_CMV_binder_TCR_26033,0,0.8975835,0.9342789,0.6851203
A0301_KLGGALQAK_IE-1_CMV_binder_TCR_26037,0,0.90231025,0.9569267,0.82367307
A0301_KLGGALQAK_IE-1_CMV_binder_TCR_26064,0,0.89995706,0.9203336,0.861058
A0301_KLGGALQAK_IE-1_CMV_binder_TCR_26107,0,0.8993654,0.9214109,0.80068356
A0301_KLGGALQAK_IE-1_CMV_binder_TCR_26110,0,0.9005442,0.9552887,0.83278745
A0301_KLGGALQAK_IE-1_CMV_binder_TCR_26112,0,0.9015768,0.9620733,0.8447359
A0301_KLGGALQAK_IE-1_CMV_binder_TCR_26137,1,0.8937245,0.015542677,0.002101341
A0301_KLGGALQAK_IE-1_CMV_binder_TCR_26162,0,0.8985411,0.93536264,0.82696897
A0301_KLGGALQAK_IE-1_CMV_binder_TCR_26191,1,0.896324,0.9479735,0.7687719
A0301_KLGGALQAK_IE-1_CMV_binder_TCR_2620,0,0.8998758,0.951072,0.8422228
A0301_KLGGALQAK_IE-1_CMV_binder_TCR_26216,1,0.90100706,0.9627256,0.79979575
A0301_KLGGALQAK_IE-1_CMV_binder_TCR_26228,0,0.8986515,0.9497381,0.8053648
A0301_KLGGALQAK_IE-1_CMV_binder_TCR_26240,0,0.89632815,0.97142166,0.8094926
A0301_KLGGALQAK_IE-1_CMV_binder_TCR_26262,0,0.8960057,0.94837284,0.82636446
A0301_KLGGALQAK_IE-1_CMV_binder_TCR_2629,0,0.8964754,0.95503485,0.80596375
A0301_KLGGALQAK_IE-1_CMV_binder_TCR_26317,0,0.89649445,0.94522816,0.8059608
A0301_KLGGALQAK_IE-1_CMV_binder_TCR_26324,1,0.8972352,0.95089227,0.76890725
A0301_KLGGALQAK_IE-1_CMV_binder_TCR_26327,1,0.8966248,0.92427176,0.8168326
A0301_KLGGALQAK_IE-1_CMV_binder_TCR_26343,0,0.89647704,0.9593085,0.83863133
A0301_KLGGALQAK_IE-1_CMV_binder_TCR_26392,1,0.90019727,0.97376573,0.9086419
A0301_KLGGALQAK_IE-1_CMV_binder_TCR_26403,0,0.90080833,0.97511417,0.6588699
A0301_KLGGALQAK_IE-1_CMV_binder_TCR_26419,0,0.90008193,0.96339947,0.84007084
A0301_KLGGALQAK_IE-1_CMV_binder_TCR_26423,1,0.89797187,0.94788104,0.8578316
A0301_KLGGALQAK_IE-1_CMV_binder_TCR_26429,0,0.8978383,0.9450263,0.79828
A0301_KLGGALQAK_IE-1_CMV_binder_TCR_26446,0,0.89491487,0.95432943,0.7314242
A0301_KLGGALQAK_IE-1_CMV_binder_TCR_26492,1,0.895569,0.9306974,0.8097421
A0301_KLGGALQAK_IE-1_CMV_binder_TCR_26513,0,0.9020481,0.96297324,0.81763095
A0301_KLGGALQAK_IE-1_CMV_binder_TCR_26521,0,0.899614,0.9439098,0.80871093
A0301_KLGGALQAK_IE-1_CMV_binder_TCR_26549,0,0.89700204,0.9368308,0.78418636
A0301_KLGGALQAK_IE-1_CMV_binder_TCR_26551,0,0.8999652,0.9441444,0.8378078
A0301_KLGGALQAK_IE-1_CMV_binder_TCR_2656,0,0.897887,0.9516389,0.8094718
A0301_KLGGALQAK_IE-1_CMV_binder_TCR_26566,0,0.89179003,0.95130897,0.7884357
A0301_KLGGALQAK_IE-1_CMV_binder_TCR_26572,0,0.89797956,0.9551625,0.8713845
A0301_KLGGALQAK_IE-1_CMV_binder_TCR_2658,0,0.8978016,0.9660818,0.8671911
A0301_KLGGALQAK_IE-1_CMV_binder_TCR_26619,0,0.9023405,0.96388686,0.83030474
A0301_KLGGALQAK_IE-1_CMV_binder_TCR_26632,0,0.8978708,0.96953964,0.8374222
A0301_KLGGALQAK_IE-1_CMV_binder_TCR_26663,1,0.9006,0.96424794,0.8634607
A0301_KLGGALQAK_IE-1_CMV_binder_TCR_26679,1,0.8958621,0.9505591,0.7794548
A0301_KLGGALQAK_IE-1_CMV_binder_TCR_26721,0,0.901281,0.9584619,0.79863054
A0301_KLGGALQAK_IE-1_CMV_binder_TCR_26732,0,0.89681363,0.962624,0.821228
A0301_KLGGALQAK_IE-1_CMV_binder_TCR_26754,0,0.8950878,0.9166248,0.7306264
A0301_KLGGALQAK_IE-1_CMV_binder_TCR_26758,1,0.8960014,0.89445996,0.704111
A0301_KLGGALQAK_IE-1_CMV_binder_TCR_268,0,0.89790946,0.9474907,0.76774055
A0301_KLGGALQAK_IE-1_CMV_binder_TCR_2686,1,0.89614785,0.9577872,0.8772905
A0301_KLGGALQAK_IE-1_CMV_binder_TCR_26861,0,0.89445674,0.94556946,0.67924523
A0301_KLGGALQAK_IE-1_CMV_binder_TCR_26867,1,0.89212596,0.96021265,0.84419703
A0301_KLGGALQAK_IE-1_CMV_binder_TCR_26877,0,0.8975256,0.93956834,0.7140996
A0301_KLGGALQAK_IE-1_CMV_binder_TCR_26884,0,0.9008486,0.9434723,0.87146944
A0301_KLGGALQAK_IE-1_CMV_binder_TCR_26894,0,0.89082927,0.92848516,0.75901264
A0301_KLGGALQAK_IE-1_CMV_binder_TCR_26932,0,0.9002077,0.9490301,0.83023065
A0301_KLGGALQAK_IE-1_CMV_binder_TCR_26947,0,0.896636,0.9461799,0.81844723
A0301_KLGGALQAK_IE-1_CMV_binder_TCR_26953,0,0.89107156,0.88155234,0.45914236
A0301_KLGGALQAK_IE-1_CMV_binder_TCR_26974,1,0.896759,0.9523513,0.8557565
A0301_KLGGALQAK_IE-1_CMV_binder_TCR_27004,0,0.90523994,0.9820827,0.884453
A0301_KLGGALQAK_IE-1_CMV_binder_TCR_27013,1,0.9015771,0.966074,0.80857795
A0301_KLGGALQAK_IE-1_CMV_binder_TCR_27016,1,0.89679116,0.96704704,0.71351546
A0301_KLGGALQAK_IE-1_CMV_binder_TCR_27030,0,0.8911144,0.89047474,0.32763696
A0301_KLGGALQAK_IE-1_CMV_binder_TCR_27041,0,0.89458513,0.9433794,0.73689353
A0301_KLGGALQAK_IE-1_CMV_binder_TCR_27054,0,0.8935894,0.92322165,0.80996156
A0301_KLGGALQAK_IE-1_CMV_binder_TCR_2706,0,0.8983032,0.9560646,0.6946627
A0301_KLGGALQAK_IE-1_CMV_binder_TCR_27067,0,0.8979171,0.9653737,0.8252063
A0301_KLGGALQAK_IE-1_CMV_binder_TCR_27070,0,0.8967114,0.94940734,0.82414955
A0301_KLGGALQAK_IE-1_CMV_binder_TCR_27079,0,0.8999793,0.9407125,0.87551427
A0301_KLGGALQAK_IE-1_CMV_binder_TCR_27083,1,0.9008267,0.9679445,0.91531795
A0301_KLGGALQAK_IE-1_CMV_binder_TCR_27089,1,0.89549524,0.88021725,0.78633016
A0301_KLGGALQAK_IE-1_CMV_binder_TCR_27115,1,0.9009169,0.9494772,0.74169236
A0301_KLGGALQAK_IE-1_CMV_binder_TCR_27129,0,0.8985007,0.95812196,0.7463975
A0301_KLGGALQAK_IE-1_CMV_binder_TCR_27145,0,0.8980831,0.96787316,0.81875837
A0301_KLGGALQAK_IE-1_CMV_binder_TCR_27154,1,0.89961916,0.95196897,0.7926823
A0301_KLGGALQAK_IE-1_CMV_binder_TCR_27156,1,0.898283,0.95067513,0.6399767
A0301_KLGGALQAK_IE-1_CMV_binder_TCR_27160,0,0.9010707,0.96244586,0.84608644
A0301_KLGGALQAK_IE-1_CMV_binder_TCR_27164,1,0.89542717,0.952718,0.5563898
A0301_KLGGALQAK_IE-1_CMV_binder_TCR_27184,0,0.8998423,0.93924224,0.88174564
A0301_KLGGALQAK_IE-1_CMV_binder_TCR_27186,1,0.9012535,0.96296793,0.9239159
A0301_KLGGALQAK_IE-1_CMV_binder_TCR_27200,1,0.900267,0.95495313,0.8015284
A0301_KLGGALQAK_IE-1_CMV_binder_TCR_27231,1,0.8990165,0.9416737,0.82869166
A0301_KLGGALQAK_IE-1_CMV_binder_TCR_2726,0,0.89855844,0.94064635,0.82281005
A0301_KLGGALQAK_IE-1_CMV_binder_TCR_27275,1,0.8987499,0.9352912,0.8616614
A0301_KLGGALQAK_IE-1_CMV_binder_TCR_27278,0,0.90061545,0.9523109,0.83108556
A0301_KLGGALQAK_IE-1_CMV_binder_TCR_27282,0,0.8980952,0.9432077,0.8609495
A0301_KLGGALQAK_IE-1_CMV_binder_TCR_27283,1,0.8976436,0.94646126,0.7864843
A0301_KLGGALQAK_IE-1_CMV_binder_TCR_27313,0,0.8940356,0.93004256,0.62790954
A0301_KLGGALQAK_IE-1_CMV_binder_TCR_27322,0,0.9012354,0.96255606,0.78864187
A0301_KLGGALQAK_IE-1_CMV_binder_TCR_27333,1,0.8981822,0.92197037,0.64457893
A0301_KLGGALQAK_IE-1_CMV_binder_TCR_27357,0,0.9006036,0.9744801,0.87970406
A0301_KLGGALQAK_IE-1_CMV_binder_TCR_27363,0,0.89102703,0.8593316,0.72785056
A0301_KLGGALQAK_IE-1_CMV_binder_TCR_27367,0,0.89950466,0.94795495,0.84298724
A0301_KLGGALQAK_IE-1_CMV_binder_TCR_27377,0,0.89466155,0.94874096,0.82533884
A0301_KLGGALQAK_IE-1_CMV_binder_TCR_27383,0,0.8967604,0.96287537,0.84601486
A0301_KLGGALQAK_IE-1_CMV_binder_TCR_2740,0,0.90306455,0.96338916,0.87063617
A0301_KLGGALQAK_IE-1_CMV_binder_TCR_27413,0,0.8976268,0.9498469,0.788846
A0301_KLGGALQAK_IE-1_CMV_binder_TCR_27439,0,0.89807934,0.952348,0.83279896
A0301_KLGGALQAK_IE-1_CMV_binder_TCR_27450,0,0.89677,0.94441247,0.83560044
A0301_KLGGALQAK_IE-1_CMV_binder_TCR_27452,0,0.8987245,0.96327454,0.79190975
A0301_KLGGALQAK_IE-1_CMV_binder_TCR_27477,0,0.9007998,0.95441985,0.7853635
A0301_KLGGALQAK_IE-1_CMV_binder_TCR_27478,0,0.89615583,0.89104795,0.7999926
A0301_KLGGALQAK_IE-1_CMV_binder_TCR_27502,1,0.898986,0.9355455,0.70636564
A0301_KLGGALQAK_IE-1_CMV_binder_TCR_27529,0,0.89607924,0.9045878,0.8945721
A0301_KLGGALQAK_IE-1_CMV_binder_TCR_27537,1,0.8988287,0.93914086,0.807933
A0301_KLGGALQAK_IE-1_CMV_binder_TCR_27554,0,0.89872074,0.95491004,0.86748743
A0301_KLGGALQAK_IE-1_CMV_binder_TCR_27583,0,0.8936624,0.8964895,0.8124679
A0301_KLGGALQAK_IE-1_CMV_binder_TCR_27589,0,0.9039725,0.95461863,0.8503103
A0301_KLGGALQAK_IE-1_CMV_binder_TCR_27592,0,0.89534247,0.94390166,0.88838196
A0301_KLGGALQAK_IE-1_CMV_binder_TCR_27622,1,0.90283805,0.968629,0.94316036
A0301_KLGGALQAK_IE-1_CMV_binder_TCR_27633,0,0.9011476,0.9594656,0.84779257
A0301_KLGGALQAK_IE-1_CMV_binder_TCR_27641,1,0.9023885,0.9695677,0.74434483
A0301_KLGGALQAK_IE-1_CMV_binder_TCR_27657,0,0.8989069,0.9668695,0.8055262
A0301_KLGGALQAK_IE-1_CMV_binder_TCR_27662,1,0.89909744,0.9711728,0.8007277
A0301_KLGGALQAK_IE-1_CMV_binder_TCR_27694,0,0.90061796,0.9692718,0.88634545
A0301_KLGGALQAK_IE-1_CMV_binder_TCR_27702,0,0.8980064,0.95925134,0.6369451
A0301_KLGGALQAK_IE-1_CMV_binder_TCR_27731,0,0.9020599,0.97593623,0.87491626
A0301_KLGGALQAK_IE-1_CMV_binder_TCR_27760,1,0.9000003,0.95980793,0.847539
A0301_KLGGALQAK_IE-1_CMV_binder_TCR_27778,0,0.8925274,0.92180234,0.17509526
A0301_KLGGALQAK_IE-1_CMV_binder_TCR_27779,0,0.89771354,0.92828554,0.48445994
A0301_KLGGALQAK_IE-1_CMV_binder_TCR_2778,1,0.8993738,0.95824957,0.77764463
A0301_KLGGALQAK_IE-1_CMV_binder_TCR_27780,0,0.8950712,0.92133147,0.49974823
A0301_KLGGALQAK_IE-1_CMV_binder_TCR_27789,0,0.89660245,0.9227894,0.26287162
A0301_KLGGALQAK_IE-1_CMV_binder_TCR_27790,0,0.8914618,0.92273724,0.059724875
A0301_KLGGALQAK_IE-1_CMV_binder_TCR_27795,1,0.9001289,0.96440315,0.8761786
A0301_KLGGALQAK_IE-1_CMV_binder_TCR_27854,0,0.8965679,0.9307455,0.71153367
A0301_KLGGALQAK_IE-1_CMV_binder_TCR_27862,1,0.89918756,0.97228277,0.8473014
A0301_KLGGALQAK_IE-1_CMV_binder_TCR_27869,1,0.8991815,0.95844644,0.8336466
A0301_KLGGALQAK_IE-1_CMV_binder_TCR_27877,1,0.89994663,0.9560501,0.84862524
A0301_KLGGALQAK_IE-1_CMV_binder_TCR_27912,0,0.89679587,0.9175897,0.83617353
A0301_KLGGALQAK_IE-1_CMV_binder_TCR_27914,0,0.89514023,0.9192179,0.8392561
A0301_KLGGALQAK_IE-1_CMV_binder_TCR_27951,0,0.8979888,0.9519047,0.8537416
A0301_KLGGALQAK_IE-1_CMV_binder_TCR_27961,0,0.8917495,0.8557663,0.3884225
A0301_KLGGALQAK_IE-1_CMV_binder_TCR_27967,0,0.8953226,0.9444961,0.74446684
A0301_KLGGALQAK_IE-1_CMV_binder_TCR_28001,0,0.8975882,0.918342,0.78272223
A0301_KLGGALQAK_IE-1_CMV_binder_TCR_28003,0,0.89728194,0.924717,0.7369912
A0301_KLGGALQAK_IE-1_CMV_binder_TCR_28018,0,0.89393985,0.92613727,0.6403639
A0301_KLGGALQAK_IE-1_CMV_binder_TCR_28047,1,0.89309704,0.896508,0.89801544
A0301_KLGGALQAK_IE-1_CMV_binder_TCR_28048,1,0.8965244,0.93908006,0.8130343
A0301_KLGGALQAK_IE-1_CMV_binder_TCR_28055,1,0.89697963,0.9410315,0.8114415
A0301_KLGGALQAK_IE-1_CMV_binder_TCR_28056,0,0.89940745,0.95134884,0.83086675
A0301_KLGGALQAK_IE-1_CMV_binder_TCR_28072,0,0.89501816,0.911273,0.4969323
A0301_KLGGALQAK_IE-1_CMV_binder_TCR_28096,0,0.89995486,0.9528658,0.8044954
A0301_KLGGALQAK_IE-1_CMV_binder_TCR_28147,0,0.8976292,0.9488107,0.8198357
A0301_KLGGALQAK_IE-1_CMV_binder_TCR_28158,0,0.89552736,0.88278574,0.846898
A0301_KLGGALQAK_IE-1_CMV_binder_TCR_28160,1,0.89279014,0.9055643,0.77717185
A0301_KLGGALQAK_IE-1_CMV_binder_TCR_28168,0,0.8937169,0.93482673,0.8055539
A0301_KLGGALQAK_IE-1_CMV_binder_TCR_28183,1,0.89444447,0.90652627,0.76786983
A0301_KLGGALQAK_IE-1_CMV_binder_TCR_28185,0,0.9020637,0.93844354,0.8486225
A0301_KLGGALQAK_IE-1_CMV_binder_TCR_28186,0,0.8947722,0.9300968,0.7441198
A0301_KLGGALQAK_IE-1_CMV_binder_TCR_2820,0,0.8972633,0.9592881,0.7727123
A0301_KLGGALQAK_IE-1_CMV_binder_TCR_28200,1,0.8996898,0.96480167,0.8885837
A0301_KLGGALQAK_IE-1_CMV_binder_TCR_28208,0,0.8937284,0.93428886,0.81650877
A0301_KLGGALQAK_IE-1_CMV_binder_TCR_28228,1,0.89923894,0.9474869,0.75042725
A0301_KLGGALQAK_IE-1_CMV_binder_TCR_28278,1,0.9003592,0.95077854,0.82855564
A0301_KLGGALQAK_IE-1_CMV_binder_TCR_28284,1,0.8985614,0.94430786,0.8296233
A0301_KLGGALQAK_IE-1_CMV_binder_TCR_28286,0,0.9041072,0.9482248,0.8296475
A0301_KLGGALQAK_IE-1_CMV_binder_TCR_28295,0,0.89954126,0.9612148,0.79276663
A0301_KLGGALQAK_IE-1_CMV_binder_TCR_28314,0,0.8961157,0.9254604,0.69665146
A0301_KLGGALQAK_IE-1_CMV_binder_TCR_28351,1,0.89717025,0.9593166,0.8044946
A0301_KLGGALQAK_IE-1_CMV_binder_TCR_28356,0,0.8934134,0.93810636,0.7098207
A0301_KLGGALQAK_IE-1_CMV_binder_TCR_28360,1,0.89814925,0.94269085,0.84809905
A0301_KLGGALQAK_IE-1_CMV_binder_TCR_28377,0,0.9020112,0.93386877,0.68478554
A0301_KLGGALQAK_IE-1_CMV_binder_TCR_28400,0,0.89473903,0.934135,0.47687808
A0301_KLGGALQAK_IE-1_CMV_binder_TCR_28428,0,0.89949256,0.973808,0.84849787
A0301_KLGGALQAK_IE-1_CMV_binder_TCR_28439,0,0.8978043,0.9531361,0.90854925
A0301_KLGGALQAK_IE-1_CMV_binder_TCR_28454,1,0.8996299,0.946412,0.8324239
A0301_KLGGALQAK_IE-1_CMV_binder_TCR_28459,0,0.8984663,0.94643444,0.7962831
A0301_KLGGALQAK_IE-1_CMV_binder_TCR_2846,0,0.8989749,0.93869644,0.8334453
A0301_KLGGALQAK_IE-1_CMV_binder_TCR_28468,0,0.89796996,0.9543369,0.8399465
A0301_KLGGALQAK_IE-1_CMV_binder_TCR_2850,0,0.89461344,0.9296208,0.5982446
A0301_KLGGALQAK_IE-1_CMV_binder_TCR_28506,0,0.8956554,0.92501205,0.87313557
A0301_KLGGALQAK_IE-1_CMV_binder_TCR_28510,0,0.8971783,0.943731,0.6849822
A0301_KLGGALQAK_IE-1_CMV_binder_TCR_2852,0,0.90143865,0.9590738,0.8248704
A0301_KLGGALQAK_IE-1_CMV_binder_TCR_28521,1,0.9019317,0.9449674,0.85148793
A0301_KLGGALQAK_IE-1_CMV_binder_TCR_28530,0,0.8988953,0.91430575,0.79749465
A0301_KLGGALQAK_IE-1_CMV_binder_TCR_28536,0,0.898804,0.9215285,0.6946044
A0301_KLGGALQAK_IE-1_CMV_binder_TCR_28539,1,0.8992844,0.90504164,0.76572216
A0301_KLGGALQAK_IE-1_CMV_binder_TCR_28541,0,0.8944912,0.93354195,0.74301314
A0301_KLGGALQAK_IE-1_CMV_binder_TCR_28549,0,0.90009016,0.89263797,0.76250666
A0301_KLGGALQAK_IE-1_CMV_binder_TCR_28550,0,0.90238667,0.89256394,0.73615587
A0301_KLGGALQAK_IE-1_CMV_binder_TCR_28561,0,0.9000916,0.89035094,0.7242379
A0301_KLGGALQAK_IE-1_CMV_binder_TCR_28582,0,0.8993525,0.90495527,0.7376384
A0301_KLGGALQAK_IE-1_CMV_binder_TCR_28596,0,0.8984059,0.87132233,0.6619198
A0301_KLGGALQAK_IE-1_CMV_binder_TCR_286,0,0.8983046,0.9418008,0.8033493
A0301_KLGGALQAK_IE-1_CMV_binder_TCR_28603,0,0.89465195,0.93190986,0.7824515
A0301_KLGGALQAK_IE-1_CMV_binder_TCR_28612,0,0.8987932,0.90832114,0.749127
A0301_KLGGALQAK_IE-1_CMV_binder_TCR_28614,0,0.8985715,0.91246676,0.67999834
A0301_KLGGALQAK_IE-1_CMV_binder_TCR_28625,0,0.89596397,0.9282931,0.7711646
A0301_KLGGALQAK_IE-1_CMV_binder_TCR_28634,0,0.8930254,0.9313409,0.6470148
A0301_KLGGALQAK_IE-1_CMV_binder_TCR_28676,0,0.90005094,0.9102976,0.828187
A0301_KLGGALQAK_IE-1_CMV_binder_TCR_28687,0,0.89761865,0.8860246,0.7723721
A0301_KLGGALQAK_IE-1_CMV_binder_TCR_28700,0,0.8948852,0.92362356,0.7541098
A0301_KLGGALQAK_IE-1_CMV_binder_TCR_28719,0,0.89834577,0.89990574,0.7713322
A0301_KLGGALQAK_IE-1_CMV_binder_TCR_2872,0,0.8962827,0.8903359,0.64993536
A0301_KLGGALQAK_IE-1_CMV_binder_TCR_28737,0,0.89472103,0.93310195,0.82146674
A0301_KLGGALQAK_IE-1_CMV_binder_TCR_28738,0,0.90081894,0.9538862,0.7659191
A0301_KLGGALQAK_IE-1_CMV_binder_TCR_28752,0,0.89891076,0.8693542,0.75638324
A0301_KLGGALQAK_IE-1_CMV_binder_TCR_28792,1,0.89583886,0.94745326,0.8335027
A0301_KLGGALQAK_IE-1_CMV_binder_TCR_28823,1,0.8990699,0.95584285,0.8239802
A0301_KLGGALQAK_IE-1_CMV_binder_TCR_28891,0,0.90106046,0.92999923,0.88772076
A0301_KLGGALQAK_IE-1_CMV_binder_TCR_28904,1,0.899724,0.96639556,0.8649437
A0301_KLGGALQAK_IE-1_CMV_binder_TCR_28941,0,0.89391214,0.9191742,0.8072675
A0301_KLGGALQAK_IE-1_CMV_binder_TCR_28947,0,0.90037507,0.93563855,0.7320748
A0301_KLGGALQAK_IE-1_CMV_binder_TCR_28948,0,0.89555347,0.93915296,0.77618146
A0301_KLGGALQAK_IE-1_CMV_binder_TCR_2896,0,0.89710486,0.96443254,0.71973187
A0301_KLGGALQAK_IE-1_CMV_binder_TCR_28963,0,0.9053374,0.9750635,0.87514275
A0301_KLGGALQAK_IE-1_CMV_binder_TCR_28964,0,0.8978296,0.9567288,0.79863834
A0301_KLGGALQAK_IE-1_CMV_binder_TCR_28966,1,0.90014327,0.9629491,0.69319385
A0301_KLGGALQAK_IE-1_CMV_binder_TCR_28974,1,0.8968151,0.9278435,0.73101026
A0301_KLGGALQAK_IE-1_CMV_binder_TCR_28976,0,0.8969027,0.9516594,0.87646484
A0301_KLGGALQAK_IE-1_CMV_binder_TCR_28978,1,0.8978916,0.9460138,0.8279626
A0301_KLGGALQAK_IE-1_CMV_binder_TCR_29021,0,0.9011019,0.96483797,0.82914734
A0301_KLGGALQAK_IE-1_CMV_binder_TCR_29030,0,0.89937526,0.9650522,0.858441
A0301_KLGGALQAK_IE-1_CMV_binder_TCR_29036,0,0.9005501,0.95979387,0.7514811
A0301_KLGGALQAK_IE-1_CMV_binder_TCR_29053,0,0.89511293,0.9420273,0.8458374
A0301_KLGGALQAK_IE-1_CMV_binder_TCR_29057,0,0.8940233,0.93753326,0.74574596
A0301_KLGGALQAK_IE-1_CMV_binder_TCR_29120,0,0.89884657,0.94694245,0.8222634
A0301_KLGGALQAK_IE-1_CMV_binder_TCR_2915,0,0.8953559,0.9512573,0.7916754
A0301_KLGGALQAK_IE-1_CMV_binder_TCR_29151,0,0.89570874,0.91871613,0.55459744
A0301_KLGGALQAK_IE-1_CMV_binder_TCR_29160,0,0.898872,0.9132697,0.78406817
A0301_KLGGALQAK_IE-1_CMV_binder_TCR_29186,0,0.9022427,0.96083295,0.8118014
A0301_KLGGALQAK_IE-1_CMV_binder_TCR_29197,0,0.8999313,0.9357266,0.8225652
A0301_KLGGALQAK_IE-1_CMV_binder_TCR_29230,0,0.89887387,0.9360372,0.58041465
A0301_KLGGALQAK_IE-1_CMV_binder_TCR_29231,0,0.9007133,0.9398809,0.83129996
A0301_KLGGALQAK_IE-1_CMV_binder_TCR_29248,0,0.9026256,0.9618793,0.7269719
A0301_KLGGALQAK_IE-1_CMV_binder_TCR_29258,0,0.8996271,0.95321226,0.7883563
A0301_KLGGALQAK_IE-1_CMV_binder_TCR_29292,0,0.8929173,0.8391407,0.7646923
A0301_KLGGALQAK_IE-1_CMV_binder_TCR_29296,1,0.8942919,0.83882564,0.6784474
A0301_KLGGALQAK_IE-1_CMV_binder_TCR_29317,1,0.8970658,0.95566094,0.86064225
A0301_KLGGALQAK_IE-1_CMV_binder_TCR_29322,0,0.88946545,0.9176593,0.6374077
A0301_KLGGALQAK_IE-1_CMV_binder_TCR_29326,0,0.8905069,0.89730024,0.54424417
A0301_KLGGALQAK_IE-1_CMV_binder_TCR_29334,1,0.8979323,0.9446458,0.8216383
A0301_KLGGALQAK_IE-1_CMV_binder_TCR_29346,0,0.8995729,0.9605111,0.84420496
A0301_KLGGALQAK_IE-1_CMV_binder_TCR_29375,0,0.8982029,0.96125764,0.7897004
A0301_KLGGALQAK_IE-1_CMV_binder_TCR_29378,1,0.8984612,0.9677573,0.8590604
A0301_KLGGALQAK_IE-1_CMV_binder_TCR_29398,0,0.9034602,0.9740966,0.81380266
A0301_KLGGALQAK_IE-1_CMV_binder_TCR_29404,0,0.9029408,0.95483583,0.83945364
A0301_KLGGALQAK_IE-1_CMV_binder_TCR_29407,0,0.8963314,0.9533729,0.85199535
A0301_KLGGALQAK_IE-1_CMV_binder_TCR_29432,1,0.9018103,0.97059894,0.82422805
A0301_KLGGALQAK_IE-1_CMV_binder_TCR_29435,1,0.8984913,0.9760425,0.8408661
A0301_KLGGALQAK_IE-1_CMV_binder_TCR_29470,0,0.89915115,0.9677844,0.8819248
A0301_KLGGALQAK_IE-1_CMV_binder_TCR_29489,0,0.9003331,0.944185,0.79855084
A0301_KLGGALQAK_IE-1_CMV_binder_TCR_29508,0,0.8984802,0.94733375,0.83443207
A0301_KLGGALQAK_IE-1_CMV_binder_TCR_29512,1,0.90166277,0.9726221,0.87345666
A0301_KLGGALQAK_IE-1_CMV_binder_TCR_29526,1,0.8953531,0.9397741,0.78579634
A0301_KLGGALQAK_IE-1_CMV_binder_TCR_29530,1,0.89888966,0.96250284,0.79794204
A0301_KLGGALQAK_IE-1_CMV_binder_TCR_29537,1,0.899149,0.9696863,0.88670605
A0301_KLGGALQAK_IE-1_CMV_binder_TCR_29548,0,0.90260684,0.94390696,0.8375635
A0301_KLGGALQAK_IE-1_CMV_binder_TCR_2957,0,0.89629674,0.96564996,0.75872177
A0301_KLGGALQAK_IE-1_CMV_binder_TCR_29574,0,0.8962321,0.9688493,0.79809976
A0301_KLGGALQAK_IE-1_CMV_binder_TCR_29582,0,0.89899915,0.958798,0.8177498
A0301_KLGGALQAK_IE-1_CMV_binder_TCR_29585,0,0.8994965,0.93511397,0.7977251
A0301_KLGGALQAK_IE-1_CMV_binder_TCR_29589,0,0.8987885,0.9493143,0.7982564
A0301_KLGGALQAK_IE-1_CMV_binder_TCR_29607,0,0.89675885,0.9473928,0.8258356
A0301_KLGGALQAK_IE-1_CMV_binder_TCR_29630,0,0.9005393,0.97382313,0.85685265
A0301_KLGGALQAK_IE-1_CMV_binder_TCR_29633,1,0.8996388,0.9679864,0.8598075
A0301_KLGGALQAK_IE-1_CMV_binder_TCR_29637,0,0.8961203,0.93591887,0.80591583
A0301_KLGGALQAK_IE-1_CMV_binder_TCR_29659,1,0.9013291,0.9653678,0.8327832
A0301_KLGGALQAK_IE-1_CMV_binder_TCR_29690,0,0.89504504,0.95279616,0.8504527
A0301_KLGGALQAK_IE-1_CMV_binder_TCR_29701,0,0.8966865,0.95004034,0.79210865
A0301_KLGGALQAK_IE-1_CMV_binder_TCR_29703,1,0.89309305,0.9350516,0.80442053
A0301_KLGGALQAK_IE-1_CMV_binder_TCR_29721,1,0.9042893,0.9712224,0.8675378
A0301_KLGGALQAK_IE-1_CMV_binder_TCR_29725,0,0.89870167,0.95566005,0.90291727
A0301_KLGGALQAK_IE-1_CMV_binder_TCR_29730,1,0.90348315,0.9730156,0.8341246
A0301_KLGGALQAK_IE-1_CMV_binder_TCR_29753,0,0.9018828,0.9592777,0.84204686
A0301_KLGGALQAK_IE-1_CMV_binder_TCR_29757,1,0.8992376,0.95153373,0.83044094
A0301_KLGGALQAK_IE-1_CMV_binder_TCR_29773,0,0.9014809,0.9599017,0.86736786
A0301_KLGGALQAK_IE-1_CMV_binder_TCR_29789,1,0.89802426,0.92804706,0.8386051
A0301_KLGGALQAK_IE-1_CMV_binder_TCR_29806,1,0.9039156,0.9852055,0.8539982
A0301_KLGGALQAK_IE-1_CMV_binder_TCR_29821,0,0.90067405,0.96569145,0.8469317
A0301_KLGGALQAK_IE-1_CMV_binder_TCR_29829,1,0.901269,0.9456995,0.88427633
A0301_KLGGALQAK_IE-1_CMV_binder_TCR_29840,1,0.8992514,0.95423585,0.67707026
A0301_KLGGALQAK_IE-1_CMV_binder_TCR_2986,1,0.89977205,0.9613313,0.8741691
A0301_KLGGALQAK_IE-1_CMV_binder_TCR_29881,0,0.8941665,0.9364063,0.8509962
A0301_KLGGALQAK_IE-1_CMV_binder_TCR_29887,0,0.9035436,0.9704939,0.86157477
A0301_KLGGALQAK_IE-1_CMV_binder_TCR_29892,1,0.8997844,0.94689715,0.83948
A0301_KLGGALQAK_IE-1_CMV_binder_TCR_29898,1,0.8947012,0.9354984,0.6982655
A0301_KLGGALQAK_IE-1_CMV_binder_TCR_2990,1,0.8959839,0.95672315,0.7653514
A0301_KLGGALQAK_IE-1_CMV_binder_TCR_29904,1,0.90753156,0.9642783,0.8923953
A0301_KLGGALQAK_IE-1_CMV_binder_TCR_29908,0,0.89883476,0.9517399,0.75233126
A0301_KLGGALQAK_IE-1_CMV_binder_TCR_29926,1,0.90055174,0.9629302,0.8156141
A0301_KLGGALQAK_IE-1_CMV_binder_TCR_29940,1,0.90386105,0.9614326,0.88390636
A0301_KLGGALQAK_IE-1_CMV_binder_TCR_29945,1,0.8970362,0.9706332,0.7956203
A0301_KLGGALQAK_IE-1_CMV_binder_TCR_29958,1,0.89785844,0.96515644,0.852671
A0301_KLGGALQAK_IE-1_CMV_binder_TCR_29962,1,0.89938927,0.9603955,0.8142589
A0301_KLGGALQAK_IE-1_CMV_binder_TCR_29970,1,0.8959518,0.9449873,0.80397224
A0301_KLGGALQAK_IE-1_CMV_binder_TCR_2998,0,0.9012025,0.93850946,0.873279
A0301_KLGGALQAK_IE-1_CMV_binder_TCR_30010,0,0.8998118,0.962664,0.81255066
A0301_KLGGALQAK_IE-1_CMV_binder_TCR_30016,0,0.8984894,0.96809924,0.90506154
A0301_KLGGALQAK_IE-1_CMV_binder_TCR_30053,0,0.8937225,0.93734473,0.5569889
A0301_KLGGALQAK_IE-1_CMV_binder_TCR_30057,1,0.9018394,0.9538837,0.8505309
A0301_KLGGALQAK_IE-1_CMV_binder_TCR_30068,1,0.89890015,0.95859617,0.74714273
A0301_KLGGALQAK_IE-1_CMV_binder_TCR_30091,1,0.89640516,0.9719213,0.8742724
A0301_KLGGALQAK_IE-1_CMV_binder_TCR_30106,0,0.9030519,0.9762407,0.8620751
A0301_KLGGALQAK_IE-1_CMV_binder_TCR_30116,1,0.8992025,0.9738849,0.8931972
A0301_KLGGALQAK_IE-1_CMV_binder_TCR_30130,0,0.8934584,0.9550813,0.6425138
A0301_KLGGALQAK_IE-1_CMV_binder_TCR_30132,0,0.8963364,0.9528284,0.47793734
A0301_KLGGALQAK_IE-1_CMV_binder_TCR_30139,1,0.8954982,0.921677,0.78231543
A0301_KLGGALQAK_IE-1_CMV_binder_TCR_30148,0,0.89751524,0.96502745,0.8100599
A0301_KLGGALQAK_IE-1_CMV_binder_TCR_30152,1,0.8985439,0.9576082,0.822045
A0301_KLGGALQAK_IE-1_CMV_binder_TCR_30211,1,0.9000519,0.9633802,0.8285331
A0301_KLGGALQAK_IE-1_CMV_binder_TCR_30222,0,0.8980564,0.96365035,0.8800232
A0301_KLGGALQAK_IE-1_CMV_binder_TCR_30241,0,0.90147376,0.9498384,0.836446
A0301_KLGGALQAK_IE-1_CMV_binder_TCR_30253,0,0.8974321,0.943708,0.8273661
A0301_KLGGALQAK_IE-1_CMV_binder_TCR_30286,1,0.89996684,0.97253394,0.74705213
A0301_KLGGALQAK_IE-1_CMV_binder_TCR_30288,0,0.8986744,0.9628082,0.8426189
A0301_KLGGALQAK_IE-1_CMV_binder_TCR_30302,0,0.8978187,0.9630339,0.8202917
A0301_KLGGALQAK_IE-1_CMV_binder_TCR_30335,1,0.8980775,0.95617276,0.8162722
A0301_KLGGALQAK_IE-1_CMV_binder_TCR_30371,0,0.9040143,0.96835876,0.90314746
A0301_KLGGALQAK_IE-1_CMV_binder_TCR_30389,1,0.9006238,0.96064866,0.8847303
A0301_KLGGALQAK_IE-1_CMV_binder_TCR_30408,0,0.890634,0.94844306,0.87235695
A0301_KLGGALQAK_IE-1_CMV_binder_TCR_30416,0,0.8951409,0.95929885,0.8628932
A0301_KLGGALQAK_IE-1_CMV_binder_TCR_30423,0,0.89638984,0.94929975,0.8165957
A0301_KLGGALQAK_IE-1_CMV_binder_TCR_30426,0,0.8919124,0.9090729,0.49744442
A0301_KLGGALQAK_IE-1_CMV_binder_TCR_30466,0,0.90356773,0.974881,0.8852745
A0301_KLGGALQAK_IE-1_CMV_binder_TCR_30470,1,0.89700645,0.9388604,0.8361673
A0301_KLGGALQAK_IE-1_CMV_binder_TCR_3049,1,0.9004894,0.90005684,0.7685049
A0301_KLGGALQAK_IE-1_CMV_binder_TCR_30490,1,0.8988884,0.9321639,0.6864108
A0301_KLGGALQAK_IE-1_CMV_binder_TCR_30512,1,0.8965757,0.9572789,0.827845
A0301_KLGGALQAK_IE-1_CMV_binder_TCR_30521,1,0.89698017,0.96087193,0.689521
A0301_KLGGALQAK_IE-1_CMV_binder_TCR_30554,1,0.8972046,0.9318615,0.81053793
A0301_KLGGALQAK_IE-1_CMV_binder_TCR_3058,0,0.9001002,0.922527,0.77446973
A0301_KLGGALQAK_IE-1_CMV_binder_TCR_30589,1,0.89846575,0.95303214,0.83653724
A0301_KLGGALQAK_IE-1_CMV_binder_TCR_30602,1,0.9006899,0.9388035,0.8326482
A0301_KLGGALQAK_IE-1_CMV_binder_TCR_30604,1,0.898722,0.9614155,0.860305
A0301_KLGGALQAK_IE-1_CMV_binder_TCR_3062,0,0.89320993,0.93127584,0.50589037
A0301_KLGGALQAK_IE-1_CMV_binder_TCR_30622,0,0.9011146,0.97053033,0.86283785
A0301_KLGGALQAK_IE-1_CMV_binder_TCR_30643,0,0.898636,0.9323084,0.825441
A0301_KLGGALQAK_IE-1_CMV_binder_TCR_30650,0,0.90114653,0.9469822,0.832897
A0301_KLGGALQAK_IE-1_CMV_binder_TCR_30657,1,0.8973617,0.9342429,0.7769864
A0301_KLGGALQAK_IE-1_CMV_binder_TCR_30676,0,0.8982352,0.96012825,0.8753146
A0301_KLGGALQAK_IE-1_CMV_binder_TCR_30682,1,0.8920185,0.90902686,0.34471762
A0301_KLGGALQAK_IE-1_CMV_binder_TCR_30683,1,0.89269114,0.9358536,0.63785183
A0301_KLGGALQAK_IE-1_CMV_binder_TCR_30687,0,0.9003704,0.9718473,0.86100465
A0301_KLGGALQAK_IE-1_CMV_binder_TCR_3071,0,0.89546007,0.92796963,0.8590114
A0301_KLGGALQAK_IE-1_CMV_binder_TCR_30717,0,0.8993637,0.97185034,0.89537
A0301_KLGGALQAK_IE-1_CMV_binder_TCR_30726,1,0.8905226,0.9152078,0.60937035
A0301_KLGGALQAK_IE-1_CMV_binder_TCR_30727,1,0.89675397,0.9161059,0.74802905
A0301_KLGGALQAK_IE-1_CMV_binder_TCR_30743,1,0.90138406,0.94940346,0.83279365
A0301_KLGGALQAK_IE-1_CMV_binder_TCR_30759,0,0.8991039,0.95380217,0.81030524
A0301_KLGGALQAK_IE-1_CMV_binder_TCR_30767,1,0.8992964,0.9713642,0.79099256
A0301_KLGGALQAK_IE-1_CMV_binder_TCR_30774,0,0.89784867,0.9575174,0.79597527
A0301_KLGGALQAK_IE-1_CMV_binder_TCR_30778,1,0.8924039,0.9424732,0.4334991
A0301_KLGGALQAK_IE-1_CMV_binder_TCR_30780,0,0.8966725,0.92503685,0.7397504
A0301_KLGGALQAK_IE-1_CMV_binder_TCR_30788,1,0.8968283,0.95804155,0.7535817
A0301_KLGGALQAK_IE-1_CMV_binder_TCR_30792,0,0.8987991,0.964064,0.8046074
A0301_KLGGALQAK_IE-1_CMV_binder_TCR_30804,1,0.891205,0.9012168,0.7456027
A0301_KLGGALQAK_IE-1_CMV_binder_TCR_30820,0,0.90009314,0.9404791,0.85653645
A0301_KLGGALQAK_IE-1_CMV_binder_TCR_30829,1,0.89327717,0.9114968,0.7064937
A0301_KLGGALQAK_IE-1_CMV_binder_TCR_30832,0,0.8980184,0.9123632,0.7269933
A0301_KLGGALQAK_IE-1_CMV_binder_TCR_30849,1,0.9037416,0.969381,0.7675788
A0301_KLGGALQAK_IE-1_CMV_binder_TCR_30852,0,0.89718896,0.9545074,0.7441559
A0301_KLGGALQAK_IE-1_CMV_binder_TCR_30873,1,0.89839685,0.95376456,0.79362273
A0301_KLGGALQAK_IE-1_CMV_binder_TCR_30883,0,0.89854985,0.9377019,0.8357976
A0301_KLGGALQAK_IE-1_CMV_binder_TCR_30905,0,0.8976638,0.94948244,0.90781814
A0301_KLGGALQAK_IE-1_CMV_binder_TCR_30906,0,0.89623564,0.9515998,0.8953239
A0301_KLGGALQAK_IE-1_CMV_binder_TCR_3091,0,0.89518607,0.9296354,0.82404625
A0301_KLGGALQAK_IE-1_CMV_binder_TCR_30916,0,0.9002486,0.9260389,0.8286039
A0301_KLGGALQAK_IE-1_CMV_binder_TCR_3095,0,0.8975007,0.9446576,0.7890611
A0301_KLGGALQAK_IE-1_CMV_binder_TCR_30963,1,0.8965995,0.91624254,0.79990774
A0301_KLGGALQAK_IE-1_CMV_binder_TCR_30975,0,0.9014689,0.96778417,0.83046776
A0301_KLGGALQAK_IE-1_CMV_binder_TCR_31005,0,0.889564,0.88653964,0.37667033
A0301_KLGGALQAK_IE-1_CMV_binder_TCR_31012,0,0.8988833,0.9709563,0.8303216
A0301_KLGGALQAK_IE-1_CMV_binder_TCR_31052,1,0.89827293,0.9340612,0.8691834
A0301_KLGGALQAK_IE-1_CMV_binder_TCR_31062,0,0.8974488,0.9665072,0.8463739
A0301_KLGGALQAK_IE-1_CMV_binder_TCR_31077,0,0.9014586,0.96786124,0.7802338
A0301_KLGGALQAK_IE-1_CMV_binder_TCR_3108,0,0.89706,0.92360866,0.80490917
A0301_KLGGALQAK_IE-1_CMV_binder_TCR_31100,0,0.9001736,0.95458776,0.8593582
A0301_KLGGALQAK_IE-1_CMV_binder_TCR_31102,1,0.89984924,0.9505199,0.76280516
A0301_KLGGALQAK_IE-1_CMV_binder_TCR_31106,0,0.89930123,0.953657,0.7758718
A0301_KLGGALQAK_IE-1_CMV_binder_TCR_31110,1,0.9024749,0.9634145,0.88378185
A0301_KLGGALQAK_IE-1_CMV_binder_TCR_31137,0,0.89837277,0.9498585,0.8025246
A0301_KLGGALQAK_IE-1_CMV_binder_TCR_31174,1,0.9002427,0.9255342,0.80527765
A0301_KLGGALQAK_IE-1_CMV_binder_TCR_31187,0,0.8984618,0.949756,0.8013645
A0301_KLGGALQAK_IE-1_CMV_binder_TCR_31222,0,0.8968108,0.9609592,0.8363215
A0301_KLGGALQAK_IE-1_CMV_binder_TCR_31251,1,0.9016872,0.9547776,0.8181881
A0301_KLGGALQAK_IE-1_CMV_binder_TCR_31254,1,0.9011309,0.95166564,0.82022357
A0301_KLGGALQAK_IE-1_CMV_binder_TCR_31259,1,0.9013952,0.95625657,0.90493745
A0301_KLGGALQAK_IE-1_CMV_binder_TCR_31271,0,0.89377713,0.9369815,0.75737184
A0301_KLGGALQAK_IE-1_CMV_binder_TCR_31281,1,0.9040229,0.9551244,0.8313357
A0301_KLGGALQAK_IE-1_CMV_binder_TCR_31288,1,0.8957098,0.95079255,0.8078043
A0301_KLGGALQAK_IE-1_CMV_binder_TCR_31295,0,0.8995547,0.9607237,0.8442318
A0301_KLGGALQAK_IE-1_CMV_binder_TCR_31343,0,0.899833,0.95935845,0.828456
A0301_KLGGALQAK_IE-1_CMV_binder_TCR_31345,0,0.8932708,0.9263244,0.7871485
A0301_KLGGALQAK_IE-1_CMV_binder_TCR_31379,0,0.899268,0.9101239,0.8249788
A0301_KLGGALQAK_IE-1_CMV_binder_TCR_31394,0,0.90097415,0.9425976,0.8682923
A0301_KLGGALQAK_IE-1_CMV_binder_TCR_31407,0,0.89833105,0.9319309,0.7907004
A0301_KLGGALQAK_IE-1_CMV_binder_TCR_31412,1,0.9009447,0.95460165,0.8224697
A0301_KLGGALQAK_IE-1_CMV_binder_TCR_3142,0,0.90157646,0.9490881,0.7338356
A0301_KLGGALQAK_IE-1_CMV_binder_TCR_31421,0,0.8957672,0.95629865,0.7397829
A0301_KLGGALQAK_IE-1_CMV_binder_TCR_31462,0,0.90210074,0.9638421,0.83805215
A0301_KLGGALQAK_IE-1_CMV_binder_TCR_31493,0,0.89749074,0.96638227,0.83237576
A0301_KLGGALQAK_IE-1_CMV_binder_TCR_31507,1,0.89647,0.94976085,0.8576935
A0301_KLGGALQAK_IE-1_CMV_binder_TCR_31517,0,0.90057164,0.962163,0.88384485
A0301_KLGGALQAK_IE-1_CMV_binder_TCR_31518,0,0.90036124,0.9450773,0.8486102
A0301_KLGGALQAK_IE-1_CMV_binder_TCR_3153,0,0.8961241,0.96302164,0.77483565
A0301_KLGGALQAK_IE-1_CMV_binder_TCR_31532,1,0.89136505,0.92306757,0.7892182
A0301_KLGGALQAK_IE-1_CMV_binder_TCR_31533,0,0.8974354,0.9324418,0.80816716
A0301_KLGGALQAK_IE-1_CMV_binder_TCR_31547,0,0.89838934,0.9662308,0.82594705
A0301_KLGGALQAK_IE-1_CMV_binder_TCR_31552,1,0.8993607,0.9612518,0.8359133
A0301_KLGGALQAK_IE-1_CMV_binder_TCR_31555,0,0.8988484,0.957988,0.85015905
A0301_KLGGALQAK_IE-1_CMV_binder_TCR_31598,0,0.90114266,0.96220684,0.8180015
A0301_KLGGALQAK_IE-1_CMV_binder_TCR_316,0,0.8989355,0.9700069,0.8816624
A0301_KLGGALQAK_IE-1_CMV_binder_TCR_31611,1,0.89875984,0.97282606,0.870695
A0301_KLGGALQAK_IE-1_CMV_binder_TCR_31619,0,0.89702755,0.94234264,0.86525935
A0301_KLGGALQAK_IE-1_CMV_binder_TCR_31644,1,0.9005665,0.95658875,0.9333821
A0301_KLGGALQAK_IE-1_CMV_binder_TCR_3168,0,0.898292,0.9592394,0.88586813
A0301_KLGGALQAK_IE-1_CMV_binder_TCR_31681,0,0.89658844,0.95131004,0.8074341
A0301_KLGGALQAK_IE-1_CMV_binder_TCR_31689,0,0.89615446,0.92183346,0.7991449
A0301_KLGGALQAK_IE-1_CMV_binder_TCR_31691,1,0.8981226,0.96282643,0.8500942
A0301_KLGGALQAK_IE-1_CMV_binder_TCR_31692,0,0.8982105,0.95621127,0.8066923
A0301_KLGGALQAK_IE-1_CMV_binder_TCR_3170,0,0.8983865,0.9476684,0.8673013
A0301_KLGGALQAK_IE-1_CMV_binder_TCR_31739,1,0.90049857,0.947453,0.80868995
A0301_KLGGALQAK_IE-1_CMV_binder_TCR_31770,0,0.89787304,0.93408734,0.8216572
A0301_KLGGALQAK_IE-1_CMV_binder_TCR_31775,0,0.9006063,0.9356204,0.86823446
A0301_KLGGALQAK_IE-1_CMV_binder_TCR_31785,1,0.898722,0.96184045,0.8602758
A0301_KLGGALQAK_IE-1_CMV_binder_TCR_31844,1,0.9030999,0.94531786,0.7892222
A0301_KLGGALQAK_IE-1_CMV_binder_TCR_31854,1,0.90111566,0.94586957,0.82185435
A0301_KLGGALQAK_IE-1_CMV_binder_TCR_31858,0,0.89628375,0.9287639,0.7233922
A0301_KLGGALQAK_IE-1_CMV_binder_TCR_31913,0,0.9014224,0.94231766,0.8327456
A0301_KLGGALQAK_IE-1_CMV_binder_TCR_31924,0,0.8987502,0.94262105,0.75332445
A0301_KLGGALQAK_IE-1_CMV_binder_TCR_3194,1,0.9016818,0.9710633,0.90972924
A0301_KLGGALQAK_IE-1_CMV_binder_TCR_31945,0,0.89493823,0.90379506,0.49452817
A0301_KLGGALQAK_IE-1_CMV_binder_TCR_31957,0,0.89813465,0.9628784,0.8893028
A0301_KLGGALQAK_IE-1_CMV_binder_TCR_31958,1,0.8879012,0.9132549,0.7608936
A0301_KLGGALQAK_IE-1_CMV_binder_TCR_31991,0,0.8954031,0.9568014,0.8262652
A0301_KLGGALQAK_IE-1_CMV_binder_TCR_32003,1,0.90229034,0.9722906,0.8726319
A0301_KLGGALQAK_IE-1_CMV_binder_TCR_32013,1,0.9011574,0.95299405,0.86753947
A0301_KLGGALQAK_IE-1_CMV_binder_TCR_32015,0,0.8978128,0.9559409,0.8217261
A0301_KLGGALQAK_IE-1_CMV_binder_TCR_32069,1,0.8972746,0.9565392,0.8390693
A0301_KLGGALQAK_IE-1_CMV_binder_TCR_32073,0,0.8956728,0.93988204,0.7430133
A0301_KLGGALQAK_IE-1_CMV_binder_TCR_32076,1,0.89954436,0.930988,0.81774753
A0301_KLGGALQAK_IE-1_CMV_binder_TCR_32114,0,0.89866996,0.95614934,0.91246825
A0301_KLGGALQAK_IE-1_CMV_binder_TCR_32126,1,0.89811033,0.9379037,0.8182993
A0301_KLGGALQAK_IE-1_CMV_binder_TCR_32135,0,0.89526415,0.9308079,0.7491785
A0301_KLGGALQAK_IE-1_CMV_binder_TCR_32144,0,0.9008292,0.97324973,0.87421805
A0301_KLGGALQAK_IE-1_CMV_binder_TCR_32168,0,0.8997477,0.95279485,0.84803194
A0301_KLGGALQAK_IE-1_CMV_binder_TCR_3218,0,0.8942543,0.95136774,0.8274687
A0301_KLGGALQAK_IE-1_CMV_binder_TCR_32197,0,0.90476847,0.96922505,0.9026198
A0301_KLGGALQAK_IE-1_CMV_binder_TCR_32210,1,0.90016276,0.9497086,0.67460644
A0301_KLGGALQAK_IE-1_CMV_binder_TCR_32219,0,0.8962443,0.95397496,0.7075888
A0301_KLGGALQAK_IE-1_CMV_binder_TCR_32233,0,0.8941809,0.956077,0.91662097
A0301_KLGGALQAK_IE-1_CMV_binder_TCR_32245,0,0.894675,0.9356038,0.7709925
A0301_KLGGALQAK_IE-1_CMV_binder_TCR_32246,1,0.90037614,0.9697249,0.828432
A0301_KLGGALQAK_IE-1_CMV_binder_TCR_32250,1,0.89653087,0.9495289,0.79129463
A0301_KLGGALQAK_IE-1_CMV_binder_TCR_32254,1,0.89235574,0.9431316,0.7756861
A0301_KLGGALQAK_IE-1_CMV_binder_TCR_32283,1,0.8995241,0.9578726,0.8211659
A0301_KLGGALQAK_IE-1_CMV_binder_TCR_32287,0,0.8958074,0.9300816,0.81866205
A0301_KLGGALQAK_IE-1_CMV_binder_TCR_32292,0,0.89706266,0.9240357,0.75581086
A0301_KLGGALQAK_IE-1_CMV_binder_TCR_32298,0,0.8968343,0.96031654,0.8276798
A0301_KLGGALQAK_IE-1_CMV_binder_TCR_32303,0,0.89688617,0.91727775,0.80252594
A0301_KLGGALQAK_IE-1_CMV_binder_TCR_32308,1,0.8998011,0.93240684,0.8293967
A0301_KLGGALQAK_IE-1_CMV_binder_TCR_32334,0,0.899852,0.9612791,0.8319789
A0301_KLGGALQAK_IE-1_CMV_binder_TCR_32385,0,0.8979896,0.96356356,0.8353936
A0301_KLGGALQAK_IE-1_CMV_binder_TCR_3239,0,0.8947295,0.93585485,0.82333016
A0301_KLGGALQAK_IE-1_CMV_binder_TCR_32394,0,0.8971759,0.9361825,0.7689794
A0301_KLGGALQAK_IE-1_CMV_binder_TCR_32398,0,0.90062165,0.952384,0.63691205
A0301_KLGGALQAK_IE-1_CMV_binder_TCR_32414,0,0.9104631,0.9780943,0.8911588
A0301_KLGGALQAK_IE-1_CMV_binder_TCR_32415,0,0.89913636,0.92089397,0.82254833
A0301_KLGGALQAK_IE-1_CMV_binder_TCR_32426,0,0.90044785,0.9322067,0.7150071
A0301_KLGGALQAK_IE-1_CMV_binder_TCR_32433,0,0.8992547,0.9647933,0.8397776
A0301_KLGGALQAK_IE-1_CMV_binder_TCR_32450,0,0.8957856,0.9616304,0.85893935
A0301_KLGGALQAK_IE-1_CMV_binder_TCR_32458,0,0.8976633,0.94124734,0.8468068
A0301_KLGGALQAK_IE-1_CMV_binder_TCR_32459,0,0.895824,0.885873,0.53992605
A0301_KLGGALQAK_IE-1_CMV_binder_TCR_3248,0,0.90397525,0.9571026,0.8566103
A0301_KLGGALQAK_IE-1_CMV_binder_TCR_32510,1,0.9002281,0.9721113,0.84740794
A0301_KLGGALQAK_IE-1_CMV_binder_TCR_32563,0,0.89474076,0.94973344,0.7763885
A0301_KLGGALQAK_IE-1_CMV_binder_TCR_32606,0,0.89885306,0.9501545,0.8812275
A0301_KLGGALQAK_IE-1_CMV_binder_TCR_32641,0,0.89829797,0.96091264,0.857855
A0301_KLGGALQAK_IE-1_CMV_binder_TCR_32653,1,0.9003192,0.9571618,0.9008109
A0301_KLGGALQAK_IE-1_CMV_binder_TCR_32682,1,0.89785683,0.9539972,0.7680397
A0301_KLGGALQAK_IE-1_CMV_binder_TCR_32767,0,0.9004491,0.96206725,0.82477325
A0301_KLGGALQAK_IE-1_CMV_binder_TCR_3279,0,0.90014064,0.96523243,0.88660014
A0301_KLGGALQAK_IE-1_CMV_binder_TCR_32797,0,0.8939319,0.9424376,0.7589934
A0301_KLGGALQAK_IE-1_CMV_binder_TCR_32815,1,0.89864975,0.96359015,0.91007924
A0301_KLGGALQAK_IE-1_CMV_binder_TCR_32828,1,0.9026556,0.955549,0.87847453
A0301_KLGGALQAK_IE-1_CMV_binder_TCR_32839,0,0.8968316,0.9446786,0.8209781
A0301_KLGGALQAK_IE-1_CMV_binder_TCR_32840,1,0.90405494,0.96624774,0.83993506
A0301_KLGGALQAK_IE-1_CMV_binder_TCR_32853,0,0.89772296,0.9453322,0.7521073
A0301_KLGGALQAK_IE-1_CMV_binder_TCR_32916,1,0.8950868,0.9557445,0.84584314
A0301_KLGGALQAK_IE-1_CMV_binder_TCR_32923,0,0.89564574,0.9407169,0.752183
A0301_KLGGALQAK_IE-1_CMV_binder_TCR_32943,0,0.89733857,0.9515537,0.83816975
A0301_KLGGALQAK_IE-1_CMV_binder_TCR_32948,1,0.8985146,0.96579325,0.6660772
A0301_KLGGALQAK_IE-1_CMV_binder_TCR_3296,0,0.8954751,0.9648362,0.8789496
A0301_KLGGALQAK_IE-1_CMV_binder_TCR_33006,0,0.90114844,0.9079686,0.7729289
A0301_KLGGALQAK_IE-1_CMV_binder_TCR_3301,0,0.90150076,0.95486563,0.7346839
A0301_KLGGALQAK_IE-1_CMV_binder_TCR_33019,0,0.89424354,0.9098135,0.7816781
A0301_KLGGALQAK_IE-1_CMV_binder_TCR_33057,1,0.89754784,0.9307944,0.62598616
A0301_KLGGALQAK_IE-1_CMV_binder_TCR_3306,0,0.90215105,0.9387519,0.8216941
A0301_KLGGALQAK_IE-1_CMV_binder_TCR_33099,1,0.90043277,0.9606087,0.87666845
A0301_KLGGALQAK_IE-1_CMV_binder_TCR_33130,0,0.88932246,0.9402697,0.41553113
A0301_KLGGALQAK_IE-1_CMV_binder_TCR_33135,0,0.9039345,0.96794987,0.8300444
A0301_KLGGALQAK_IE-1_CMV_binder_TCR_33201,0,0.89364785,0.9280835,0.44642097
A0301_KLGGALQAK_IE-1_CMV_binder_TCR_33212,0,0.9025562,0.9537634,0.76833445
A0301_KLGGALQAK_IE-1_CMV_binder_TCR_33231,0,0.89594984,0.9003514,0.74673235
A0301_KLGGALQAK_IE-1_CMV_binder_TCR_3328,0,0.89755523,0.9518736,0.8317651
A0301_KLGGALQAK_IE-1_CMV_binder_TCR_33298,0,0.89713174,0.9182538,0.71960634
A0301_KLGGALQAK_IE-1_CMV_binder_TCR_33300,0,0.8943512,0.8835553,0.048148222
A0301_KLGGALQAK_IE-1_CMV_binder_TCR_33309,1,0.89302254,0.89401263,0.60052234
A0301_KLGGALQAK_IE-1_CMV_binder_TCR_3331,0,0.89370525,0.9370989,0.72568893
A0301_KLGGALQAK_IE-1_CMV_binder_TCR_33349,0,0.89374346,0.8838943,0.52157664
A0301_KLGGALQAK_IE-1_CMV_binder_TCR_33350,0,0.8962101,0.91176456,0.72908926
A0301_KLGGALQAK_IE-1_CMV_binder_TCR_33354,0,0.8982336,0.9090903,0.54122794
A0301_KLGGALQAK_IE-1_CMV_binder_TCR_3336,0,0.8959579,0.94355226,0.7294783
A0301_KLGGALQAK_IE-1_CMV_binder_TCR_33383,1,0.89843446,0.93120176,0.7190135
A0301_KLGGALQAK_IE-1_CMV_binder_TCR_33389,1,0.8990352,0.96362036,0.78096527
A0301_KLGGALQAK_IE-1_CMV_binder_TCR_33390,0,0.9008143,0.9792508,0.83271605
A0301_KLGGALQAK_IE-1_CMV_binder_TCR_33417,0,0.90005356,0.97019035,0.9010417
A0301_KLGGALQAK_IE-1_CMV_binder_TCR_3346,1,0.8954096,0.9394582,0.7660046
A0301_KLGGALQAK_IE-1_CMV_binder_TCR_33491,0,0.8928446,0.93791056,0.7619395
A0301_KLGGALQAK_IE-1_CMV_binder_TCR_33503,0,0.89349586,0.92342246,0.56483465
A0301_KLGGALQAK_IE-1_CMV_binder_TCR_33514,1,0.89905363,0.9704014,0.8718752
A0301_KLGGALQAK_IE-1_CMV_binder_TCR_33516,0,0.89953053,0.960052,0.82822317
A0301_KLGGALQAK_IE-1_CMV_binder_TCR_33590,0,0.90078574,0.96469814,0.8814833
A0301_KLGGALQAK_IE-1_CMV_binder_TCR_33591,0,0.89811206,0.95416486,0.9080395
A0301_KLGGALQAK_IE-1_CMV_binder_TCR_33616,0,0.9039618,0.97597355,0.87733775
A0301_KLGGALQAK_IE-1_CMV_binder_TCR_33622,0,0.8984356,0.9585494,0.7656179
A0301_KLGGALQAK_IE-1_CMV_binder_TCR_33637,0,0.8949012,0.95196575,0.7679022
A0301_KLGGALQAK_IE-1_CMV_binder_TCR_33638,0,0.8974884,0.9616495,0.85547
A0301_KLGGALQAK_IE-1_CMV_binder_TCR_3365,0,0.89655614,0.95635253,0.85197777
A0301_KLGGALQAK_IE-1_CMV_binder_TCR_33655,0,0.8982068,0.9011687,0.78908736
A0301_KLGGALQAK_IE-1_CMV_binder_TCR_33665,0,0.8985287,0.94368047,0.85066384
A0301_KLGGALQAK_IE-1_CMV_binder_TCR_33696,1,0.903996,0.9638365,0.83860636
A0301_KLGGALQAK_IE-1_CMV_binder_TCR_337,0,0.8973545,0.96572167,0.78015494
A0301_KLGGALQAK_IE-1_CMV_binder_TCR_33702,1,0.8945146,0.92582566,0.593675
A0301_KLGGALQAK_IE-1_CMV_binder_TCR_33707,1,0.9008377,0.9695173,0.84122473
A0301_KLGGALQAK_IE-1_CMV_binder_TCR_33708,0,0.9004082,0.96469957,0.8467891
A0301_KLGGALQAK_IE-1_CMV_binder_TCR_33719,0,0.8969372,0.93668646,0.7555161
A0301_KLGGALQAK_IE-1_CMV_binder_TCR_33744,0,0.8956502,0.94364744,0.7416714
A0301_KLGGALQAK_IE-1_CMV_binder_TCR_33746,1,0.8963138,0.9467226,0.8029883
A0301_KLGGALQAK_IE-1_CMV_binder_TCR_33749,0,0.8968291,0.9570775,0.79832596
A0301_KLGGALQAK_IE-1_CMV_binder_TCR_3378,0,0.8941449,0.9309033,0.7269291
A0301_KLGGALQAK_IE-1_CMV_binder_TCR_33792,1,0.9001479,0.9324976,0.7728923
A0301_KLGGALQAK_IE-1_CMV_binder_TCR_33807,1,0.89680606,0.92200553,0.8172063
A0301_KLGGALQAK_IE-1_CMV_binder_TCR_33857,0,0.8974431,0.9170347,0.7478211
A0301_KLGGALQAK_IE-1_CMV_binder_TCR_33866,0,0.8946703,0.91730064,0.7345903
A0301_KLGGALQAK_IE-1_CMV_binder_TCR_33870,0,0.8988044,0.95657164,0.836307
A0301_KLGGALQAK_IE-1_CMV_binder_TCR_33889,1,0.89521253,0.95222336,0.87190866
A0301_KLGGALQAK_IE-1_CMV_binder_TCR_33895,0,0.9005519,0.91983056,0.8355748
A0301_KLGGALQAK_IE-1_CMV_binder_TCR_33915,0,0.8982427,0.9644779,0.82991767
A0301_KLGGALQAK_IE-1_CMV_binder_TCR_33917,1,0.9018658,0.9549128,0.7207599
A0301_KLGGALQAK_IE-1_CMV_binder_TCR_33918,0,0.89924395,0.9501199,0.7966598
A0301_KLGGALQAK_IE-1_CMV_binder_TCR_33919,0,0.90104926,0.94350016,0.8241575
A0301_KLGGALQAK_IE-1_CMV_binder_TCR_33925,0,0.8992022,0.91699684,0.7455721
A0301_KLGGALQAK_IE-1_CMV_binder_TCR_33942,1,0.8987247,0.93700445,0.8122791
A0301_KLGGALQAK_IE-1_CMV_binder_TCR_33953,1,0.89586926,0.9561496,0.83116424
A0301_KLGGALQAK_IE-1_CMV_binder_TCR_34004,0,0.9008371,0.96813375,0.8487624
A0301_KLGGALQAK_IE-1_CMV_binder_TCR_34007,0,0.8971066,0.917919,0.7059255
A0301_KLGGALQAK_IE-1_CMV_binder_TCR_3401,0,0.90123695,0.96293914,0.8614514
A0301_KLGGALQAK_IE-1_CMV_binder_TCR_34026,0,0.90255445,0.9625763,0.8711216
A0301_KLGGALQAK_IE-1_CMV_binder_TCR_34053,0,0.8961954,0.95925003,0.8288615
A0301_KLGGALQAK_IE-1_CMV_binder_TCR_34083,0,0.90055066,0.95873135,0.79997253
A0301_KLGGALQAK_IE-1_CMV_binder_TCR_3410,0,0.89336044,0.94176483,0.48450515
A0301_KLGGALQAK_IE-1_CMV_binder_TCR_34105,1,0.89879286,0.94668895,0.81528145
A0301_KLGGALQAK_IE-1_CMV_binder_TCR_3413,0,0.9003741,0.967098,0.8117035
A0301_KLGGALQAK_IE-1_CMV_binder_TCR_34133,1,0.89834267,0.9641565,0.93190676
A0301_KLGGALQAK_IE-1_CMV_binder_TCR_34171,0,0.8927783,0.8813405,0.08080363
A0301_KLGGALQAK_IE-1_CMV_binder_TCR_34179,1,0.89930207,0.96131897,0.8061801
A0301_KLGGALQAK_IE-1_CMV_binder_TCR_34188,0,0.904619,0.97044015,0.85563254
A0301_KLGGALQAK_IE-1_CMV_binder_TCR_3420,0,0.8943208,0.93471193,0.72954226
A0301_KLGGALQAK_IE-1_CMV_binder_TCR_34233,0,0.8982986,0.9522544,0.89962673
A0301_KLGGALQAK_IE-1_CMV_binder_TCR_34269,0,0.89280915,0.9425898,0.83103395
A0301_KLGGALQAK_IE-1_CMV_binder_TCR_34273,0,0.89806634,0.9425201,0.65398145
A0301_KLGGALQAK_IE-1_CMV_binder_TCR_34279,0,0.9043672,0.97305703,0.8049847
A0301_KLGGALQAK_IE-1_CMV_binder_TCR_34281,0,0.89661425,0.9679348,0.852353
A0301_KLGGALQAK_IE-1_CMV_binder_TCR_34286,1,0.899102,0.94352126,0.84933764
A0301_KLGGALQAK_IE-1_CMV_binder_TCR_34290,1,0.8999678,0.95831996,0.71340907
A0301_KLGGALQAK_IE-1_CMV_binder_TCR_34319,0,0.89757055,0.9544201,0.81144476
A0301_KLGGALQAK_IE-1_CMV_binder_TCR_34322,0,0.90018046,0.95531243,0.745335
A0301_KLGGALQAK_IE-1_CMV_binder_TCR_34337,0,0.8967256,0.9284532,0.7455328
A0301_KLGGALQAK_IE-1_CMV_binder_TCR_34345,1,0.9012232,0.95776874,0.8523577
A0301_KLGGALQAK_IE-1_CMV_binder_TCR_34365,1,0.89936763,0.9547656,0.7820301
A0301_KLGGALQAK_IE-1_CMV_binder_TCR_3438,0,0.895931,0.9467291,0.6179845
A0301_KLGGALQAK_IE-1_CMV_binder_TCR_34395,0,0.89688057,0.94624823,0.89137405
A0301_KLGGALQAK_IE-1_CMV_binder_TCR_34405,1,0.89639455,0.93577486,0.8053292
A0301_KLGGALQAK_IE-1_CMV_binder_TCR_3450,0,0.8968042,0.96636456,0.79899967
A0301_KLGGALQAK_IE-1_CMV_binder_TCR_34507,0,0.90269023,0.9642941,0.88763076
A0301_KLGGALQAK_IE-1_CMV_binder_TCR_34534,0,0.90116364,0.9558883,0.78832906
A0301_KLGGALQAK_IE-1_CMV_binder_TCR_34540,0,0.8953172,0.9128649,0.056898076
A0301_KLGGALQAK_IE-1_CMV_binder_TCR_34544,0,0.8918532,0.88824254,0.04926059
A0301_KLGGALQAK_IE-1_CMV_binder_TCR_34546,0,0.8974311,0.929353,0.58139026
A0301_KLGGALQAK_IE-1_CMV_binder_TCR_34570,1,0.90431726,0.9693188,0.84746367
A0301_KLGGALQAK_IE-1_CMV_binder_TCR_34581,1,0.89363706,0.9348231,0.65874314
A0301_KLGGALQAK_IE-1_CMV_binder_TCR_34582,1,0.9026826,0.9598031,0.7757242
A0301_KLGGALQAK_IE-1_CMV_binder_TCR_34606,1,0.89985967,0.94734734,0.804478
A0301_KLGGALQAK_IE-1_CMV_binder_TCR_34613,0,0.89800847,0.95120525,0.8433453
A0301_KLGGALQAK_IE-1_CMV_binder_TCR_34631,0,0.9011836,0.96076196,0.7866734
A0301_KLGGALQAK_IE-1_CMV_binder_TCR_34652,0,0.898398,0.9505385,0.86644804
A0301_KLGGALQAK_IE-1_CMV_binder_TCR_34653,0,0.89827305,0.9578315,0.8005226
A0301_KLGGALQAK_IE-1_CMV_binder_TCR_34676,1,0.9007441,0.9619352,0.81061673
A0301_KLGGALQAK_IE-1_CMV_binder_TCR_34704,0,0.89920616,0.9484122,0.76760024
A0301_KLGGALQAK_IE-1_CMV_binder_TCR_34708,0,0.89926016,0.96294713,0.86279297
A0301_KLGGALQAK_IE-1_CMV_binder_TCR_34711,1,0.8985422,0.9684521,0.8704575
A0301_KLGGALQAK_IE-1_CMV_binder_TCR_34719,1,0.89653784,0.9023091,0.7802542
A0301_KLGGALQAK_IE-1_CMV_binder_TCR_34726,0,0.8990879,0.95667785,0.8846001
A0301_KLGGALQAK_IE-1_CMV_binder_TCR_34731,1,0.8946777,0.95532113,0.85308826
A0301_KLGGALQAK_IE-1_CMV_binder_TCR_34747,0,0.89972174,0.9466504,0.818138
A0301_KLGGALQAK_IE-1_CMV_binder_TCR_34754,0,0.8980876,0.96131307,0.65517837
A0301_KLGGALQAK_IE-1_CMV_binder_TCR_34775,1,0.9014718,0.9619308,0.7744751
A0301_KLGGALQAK_IE-1_CMV_binder_TCR_34778,1,0.90056884,0.9509928,0.86382043
A0301_KLGGALQAK_IE-1_CMV_binder_TCR_34805,0,0.89729106,0.94231904,0.7719651
A0301_KLGGALQAK_IE-1_CMV_binder_TCR_34806,0,0.8970958,0.93553525,0.6973852
A0301_KLGGALQAK_IE-1_CMV_binder_TCR_34824,0,0.8970504,0.95576555,0.8536449
A0301_KLGGALQAK_IE-1_CMV_binder_TCR_34841,0,0.89745504,0.9718421,5.9075945e-05
A0301_KLGGALQAK_IE-1_CMV_binder_TCR_34860,0,0.9008006,0.95555323,0.8003512
A0301_KLGGALQAK_IE-1_CMV_binder_TCR_34887,0,0.894212,0.90254694,0.38906363
A0301_KLGGALQAK_IE-1_CMV_binder_TCR_34889,0,0.902704,0.9666468,0.5293012
A0301_KLGGALQAK_IE-1_CMV_binder_TCR_34910,1,0.89883214,0.9522336,0.77042985
A0301_KLGGALQAK_IE-1_CMV_binder_TCR_34926,0,0.89619935,0.93580496,0.80174273
A0301_KLGGALQAK_IE-1_CMV_binder_TCR_34968,1,0.89980054,0.9573606,0.7516867
A0301_KLGGALQAK_IE-1_CMV_binder_TCR_34969,0,0.896917,0.9340729,0.726375
A0301_KLGGALQAK_IE-1_CMV_binder_TCR_34972,0,0.896945,0.96578294,0.81199056
A0301_KLGGALQAK_IE-1_CMV_binder_TCR_34994,0,0.8962942,0.9425987,0.8550275
A0301_KLGGALQAK_IE-1_CMV_binder_TCR_35006,0,0.8958707,0.948149,0.78144693
A0301_KLGGALQAK_IE-1_CMV_binder_TCR_35009,1,0.89528537,0.9219423,0.77755713
A0301_KLGGALQAK_IE-1_CMV_binder_TCR_35013,0,0.89810914,0.8972551,0.7799572
A0301_KLGGALQAK_IE-1_CMV_binder_TCR_35019,1,0.9000694,0.9659986,0.8136522
A0301_KLGGALQAK_IE-1_CMV_binder_TCR_35022,1,0.89676327,0.97416526,0.8230546
A0301_KLGGALQAK_IE-1_CMV_binder_TCR_35041,0,0.90106833,0.92961586,0.7630393
A0301_KLGGALQAK_IE-1_CMV_binder_TCR_35074,1,0.8980455,0.95630914,0.79273057
A0301_KLGGALQAK_IE-1_CMV_binder_TCR_35089,0,0.8921638,0.922185,0.65602255
A0301_KLGGALQAK_IE-1_CMV_binder_TCR_35117,1,0.9028099,0.9431085,0.8268361
A0301_KLGGALQAK_IE-1_CMV_binder_TCR_35121,1,0.9005839,0.9599638,0.87758285
A0301_KLGGALQAK_IE-1_CMV_binder_TCR_35172,0,0.89487475,0.947101,0.7987292
A0301_KLGGALQAK_IE-1_CMV_binder_TCR_35203,0,0.8991585,0.95226455,0.78519565
A0301_KLGGALQAK_IE-1_CMV_binder_TCR_35207,0,0.89284885,0.9230559,0.4661781
A0301_KLGGALQAK_IE-1_CMV_binder_TCR_35221,0,0.9033602,0.9589775,0.8964952
A0301_KLGGALQAK_IE-1_CMV_binder_TCR_35222,0,0.90170145,0.9446671,0.71216786
A0301_KLGGALQAK_IE-1_CMV_binder_TCR_35223,0,0.9015739,0.9752711,0.8779547
A0301_KLGGALQAK_IE-1_CMV_binder_TCR_3524,0,0.8928658,0.8725951,0.5754606
A0301_KLGGALQAK_IE-1_CMV_binder_TCR_35254,0,0.9029356,0.97252494,0.8213201
A0301_KLGGALQAK_IE-1_CMV_binder_TCR_35280,0,0.8995124,0.96897304,0.8360081
A0301_KLGGALQAK_IE-1_CMV_binder_TCR_35310,1,0.9045803,0.9581875,0.89860296
A0301_KLGGALQAK_IE-1_CMV_binder_TCR_35312,0,0.90200436,0.9719911,0.88491
A0301_KLGGALQAK_IE-1_CMV_binder_TCR_35317,1,0.9004888,0.9360565,0.68889385
A0301_KLGGALQAK_IE-1_CMV_binder_TCR_35330,0,0.9031038,0.9662855,0.8319315
A0301_KLGGALQAK_IE-1_CMV_binder_TCR_35350,0,0.8961156,0.93122905,0.8086346
A0301_KLGGALQAK_IE-1_CMV_binder_TCR_35362,0,0.89911443,0.9580871,0.7617998
A0301_KLGGALQAK_IE-1_CMV_binder_TCR_35363,0,0.8963886,0.9725697,0.8650685
A0301_KLGGALQAK_IE-1_CMV_binder_TCR_35401,1,0.89719594,0.9525111,0.8078729
A0301_KLGGALQAK_IE-1_CMV_binder_TCR_35424,1,0.9000779,0.95309573,0.86583894
A0301_KLGGALQAK_IE-1_CMV_binder_TCR_35446,0,0.90123546,0.9586858,0.88269055
A0301_KLGGALQAK_IE-1_CMV_binder_TCR_3547,0,0.89961183,0.9403863,0.8143013
A0301_KLGGALQAK_IE-1_CMV_binder_TCR_35473,1,0.90591264,0.9555905,0.8581849
A0301_KLGGALQAK_IE-1_CMV_binder_TCR_35484,0,0.89766043,0.9642608,0.7114089
A0301_KLGGALQAK_IE-1_CMV_binder_TCR_3549,0,0.8949372,0.94357634,0.7552661
A0301_KLGGALQAK_IE-1_CMV_binder_TCR_35494,1,0.89470786,0.9539986,0.73751724
A0301_KLGGALQAK_IE-1_CMV_binder_TCR_35526,0,0.89857787,0.9596954,0.88992447
A0301_KLGGALQAK_IE-1_CMV_binder_TCR_35528,0,0.89357007,0.92929864,0.7485631
A0301_KLGGALQAK_IE-1_CMV_binder_TCR_35535,0,0.89944094,0.9558473,0.6632538
A0301_KLGGALQAK_IE-1_CMV_binder_TCR_3554,0,0.896788,0.9382439,0.7003047
A0301_KLGGALQAK_IE-1_CMV_binder_TCR_3555,0,0.8973395,0.947476,0.7837066
A0301_KLGGALQAK_IE-1_CMV_binder_TCR_35606,0,0.90096986,0.9657471,0.87390035
A0301_KLGGALQAK_IE-1_CMV_binder_TCR_35635,1,0.90004206,0.97049314,0.8778204
A0301_KLGGALQAK_IE-1_CMV_binder_TCR_35662,0,0.8969896,0.9418542,0.8121606
A0301_KLGGALQAK_IE-1_CMV_binder_TCR_35682,0,0.8960779,0.9620132,0.8786344
A0301_KLGGALQAK_IE-1_CMV_binder_TCR_35685,0,0.89703727,0.9408565,0.9000329
A0301_KLGGALQAK_IE-1_CMV_binder_TCR_35690,0,0.89430684,0.9635832,0.89490515
A0301_KLGGALQAK_IE-1_CMV_binder_TCR_35708,0,0.8961717,0.94115883,0.8625276
A0301_KLGGALQAK_IE-1_CMV_binder_TCR_35739,1,0.89602953,0.9536575,0.6538813
A0301_KLGGALQAK_IE-1_CMV_binder_TCR_35756,1,0.9004742,0.9503388,0.8491128
A0301_KLGGALQAK_IE-1_CMV_binder_TCR_35761,1,0.89716727,0.9442868,0.8114661
A0301_KLGGALQAK_IE-1_CMV_binder_TCR_3578,0,0.8965556,0.94998074,0.8466662
A0301_KLGGALQAK_IE-1_CMV_binder_TCR_35784,1,0.89957875,0.95437264,0.820754
A0301_KLGGALQAK_IE-1_CMV_binder_TCR_35787,1,0.9022239,0.94829005,0.7423321
A0301_KLGGALQAK_IE-1_CMV_binder_TCR_35791,0,0.8992144,0.95790666,0.9039199
A0301_KLGGALQAK_IE-1_CMV_binder_TCR_35798,1,0.8959747,0.9607796,0.8791191
A0301_KLGGALQAK_IE-1_CMV_binder_TCR_3580,1,0.898976,0.962607,0.8398788
A0301_KLGGALQAK_IE-1_CMV_binder_TCR_35813,1,0.898923,0.94365036,0.7645326
A0301_KLGGALQAK_IE-1_CMV_binder_TCR_35824,0,0.9001867,0.9533872,0.8486629
A0301_KLGGALQAK_IE-1_CMV_binder_TCR_35833,1,0.9008568,0.94125146,0.8426848
A0301_KLGGALQAK_IE-1_CMV_binder_TCR_35863,1,0.8986676,0.94682586,0.44571748
A0301_KLGGALQAK_IE-1_CMV_binder_TCR_35865,0,0.90040076,0.9758636,0.7726427
A0301_KLGGALQAK_IE-1_CMV_binder_TCR_35876,1,0.90119135,0.9487714,0.73478687
A0301_KLGGALQAK_IE-1_CMV_binder_TCR_35941,1,0.8989444,0.9463462,0.7745824
A0301_KLGGALQAK_IE-1_CMV_binder_TCR_35948,1,0.8945958,0.96039265,0.8408901
A0301_KLGGALQAK_IE-1_CMV_binder_TCR_3596,1,0.89819455,0.93288517,0.80576265
A0301_KLGGALQAK_IE-1_CMV_binder_TCR_35984,0,0.8960227,0.93769825,0.77524334
A0301_KLGGALQAK_IE-1_CMV_binder_TCR_35993,1,0.900856,0.95456356,0.77434844
A0301_KLGGALQAK_IE-1_CMV_binder_TCR_36001,0,0.89905614,0.9736665,0.86302257
A0301_KLGGALQAK_IE-1_CMV_binder_TCR_36011,0,0.89560497,0.96133786,0.64218944
A0301_KLGGALQAK_IE-1_CMV_binder_TCR_36029,0,0.8952241,0.932127,0.7111589
A0301_KLGGALQAK_IE-1_CMV_binder_TCR_36032,1,0.8946484,0.94129854,0.49315652
A0301_KLGGALQAK_IE-1_CMV_binder_TCR_36050,0,0.8977843,0.9267655,0.8076601
A0301_KLGGALQAK_IE-1_CMV_binder_TCR_36066,0,0.8993771,0.9588453,0.8689358
A0301_KLGGALQAK_IE-1_CMV_binder_TCR_36099,0,0.89397335,0.9205642,0.76246125
A0301_KLGGALQAK_IE-1_CMV_binder_TCR_36119,0,0.89181226,0.91859466,0.4065866
A0301_KLGGALQAK_IE-1_CMV_binder_TCR_36128,1,0.90080374,0.97282004,0.88461053
A0301_KLGGALQAK_IE-1_CMV_binder_TCR_36133,0,0.90128857,0.9245109,0.84744954
A0301_KLGGALQAK_IE-1_CMV_binder_TCR_36135,0,0.902064,0.9459414,0.8203441
A0301_KLGGALQAK_IE-1_CMV_binder_TCR_36141,0,0.9016109,0.9466625,0.9062313
A0301_KLGGALQAK_IE-1_CMV_binder_TCR_36151,1,0.8995374,0.93934685,0.82874316
A0301_KLGGALQAK_IE-1_CMV_binder_TCR_36155,0,0.8985481,0.95620286,0.8347754
A0301_KLGGALQAK_IE-1_CMV_binder_TCR_36189,1,0.89629954,0.9543988,0.7768592
A0301_KLGGALQAK_IE-1_CMV_binder_TCR_36198,1,0.8985304,0.94787836,0.8642897
A0301_KLGGALQAK_IE-1_CMV_binder_TCR_36222,1,0.8974747,0.9260653,0.7201848
A0301_KLGGALQAK_IE-1_CMV_binder_TCR_36235,0,0.8995294,0.96074736,0.8846204
A0301_KLGGALQAK_IE-1_CMV_binder_TCR_36253,0,0.8960635,0.9547231,0.8474225
A0301_KLGGALQAK_IE-1_CMV_binder_TCR_36280,0,0.8963432,0.8914952,0.78813237
A0301_KLGGALQAK_IE-1_CMV_binder_TCR_36312,0,0.89583284,0.9320499,0.88877654
A0301_KLGGALQAK_IE-1_CMV_binder_TCR_3634,0,0.89919096,0.933085,0.81819004
A0301_KLGGALQAK_IE-1_CMV_binder_TCR_36379,1,0.89693356,0.9492977,0.8383633
A0301_KLGGALQAK_IE-1_CMV_binder_TCR_36383,1,0.90076584,0.95976424,0.8671068
A0301_KLGGALQAK_IE-1_CMV_binder_TCR_36384,0,0.89907384,0.93647766,0.78329957
A0301_KLGGALQAK_IE-1_CMV_binder_TCR_36387,0,0.89631927,0.9312916,0.68529475
A0301_KLGGALQAK_IE-1_CMV_binder_TCR_3639,0,0.9035122,0.9493726,0.8083799
A0301_KLGGALQAK_IE-1_CMV_binder_TCR_36407,1,0.89945114,0.9672762,0.8838488
A0301_KLGGALQAK_IE-1_CMV_binder_TCR_36411,0,0.90087,0.9664658,0.8670448
A0301_KLGGALQAK_IE-1_CMV_binder_TCR_36441,0,0.8948455,0.9275512,0.7939746
A0301_KLGGALQAK_IE-1_CMV_binder_TCR_36442,0,0.896169,0.9380993,0.80059654
A0301_KLGGALQAK_IE-1_CMV_binder_TCR_36453,1,0.8986209,0.9430607,0.8676188
A0301_KLGGALQAK_IE-1_CMV_binder_TCR_36464,0,0.90059614,0.95595735,0.79275167
A0301_KLGGALQAK_IE-1_CMV_binder_TCR_36468,1,0.9029444,0.9511562,0.8010635
A0301_KLGGALQAK_IE-1_CMV_binder_TCR_365,1,0.8922713,0.8944868,0.72575986
A0301_KLGGALQAK_IE-1_CMV_binder_TCR_36501,0,0.8944021,0.9513142,0.7512333
A0301_KLGGALQAK_IE-1_CMV_binder_TCR_36512,0,0.8944137,0.95346075,0.8674852
A0301_KLGGALQAK_IE-1_CMV_binder_TCR_36516,0,0.8999078,0.9710769,0.7654312
A0301_KLGGALQAK_IE-1_CMV_binder_TCR_36522,1,0.8970379,0.96764416,0.8259017
A0301_KLGGALQAK_IE-1_CMV_binder_TCR_36565,1,0.89642787,0.91340196,0.78504485
A0301_KLGGALQAK_IE-1_CMV_binder_TCR_36584,1,0.89777935,0.9705321,0.8066539
A0301_KLGGALQAK_IE-1_CMV_binder_TCR_36610,0,0.8967839,0.9360465,0.490907
A0301_KLGGALQAK_IE-1_CMV_binder_TCR_36642,0,0.89961517,0.9061158,0.8011745
A0301_KLGGALQAK_IE-1_CMV_binder_TCR_36650,0,0.89740336,0.93484193,0.84351754
A0301_KLGGALQAK_IE-1_CMV_binder_TCR_36689,0,0.8944661,0.93091506,0.7658022
A0301_KLGGALQAK_IE-1_CMV_binder_TCR_36729,0,0.90183204,0.9603737,0.81967723
A0301_KLGGALQAK_IE-1_CMV_binder_TCR_3673,0,0.899494,0.95530295,0.81104165
A0301_KLGGALQAK_IE-1_CMV_binder_TCR_36734,0,0.9015527,0.9686081,0.89236003
A0301_KLGGALQAK_IE-1_CMV_binder_TCR_36741,0,0.89678293,0.9456875,0.70129323
A0301_KLGGALQAK_IE-1_CMV_binder_TCR_36751,0,0.9005708,0.9611128,0.8231827
A0301_KLGGALQAK_IE-1_CMV_binder_TCR_36777,0,0.8981809,0.9335356,0.7941577
A0301_KLGGALQAK_IE-1_CMV_binder_TCR_36778,1,0.8979902,0.9382501,0.77237964
A0301_KLGGALQAK_IE-1_CMV_binder_TCR_36782,0,0.8974771,0.9600218,0.7477604
A0301_KLGGALQAK_IE-1_CMV_binder_TCR_36794,1,0.90069014,0.9646475,0.8205352
A0301_KLGGALQAK_IE-1_CMV_binder_TCR_36795,0,0.8983856,0.9573899,0.7931168
A0301_KLGGALQAK_IE-1_CMV_binder_TCR_36796,0,0.8967374,0.9620912,0.8353613
A0301_KLGGALQAK_IE-1_CMV_binder_TCR_36813,0,0.8977033,0.93408245,0.8061895
A0301_KLGGALQAK_IE-1_CMV_binder_TCR_36815,0,0.90056306,0.96109384,0.8388454
A0301_KLGGALQAK_IE-1_CMV_binder_TCR_36817,1,0.89491343,0.930072,0.8074984
A0301_KLGGALQAK_IE-1_CMV_binder_TCR_36826,0,0.90216404,0.9648242,0.7747572
A0301_KLGGALQAK_IE-1_CMV_binder_TCR_36856,1,0.8961652,0.9402816,0.8545109
A0301_KLGGALQAK_IE-1_CMV_binder_TCR_36879,1,0.89712745,0.96302056,0.78653634
A0301_KLGGALQAK_IE-1_CMV_binder_TCR_3688,0,0.8969296,0.9442309,0.81049585
A0301_KLGGALQAK_IE-1_CMV_binder_TCR_36892,0,0.8915669,0.8645503,0.14962259
A0301_KLGGALQAK_IE-1_CMV_binder_TCR_36907,1,0.8988703,0.94017375,0.7969839
A0301_KLGGALQAK_IE-1_CMV_binder_TCR_36943,0,0.90446264,0.96305656,0.85216635
A0301_KLGGALQAK_IE-1_CMV_binder_TCR_36946,0,0.90157664,0.94361734,0.8149914
A0301_KLGGALQAK_IE-1_CMV_binder_TCR_36956,0,0.8984841,0.96250385,0.7784045
A0301_KLGGALQAK_IE-1_CMV_binder_TCR_36959,0,0.8991701,0.9553553,0.79208666
A0301_KLGGALQAK_IE-1_CMV_binder_TCR_3701,0,0.8976926,0.96876454,0.84844697
A0301_KLGGALQAK_IE-1_CMV_binder_TCR_37042,0,0.8997516,0.9577087,0.85824054
A0301_KLGGALQAK_IE-1_CMV_binder_TCR_37043,0,0.8960151,0.92334276,0.7726763
A0301_KLGGALQAK_IE-1_CMV_binder_TCR_37053,0,0.90083164,0.95156986,0.81720966
A0301_KLGGALQAK_IE-1_CMV_binder_TCR_37059,0,0.9015244,0.9525781,0.85745823
A0301_KLGGALQAK_IE-1_CMV_binder_TCR_37072,0,0.9015152,0.9679593,0.8451987
A0301_KLGGALQAK_IE-1_CMV_binder_TCR_37079,0,0.8936359,0.94616735,0.75967586
A0301_KLGGALQAK_IE-1_CMV_binder_TCR_37081,1,0.9060415,0.95722896,0.85577947
A0301_KLGGALQAK_IE-1_CMV_binder_TCR_37101,1,0.8986447,0.9728433,0.851931
A0301_KLGGALQAK_IE-1_CMV_binder_TCR_37141,0,0.9009557,0.9657489,0.81099224
A0301_KLGGALQAK_IE-1_CMV_binder_TCR_37160,0,0.89503306,0.9260486,0.29960376
A0301_KLGGALQAK_IE-1_CMV_binder_TCR_37171,0,0.8966901,0.9536113,0.77460814
A0301_KLGGALQAK_IE-1_CMV_binder_TCR_37172,1,0.89814657,0.95483917,0.81337273
A0301_KLGGALQAK_IE-1_CMV_binder_TCR_37173,1,0.8995213,0.95660174,0.82211185
A0301_KLGGALQAK_IE-1_CMV_binder_TCR_37185,1,0.89436626,0.96678245,0.8860981
A0301_KLGGALQAK_IE-1_CMV_binder_TCR_37187,0,0.90413463,0.97236764,0.8499523
A0301_KLGGALQAK_IE-1_CMV_binder_TCR_37193,1,0.89883226,0.94527036,0.8837277
A0301_KLGGALQAK_IE-1_CMV_binder_TCR_372,0,0.9000214,0.9629154,0.88457537
A0301_KLGGALQAK_IE-1_CMV_binder_TCR_37216,1,0.89793104,0.9611801,0.9015037
A0301_KLGGALQAK_IE-1_CMV_binder_TCR_37251,1,0.8999355,0.9675348,0.8539207
A0301_KLGGALQAK_IE-1_CMV_binder_TCR_37261,0,0.89981925,0.9544936,0.7203197
A0301_KLGGALQAK_IE-1_CMV_binder_TCR_37292,0,0.8988259,0.94314915,0.9160568
A0301_KLGGALQAK_IE-1_CMV_binder_TCR_37301,0,0.8966788,0.9413048,0.76611197
A0301_KLGGALQAK_IE-1_CMV_binder_TCR_3735,0,0.89900756,0.95098335,0.8440489
A0301_KLGGALQAK_IE-1_CMV_binder_TCR_37373,0,0.8950203,0.93866646,0.7246051
A0301_KLGGALQAK_IE-1_CMV_binder_TCR_37378,0,0.89315593,0.93415946,0.74877334
A0301_KLGGALQAK_IE-1_CMV_binder_TCR_37381,0,0.8943894,0.93183047,0.58434397
A0301_KLGGALQAK_IE-1_CMV_binder_TCR_37387,1,0.8971877,0.9651765,0.8192612
A0301_KLGGALQAK_IE-1_CMV_binder_TCR_37400,1,0.89599615,0.96028817,0.8639459
A0301_KLGGALQAK_IE-1_CMV_binder_TCR_37444,0,0.89409363,0.9112923,0.8210905
A0301_KLGGALQAK_IE-1_CMV_binder_TCR_37446,0,0.8992521,0.959056,0.86018467
A0301_KLGGALQAK_IE-1_CMV_binder_TCR_37466,0,0.8944124,0.9221601,0.7285407
A0301_KLGGALQAK_IE-1_CMV_binder_TCR_3749,0,0.8949932,0.9098607,0.7664828
A0301_KLGGALQAK_IE-1_CMV_binder_TCR_37492,0,0.89756143,0.9160891,0.77015233
A0301_KLGGALQAK_IE-1_CMV_binder_TCR_37510,1,0.8976147,0.9474827,0.7862145
A0301_KLGGALQAK_IE-1_CMV_binder_TCR_37563,0,0.90325725,0.95737916,0.8343833
A0301_KLGGALQAK_IE-1_CMV_binder_TCR_37584,0,0.89629036,0.94436294,0.8118262
A0301_KLGGALQAK_IE-1_CMV_binder_TCR_37588,1,0.8987555,0.901049,0.8702325
A0301_KLGGALQAK_IE-1_CMV_binder_TCR_37596,1,0.89897114,0.943878,0.7976751
A0301_KLGGALQAK_IE-1_CMV_binder_TCR_37600,1,0.889539,0.9249766,0.6970804
A0301_KLGGALQAK_IE-1_CMV_binder_TCR_37653,0,0.8978454,0.9423496,0.7429457
A0301_KLGGALQAK_IE-1_CMV_binder_TCR_3767,0,0.8976647,0.94153076,0.80708534
A0301_KLGGALQAK_IE-1_CMV_binder_TCR_37675,0,0.89438665,0.9437135,0.6631748
A0301_KLGGALQAK_IE-1_CMV_binder_TCR_37700,0,0.89837575,0.96674234,0.814966
A0301_KLGGALQAK_IE-1_CMV_binder_TCR_37715,0,0.89569366,0.93258876,0.5722584
A0301_KLGGALQAK_IE-1_CMV_binder_TCR_37730,1,0.8962849,0.9314802,0.74200505
A0301_KLGGALQAK_IE-1_CMV_binder_TCR_37733,0,0.89546424,0.960982,0.8177646
A0301_KLGGALQAK_IE-1_CMV_binder_TCR_37742,1,0.89668554,0.94697666,0.82954454
A0301_KLGGALQAK_IE-1_CMV_binder_TCR_37748,1,0.8936131,0.9273375,0.7408468
A0301_KLGGALQAK_IE-1_CMV_binder_TCR_37749,1,0.89836526,0.9130511,0.88527507
A0301_KLGGALQAK_IE-1_CMV_binder_TCR_37763,1,0.9010259,0.9572392,0.8536005
A0301_KLGGALQAK_IE-1_CMV_binder_TCR_37765,1,0.9029093,0.95002264,0.89969474
A0301_KLGGALQAK_IE-1_CMV_binder_TCR_37775,1,0.89470345,0.9644627,0.80157596
A0301_KLGGALQAK_IE-1_CMV_binder_TCR_37785,1,0.8982793,0.9544659,0.8711611
A0301_KLGGALQAK_IE-1_CMV_binder_TCR_37792,1,0.9031156,0.97010785,0.84885734
A0301_KLGGALQAK_IE-1_CMV_binder_TCR_37795,1,0.8950835,0.94307554,0.80241436
A0301_KLGGALQAK_IE-1_CMV_binder_TCR_37797,1,0.90033466,0.935495,0.860915
A0301_KLGGALQAK_IE-1_CMV_binder_TCR_37799,1,0.9007054,0.969885,0.8237132
A0301_KLGGALQAK_IE-1_CMV_binder_TCR_37807,1,0.89654315,0.93273485,0.83419496
A0301_KLGGALQAK_IE-1_CMV_binder_TCR_37819,1,0.8960374,0.93399525,0.7889317
A0301_KLGGALQAK_IE-1_CMV_binder_TCR_37826,1,0.89513534,0.96308,0.8269671
A0301_KLGGALQAK_IE-1_CMV_binder_TCR_37828,1,0.8968976,0.963408,0.86950064
A0301_KLGGALQAK_IE-1_CMV_binder_TCR_37845,1,0.8978625,0.9650051,0.8715183
A0301_KLGGALQAK_IE-1_CMV_binder_TCR_37853,0,0.9027074,0.96661544,0.8221909
A0301_KLGGALQAK_IE-1_CMV_binder_TCR_37860,1,0.90122795,0.9718052,0.85573757
A0301_KLGGALQAK_IE-1_CMV_binder_TCR_37867,1,0.8962231,0.94095707,0.6483353
A0301_KLGGALQAK_IE-1_CMV_binder_TCR_37876,0,0.9016932,0.9570085,0.7986849
A0301_KLGGALQAK_IE-1_CMV_binder_TCR_37878,1,0.90023273,0.9525915,0.8321311
A0301_KLGGALQAK_IE-1_CMV_binder_TCR_37888,1,0.8967327,0.9044014,0.8222137
A0301_KLGGALQAK_IE-1_CMV_binder_TCR_3789,0,0.90025145,0.949693,0.7349002
A0301_KLGGALQAK_IE-1_CMV_binder_TCR_37897,1,0.90124303,0.9763283,0.9271176
A0301_KLGGALQAK_IE-1_CMV_binder_TCR_37900,1,0.8984164,0.95192516,0.8186541
A0301_KLGGALQAK_IE-1_CMV_binder_TCR_37902,1,0.9003764,0.9511714,0.83665955
A0301_KLGGALQAK_IE-1_CMV_binder_TCR_37909,1,0.8941649,0.9514683,0.5166685
A0301_KLGGALQAK_IE-1_CMV_binder_TCR_37911,0,0.8983254,0.9489138,0.70095927
A0301_KLGGALQAK_IE-1_CMV_binder_TCR_37931,1,0.896205,0.94728583,0.7798743
A0301_KLGGALQAK_IE-1_CMV_binder_TCR_37936,1,0.900861,0.9575385,0.83970714
A0301_KLGGALQAK_IE-1_CMV_binder_TCR_37937,1,0.9008427,0.9743401,0.8980674
A0301_KLGGALQAK_IE-1_CMV_binder_TCR_37942,1,0.89824516,0.98464024,0.9100683
A0301_KLGGALQAK_IE-1_CMV_binder_TCR_37949,1,0.90200967,0.9480595,0.85201746
A0301_KLGGALQAK_IE-1_CMV_binder_TCR_37951,1,0.8977058,0.9346478,0.8461666
A0301_KLGGALQAK_IE-1_CMV_binder_TCR_37954,1,0.89556694,0.9542861,0.82834405
A0301_KLGGALQAK_IE-1_CMV_binder_TCR_37967,1,0.89939004,0.951052,0.80527025
A0301_KLGGALQAK_IE-1_CMV_binder_TCR_37969,0,0.8990818,0.9488502,0.7904227
A0301_KLGGALQAK_IE-1_CMV_binder_TCR_37982,1,0.8972559,0.9659218,0.80170745
A0301_KLGGALQAK_IE-1_CMV_binder_TCR_37984,1,0.9000612,0.96964,0.859621
A0301_KLGGALQAK_IE-1_CMV_binder_TCR_37987,1,0.90117496,0.95772773,0.83066374
A0301_KLGGALQAK_IE-1_CMV_binder_TCR_37991,0,0.89615446,0.9224016,0.82798153
A0301_KLGGALQAK_IE-1_CMV_binder_TCR_38011,0,0.8962424,0.9501557,0.7588107
A0301_KLGGALQAK_IE-1_CMV_binder_TCR_38018,1,0.8943981,0.9502351,0.18614812
A0301_KLGGALQAK_IE-1_CMV_binder_TCR_38019,0,0.8981899,0.9643373,0.93515724
A0301_KLGGALQAK_IE-1_CMV_binder_TCR_38023,0,0.8967926,0.94202846,0.7490916
A0301_KLGGALQAK_IE-1_CMV_binder_TCR_38032,1,0.9039834,0.9593234,0.87247974
A0301_KLGGALQAK_IE-1_CMV_binder_TCR_38034,1,0.90039855,0.951558,0.816255
A0301_KLGGALQAK_IE-1_CMV_binder_TCR_38035,1,0.9038392,0.95263016,0.7962064
A0301_KLGGALQAK_IE-1_CMV_binder_TCR_38065,1,0.8988023,0.95855606,0.8841407
A0301_KLGGALQAK_IE-1_CMV_binder_TCR_38069,1,0.8956486,0.9296444,0.79568547
A0301_KLGGALQAK_IE-1_CMV_binder_TCR_38072,1,0.89875054,0.9373823,0.8342857
A0301_KLGGALQAK_IE-1_CMV_binder_TCR_38079,1,0.90097433,0.9375122,0.8627666
A0301_KLGGALQAK_IE-1_CMV_binder_TCR_38086,1,0.9031323,0.9740181,0.8384508
A0301_KLGGALQAK_IE-1_CMV_binder_TCR_38087,1,0.8996592,0.95797175,0.840015
A0301_KLGGALQAK_IE-1_CMV_binder_TCR_38095,1,0.9037266,0.9544054,0.7333127
A0301_KLGGALQAK_IE-1_CMV_binder_TCR_38110,1,0.89335394,0.9533639,0.8209463
A0301_KLGGALQAK_IE-1_CMV_binder_TCR_38113,1,0.90029514,0.96023905,0.8406932
A0301_KLGGALQAK_IE-1_CMV_binder_TCR_38123,1,0.89634293,0.9413065,0.84456277
A0301_KLGGALQAK_IE-1_CMV_binder_TCR_38125,1,0.9002709,0.9595791,0.826611
A0301_KLGGALQAK_IE-1_CMV_binder_TCR_38141,1,0.8980547,0.97242314,0.8681722
A0301_KLGGALQAK_IE-1_CMV_binder_TCR_38142,1,0.9019096,0.967159,0.86417097
A0301_KLGGALQAK_IE-1_CMV_binder_TCR_38147,1,0.89800483,0.9544427,0.8376144
A0301_KLGGALQAK_IE-1_CMV_binder_TCR_38154,1,0.9030132,0.96363574,0.7940038
A0301_KLGGALQAK_IE-1_CMV_binder_TCR_38157,1,0.89698565,0.9665306,0.83896124
A0301_KLGGALQAK_IE-1_CMV_binder_TCR_38161,0,0.9014905,0.96879923,0.8619401
A0301_KLGGALQAK_IE-1_CMV_binder_TCR_38177,1,0.8952431,0.924687,0.8744579
A0301_KLGGALQAK_IE-1_CMV_binder_TCR_38179,1,0.8986106,0.95503587,0.8307876
A0301_KLGGALQAK_IE-1_CMV_binder_TCR_3818,0,0.89899945,0.9135112,0.7412271
A0301_KLGGALQAK_IE-1_CMV_binder_TCR_38192,0,0.89814264,0.9659064,0.8578528
A0301_KLGGALQAK_IE-1_CMV_binder_TCR_38198,1,0.8995835,0.9672642,0.8008176
A0301_KLGGALQAK_IE-1_CMV_binder_TCR_38205,1,0.89946485,0.96502906,0.88127893
A0301_KLGGALQAK_IE-1_CMV_binder_TCR_38208,0,0.9000716,0.95241195,0.82906556
A0301_KLGGALQAK_IE-1_CMV_binder_TCR_38214,1,0.8986152,0.9560841,0.8712913
A0301_KLGGALQAK_IE-1_CMV_binder_TCR_38215,1,0.89948016,0.970821,0.8491303
A0301_KLGGALQAK_IE-1_CMV_binder_TCR_3822,0,0.8976904,0.96392816,0.68455434
A0301_KLGGALQAK_IE-1_CMV_binder_TCR_38220,0,0.8992902,0.95690435,0.8570919
A0301_KLGGALQAK_IE-1_CMV_binder_TCR_38222,1,0.9005353,0.963623,0.86074156
A0301_KLGGALQAK_IE-1_CMV_binder_TCR_38225,1,0.9040777,0.9682123,0.88628125
A0301_KLGGALQAK_IE-1_CMV_binder_TCR_38227,1,0.8948634,0.9299594,0.66381156
A0301_KLGGALQAK_IE-1_CMV_binder_TCR_38231,1,0.89749354,0.9370664,0.84813076
A0301_KLGGALQAK_IE-1_CMV_binder_TCR_38233,1,0.89353573,0.94967765,0.84895283
A0301_KLGGALQAK_IE-1_CMV_binder_TCR_38243,1,0.89932454,0.96298,0.870515
A0301_KLGGALQAK_IE-1_CMV_binder_TCR_38246,1,0.9017875,0.9643052,0.83971864
A0301_KLGGALQAK_IE-1_CMV_binder_TCR_38249,1,0.9027705,0.967151,0.80247194
A0301_KLGGALQAK_IE-1_CMV_binder_TCR_38261,1,0.89815176,0.95405143,0.8250153
A0301_KLGGALQAK_IE-1_CMV_binder_TCR_38280,1,0.8965391,0.9348249,0.7008296
A0301_KLGGALQAK_IE-1_CMV_binder_TCR_38284,1,0.89759386,0.92241377,0.8425933
A0301_KLGGALQAK_IE-1_CMV_binder_TCR_38288,1,0.90328306,0.9650252,0.8589894
A0301_KLGGALQAK_IE-1_CMV_binder_TCR_38290,1,0.9038063,0.95855063,0.85992783
A0301_KLGGALQAK_IE-1_CMV_binder_TCR_38294,1,0.9069184,0.95527554,0.8931001
A0301_KLGGALQAK_IE-1_CMV_binder_TCR_38295,1,0.90235007,0.9698813,0.8503067
A0301_KLGGALQAK_IE-1_CMV_binder_TCR_3830,0,0.89338505,0.95718527,0.95806926
A0301_KLGGALQAK_IE-1_CMV_binder_TCR_38309,1,0.9021454,0.9715181,0.7748129
A0301_KLGGALQAK_IE-1_CMV_binder_TCR_38315,0,0.9013419,0.9646747,0.8517928
A0301_KLGGALQAK_IE-1_CMV_binder_TCR_38318,0,0.8952597,0.93624246,0.871123
A0301_KLGGALQAK_IE-1_CMV_binder_TCR_38320,1,0.8991517,0.94212633,0.8053637
A0301_KLGGALQAK_IE-1_CMV_binder_TCR_38332,1,0.89974654,0.96188074,0.82725513
A0301_KLGGALQAK_IE-1_CMV_binder_TCR_38335,0,0.8966734,0.9664826,0.8503485
A0301_KLGGALQAK_IE-1_CMV_binder_TCR_38379,1,0.8977437,0.93834716,0.83141977
A0301_KLGGALQAK_IE-1_CMV_binder_TCR_38399,1,0.8970568,0.9685346,0.8202838
A0301_KLGGALQAK_IE-1_CMV_binder_TCR_38412,1,0.8984868,0.9500628,0.83259004
A0301_KLGGALQAK_IE-1_CMV_binder_TCR_38425,0,0.89276785,0.9412862,0.42987737
A0301_KLGGALQAK_IE-1_CMV_binder_TCR_38426,1,0.89947385,0.95775783,0.8755708
A0301_KLGGALQAK_IE-1_CMV_binder_TCR_38429,0,0.8968291,0.9422279,0.80202967
A0301_KLGGALQAK_IE-1_CMV_binder_TCR_38434,1,0.8977563,0.95524997,0.8705009
A0301_KLGGALQAK_IE-1_CMV_binder_TCR_38438,1,0.8950138,0.945875,0.6339385
A0301_KLGGALQAK_IE-1_CMV_binder_TCR_38444,1,0.8992618,0.9211858,0.84217215
A0301_KLGGALQAK_IE-1_CMV_binder_TCR_38450,1,0.8999957,0.9647382,0.82126707
A0301_KLGGALQAK_IE-1_CMV_binder_TCR_38453,1,0.9006067,0.95431626,0.84404325
A0301_KLGGALQAK_IE-1_CMV_binder_TCR_38480,0,0.8976977,0.9353256,0.79186845
A0301_KLGGALQAK_IE-1_CMV_binder_TCR_38492,1,0.89934343,0.95484716,0.8059407
A0301_KLGGALQAK_IE-1_CMV_binder_TCR_38495,0,0.8982342,0.9572102,0.8035871
A0301_KLGGALQAK_IE-1_CMV_binder_TCR_38496,1,0.89780915,0.9357657,0.8126702
A0301_KLGGALQAK_IE-1_CMV_binder_TCR_38509,1,0.8997722,0.91716367,0.7354845
A0301_KLGGALQAK_IE-1_CMV_binder_TCR_38521,1,0.8985212,0.94378453,0.8402004
A0301_KLGGALQAK_IE-1_CMV_binder_TCR_38523,1,0.89942384,0.933413,0.82545376
A0301_KLGGALQAK_IE-1_CMV_binder_TCR_38531,0,0.89779675,0.91406274,0.82298934
A0301_KLGGALQAK_IE-1_CMV_binder_TCR_38549,1,0.8981056,0.95418006,0.8261866
A0301_KLGGALQAK_IE-1_CMV_binder_TCR_38558,1,0.8973898,0.95616615,0.8302057
A0301_KLGGALQAK_IE-1_CMV_binder_TCR_38561,1,0.8983486,0.953968,0.7938354
A0301_KLGGALQAK_IE-1_CMV_binder_TCR_38562,1,0.89736986,0.8993613,0.78936976
A0301_KLGGALQAK_IE-1_CMV_binder_TCR_38572,1,0.8958229,0.9400158,0.8215027
A0301_KLGGALQAK_IE-1_CMV_binder_TCR_38586,1,0.89619035,0.93977845,0.74517447
A0301_KLGGALQAK_IE-1_CMV_binder_TCR_38588,1,0.8986435,0.949975,0.7855604
A0301_KLGGALQAK_IE-1_CMV_binder_TCR_38594,1,0.89922804,0.9524769,0.8154973
A0301_KLGGALQAK_IE-1_CMV_binder_TCR_38595,1,0.9009565,0.9385916,0.81240135
A0301_KLGGALQAK_IE-1_CMV_binder_TCR_38622,1,0.8983732,0.9387809,0.74992275
A0301_KLGGALQAK_IE-1_CMV_binder_TCR_38624,1,0.89937305,0.9132241,0.9024024
A0301_KLGGALQAK_IE-1_CMV_binder_TCR_38626,1,0.8984711,0.9584849,0.8436217
A0301_KLGGALQAK_IE-1_CMV_binder_TCR_38629,1,0.8980266,0.9579035,0.7221678
A0301_KLGGALQAK_IE-1_CMV_binder_TCR_38635,1,0.89871156,0.92961544,0.84522706
A0301_KLGGALQAK_IE-1_CMV_binder_TCR_38639,1,0.89430416,0.93837553,0.79497224
A0301_KLGGALQAK_IE-1_CMV_binder_TCR_38648,1,0.9004629,0.9655339,0.8690125
A0301_KLGGALQAK_IE-1_CMV_binder_TCR_38653,1,0.89622146,0.942351,0.78188604
A0301_KLGGALQAK_IE-1_CMV_binder_TCR_38656,1,0.8959909,0.9455331,0.90538526
A0301_KLGGALQAK_IE-1_CMV_binder_TCR_38657,1,0.89997524,0.9652722,0.8753604
A0301_KLGGALQAK_IE-1_CMV_binder_TCR_38661,1,0.89877737,0.9361473,0.8015249
A0301_KLGGALQAK_IE-1_CMV_binder_TCR_38664,1,0.90309477,0.9631195,0.89354426
A0301_KLGGALQAK_IE-1_CMV_binder_TCR_38665,1,0.8999402,0.95907116,0.8926041
A0301_KLGGALQAK_IE-1_CMV_binder_TCR_38673,1,0.90247357,0.9698859,0.8670203
A0301_KLGGALQAK_IE-1_CMV_binder_TCR_38674,1,0.89751893,0.96169263,0.8983792
A0301_KLGGALQAK_IE-1_CMV_binder_TCR_38678,1,0.89846075,0.97589725,0.84765667
A0301_KLGGALQAK_IE-1_CMV_binder_TCR_38679,1,0.90191853,0.95930535,0.87918717
A0301_KLGGALQAK_IE-1_CMV_binder_TCR_38689,1,0.8982692,0.9383132,0.82822466
A0301_KLGGALQAK_IE-1_CMV_binder_TCR_38691,1,0.89846045,0.9499932,0.82221967
A0301_KLGGALQAK_IE-1_CMV_binder_TCR_38693,1,0.8998284,0.9349947,0.821548
A0301_KLGGALQAK_IE-1_CMV_binder_TCR_38694,1,0.89485365,0.9487945,0.5861106
A0301_KLGGALQAK_IE-1_CMV_binder_TCR_38699,0,0.8992,0.9501334,0.82599485
A0301_KLGGALQAK_IE-1_CMV_binder_TCR_38713,1,0.89642173,0.9707794,0.7746329
A0301_KLGGALQAK_IE-1_CMV_binder_TCR_38719,1,0.8997919,0.96132857,0.7781047
A0301_KLGGALQAK_IE-1_CMV_binder_TCR_38728,1,0.8926039,0.9320572,0.6353876
A0301_KLGGALQAK_IE-1_CMV_binder_TCR_38734,1,0.8978995,0.95631003,0.7789432
A0301_KLGGALQAK_IE-1_CMV_binder_TCR_38743,1,0.9004113,0.9649766,0.836471
A0301_KLGGALQAK_IE-1_CMV_binder_TCR_38749,1,0.8981149,0.9429156,0.8158453
A0301_KLGGALQAK_IE-1_CMV_binder_TCR_38750,1,0.89838654,0.95713985,0.8446444
A0301_KLGGALQAK_IE-1_CMV_binder_TCR_38755,1,0.89799666,0.9353458,0.79945356
A0301_KLGGALQAK_IE-1_CMV_binder_TCR_38758,1,0.8995968,0.9582044,0.80880404
A0301_KLGGALQAK_IE-1_CMV_binder_TCR_3876,0,0.8965615,0.9241338,0.7040865
A0301_KLGGALQAK_IE-1_CMV_binder_TCR_38771,1,0.89858544,0.9741687,0.9099807
A0301_KLGGALQAK_IE-1_CMV_binder_TCR_38774,1,0.9043247,0.9603816,0.83737546
A0301_KLGGALQAK_IE-1_CMV_binder_TCR_38781,1,0.9007112,0.9442568,0.8451808
A0301_KLGGALQAK_IE-1_CMV_binder_TCR_38782,1,0.9004689,0.9305804,0.846522
A0301_KLGGALQAK_IE-1_CMV_binder_TCR_38789,1,0.9017649,0.9642109,0.8362008
A0301_KLGGALQAK_IE-1_CMV_binder_TCR_38791,1,0.9013084,0.9420992,0.8195146
A0301_KLGGALQAK_IE-1_CMV_binder_TCR_38797,1,0.9010277,0.95585823,0.82590574
A0301_KLGGALQAK_IE-1_CMV_binder_TCR_3880,0,0.89858717,0.93823844,0.77617186
A0301_KLGGALQAK_IE-1_CMV_binder_TCR_38803,1,0.89810175,0.91738623,0.8057681
A0301_KLGGALQAK_IE-1_CMV_binder_TCR_38807,1,0.8993557,0.9540078,0.8543024
A0301_KLGGALQAK_IE-1_CMV_binder_TCR_38813,1,0.89464754,0.9490983,0.7878392
A0301_KLGGALQAK_IE-1_CMV_binder_TCR_38828,0,0.9018581,0.9593457,0.8620266
A0301_KLGGALQAK_IE-1_CMV_binder_TCR_38833,1,0.8944316,0.9625299,0.7779733
A0301_KLGGALQAK_IE-1_CMV_binder_TCR_38834,1,0.895083,0.9658907,0.8204085
A0301_KLGGALQAK_IE-1_CMV_binder_TCR_38835,1,0.9002128,0.9739155,0.8579614
A0301_KLGGALQAK_IE-1_CMV_binder_TCR_38847,1,0.8994085,0.96803945,0.7680308
A0301_KLGGALQAK_IE-1_CMV_binder_TCR_38856,1,0.9003608,0.958958,0.8320824
A0301_KLGGALQAK_IE-1_CMV_binder_TCR_38859,1,0.8988724,0.95287454,0.8907683
A0301_KLGGALQAK_IE-1_CMV_binder_TCR_38865,1,0.9002562,0.95438665,0.82900673
A0301_KLGGALQAK_IE-1_CMV_binder_TCR_38877,1,0.8981805,0.9723078,0.86523026
A0301_KLGGALQAK_IE-1_CMV_binder_TCR_38878,1,0.9000313,0.95583963,0.7921513
A0301_KLGGALQAK_IE-1_CMV_binder_TCR_38880,1,0.89785314,0.9643494,0.8751387
A0301_KLGGALQAK_IE-1_CMV_binder_TCR_38882,1,0.8963544,0.9414208,0.8186224
A0301_KLGGALQAK_IE-1_CMV_binder_TCR_38890,1,0.8964339,0.9581548,0.8130512
A0301_KLGGALQAK_IE-1_CMV_binder_TCR_38907,1,0.8939784,0.954399,0.82980484
A0301_KLGGALQAK_IE-1_CMV_binder_TCR_38911,1,0.90084034,0.970518,0.78339046
A0301_KLGGALQAK_IE-1_CMV_binder_TCR_38916,1,0.9021315,0.96984404,0.8753137
A0301_KLGGALQAK_IE-1_CMV_binder_TCR_38926,1,0.90033156,0.9678385,0.80971587
A0301_KLGGALQAK_IE-1_CMV_binder_TCR_38927,1,0.89834034,0.9550959,0.78612
A0301_KLGGALQAK_IE-1_CMV_binder_TCR_38929,1,0.90207344,0.9729787,0.83621335
A0301_KLGGALQAK_IE-1_CMV_binder_TCR_38955,1,0.90157986,0.9439156,0.8477342
A0301_KLGGALQAK_IE-1_CMV_binder_TCR_38958,1,0.8982731,0.963151,0.76751995
A0301_KLGGALQAK_IE-1_CMV_binder_TCR_38961,1,0.89975196,0.9452597,0.8539195
A0301_KLGGALQAK_IE-1_CMV_binder_TCR_38979,1,0.8961463,0.96010596,0.77234524
A0301_KLGGALQAK_IE-1_CMV_binder_TCR_38985,1,0.9015184,0.96360105,0.8618266
A0301_KLGGALQAK_IE-1_CMV_binder_TCR_38992,1,0.8967605,0.92523,0.7723697
A0301_KLGGALQAK_IE-1_CMV_binder_TCR_38993,1,0.9002044,0.9744038,0.8107759
A0301_KLGGALQAK_IE-1_CMV_binder_TCR_38997,1,0.89966744,0.9607091,0.86601776
A0301_KLGGALQAK_IE-1_CMV_binder_TCR_39006,1,0.9024032,0.9673244,0.8334485
A0301_KLGGALQAK_IE-1_CMV_binder_TCR_39007,1,0.89688927,0.956143,0.87667125
A0301_KLGGALQAK_IE-1_CMV_binder_TCR_39012,0,0.90035427,0.96325576,0.8647822
A0301_KLGGALQAK_IE-1_CMV_binder_TCR_39019,1,0.8999642,0.9418386,0.8059486
A0301_KLGGALQAK_IE-1_CMV_binder_TCR_39047,1,0.8969674,0.9565545,0.75274247
A0301_KLGGALQAK_IE-1_CMV_binder_TCR_39056,1,0.9004858,0.95098346,0.7601572
A0301_KLGGALQAK_IE-1_CMV_binder_TCR_3906,1,0.89518887,0.90928155,0.62561643
A0301_KLGGALQAK_IE-1_CMV_binder_TCR_39067,1,0.8962276,0.9616061,0.7972777
A0301_KLGGALQAK_IE-1_CMV_binder_TCR_39077,1,0.89872795,0.9522122,0.7226154
A0301_KLGGALQAK_IE-1_CMV_binder_TCR_39079,1,0.9032817,0.9726723,0.8586693
A0301_KLGGALQAK_IE-1_CMV_binder_TCR_39082,1,0.89918053,0.9697628,0.87635016
A0301_KLGGALQAK_IE-1_CMV_binder_TCR_39096,1,0.8939929,0.95931333,0.8007515
A0301_KLGGALQAK_IE-1_CMV_binder_TCR_39100,1,0.89555126,0.9495777,0.83666664
A0301_KLGGALQAK_IE-1_CMV_binder_TCR_39123,1,0.89936996,0.9625982,0.8475951
A0301_KLGGALQAK_IE-1_CMV_binder_TCR_39124,1,0.9011247,0.96500164,0.8222818
A0301_KLGGALQAK_IE-1_CMV_binder_TCR_3913,0,0.89811677,0.91184336,0.8017288
A0301_KLGGALQAK_IE-1_CMV_binder_TCR_39132,1,0.900994,0.9569318,0.84274364
A0301_KLGGALQAK_IE-1_CMV_binder_TCR_39135,0,0.90081596,0.9629792,0.82118547
A0301_KLGGALQAK_IE-1_CMV_binder_TCR_39138,0,0.89831245,0.96221083,0.80514294
A0301_KLGGALQAK_IE-1_CMV_binder_TCR_39141,1,0.89835334,0.9606127,0.82679
A0301_KLGGALQAK_IE-1_CMV_binder_TCR_39184,1,0.8957897,0.9638359,0.8826398
A0301_KLGGALQAK_IE-1_CMV_binder_TCR_39188,1,0.9014164,0.97211266,0.85112363
A0301_KLGGALQAK_IE-1_CMV_binder_TCR_39222,1,0.89298904,0.94701225,0.76215255
A0301_KLGGALQAK_IE-1_CMV_binder_TCR_39274,0,0.8962167,0.96904147,0.8376946
A0301_KLGGALQAK_IE-1_CMV_binder_TCR_39289,1,0.89816713,0.96279603,0.82295287
A0301_KLGGALQAK_IE-1_CMV_binder_TCR_39295,1,0.8997678,0.96692955,0.87037456
A0301_KLGGALQAK_IE-1_CMV_binder_TCR_39297,1,0.89465785,0.96277946,0.7111679
A0301_KLGGALQAK_IE-1_CMV_binder_TCR_39307,1,0.8995984,0.9728749,0.83273196
A0301_KLGGALQAK_IE-1_CMV_binder_TCR_39316,1,0.89962924,0.97053236,0.8605813
A0301_KLGGALQAK_IE-1_CMV_binder_TCR_39318,1,0.89877194,0.9737118,0.84119797
A0301_KLGGALQAK_IE-1_CMV_binder_TCR_39325,1,0.8985375,0.9763055,0.8434239
A0301_KLGGALQAK_IE-1_CMV_binder_TCR_39352,1,0.89643526,0.9768992,0.9002002
A0301_KLGGALQAK_IE-1_CMV_binder_TCR_39400,1,0.89849,0.9472643,0.78408843
A0301_KLGGALQAK_IE-1_CMV_binder_TCR_39404,1,0.89854544,0.98769766,0.9335631
A0301_KLGGALQAK_IE-1_CMV_binder_TCR_39416,1,0.90278375,0.97046214,0.8498718
A0301_KLGGALQAK_IE-1_CMV_binder_TCR_39417,1,0.8923826,0.952378,0.86062986
A0301_KLGGALQAK_IE-1_CMV_binder_TCR_39428,1,0.9036888,0.97149795,0.8248571
A0301_KLGGALQAK_IE-1_CMV_binder_TCR_39438,1,0.90372384,0.9736004,0.8629758
A0301_KLGGALQAK_IE-1_CMV_binder_TCR_39441,1,0.89739066,0.95937765,0.7711803
A0301_KLGGALQAK_IE-1_CMV_binder_TCR_39445,1,0.89981365,0.9543128,0.8436847
A0301_KLGGALQAK_IE-1_CMV_binder_TCR_39450,1,0.903461,0.96090823,0.8487108
A0301_KLGGALQAK_IE-1_CMV_binder_TCR_39460,1,0.90271467,0.9747112,0.85282385
A0301_KLGGALQAK_IE-1_CMV_binder_TCR_39461,1,0.89733654,0.95515186,0.79878473
A0301_KLGGALQAK_IE-1_CMV_binder_TCR_39462,1,0.89966965,0.9671743,0.77641225
A0301_KLGGALQAK_IE-1_CMV_binder_TCR_39465,1,0.89612156,0.96550804,0.9131018
A0301_KLGGALQAK_IE-1_CMV_binder_TCR_39480,1,0.89727384,0.89748776,0.7323811
A0301_KLGGALQAK_IE-1_CMV_binder_TCR_39482,1,0.89887035,0.9452514,0.8290968
A0301_KLGGALQAK_IE-1_CMV_binder_TCR_39492,1,0.8972921,0.95506823,0.88962466
A0301_KLGGALQAK_IE-1_CMV_binder_TCR_39497,1,0.8957579,0.9599728,0.74005353
A0301_KLGGALQAK_IE-1_CMV_binder_TCR_39508,1,0.89424413,0.93501234,0.69394624
A0301_KLGGALQAK_IE-1_CMV_binder_TCR_39512,1,0.89495116,0.95444256,0.8094527
A0301_KLGGALQAK_IE-1_CMV_binder_TCR_39515,1,0.89825225,0.9490854,0.8316147
A0301_KLGGALQAK_IE-1_CMV_binder_TCR_39517,1,0.9022695,0.9693775,0.8468023
A0301_KLGGALQAK_IE-1_CMV_binder_TCR_39522,1,0.90238917,0.97242534,0.8660584
A0301_KLGGALQAK_IE-1_CMV_binder_TCR_39533,1,0.89598083,0.94597644,0.73538995
A0301_KLGGALQAK_IE-1_CMV_binder_TCR_39538,1,0.8985512,0.9519309,0.67712295
A0301_KLGGALQAK_IE-1_CMV_binder_TCR_39544,1,0.9005312,0.9527598,0.7882943
A0301_KLGGALQAK_IE-1_CMV_binder_TCR_39550,1,0.8987419,0.9509272,0.82206947
A0301_KLGGALQAK_IE-1_CMV_binder_TCR_39558,1,0.8948047,0.9684977,0.6948414
A0301_KLGGALQAK_IE-1_CMV_binder_TCR_39562,1,0.90106463,0.9664462,0.92455983
A0301_KLGGALQAK_IE-1_CMV_binder_TCR_39563,1,0.89609253,0.9369499,0.7660298
A0301_KLGGALQAK_IE-1_CMV_binder_TCR_3957,1,0.8965693,0.9465115,0.8229842
A0301_KLGGALQAK_IE-1_CMV_binder_TCR_39577,1,0.89815533,0.96059984,0.82999694
A0301_KLGGALQAK_IE-1_CMV_binder_TCR_39592,1,0.8942561,0.92766434,0.7444445
A0301_KLGGALQAK_IE-1_CMV_binder_TCR_39594,0,0.9018525,0.9554341,0.851073
A0301_KLGGALQAK_IE-1_CMV_binder_TCR_39602,1,0.89945966,0.94584656,0.8506712
A0301_KLGGALQAK_IE-1_CMV_binder_TCR_39605,1,0.89500594,0.9483628,0.7751552
A0301_KLGGALQAK_IE-1_CMV_binder_TCR_39610,0,0.89849883,0.96937346,0.8461121
A0301_KLGGALQAK_IE-1_CMV_binder_TCR_39620,1,0.90032595,0.95369536,0.8305453
A0301_KLGGALQAK_IE-1_CMV_binder_TCR_39636,1,0.8997672,0.94272286,0.7853594
A0301_KLGGALQAK_IE-1_CMV_binder_TCR_39643,0,0.9028504,0.9490182,0.8414553
A0301_KLGGALQAK_IE-1_CMV_binder_TCR_39652,1,0.89963084,0.95308626,0.93099123
A0301_KLGGALQAK_IE-1_CMV_binder_TCR_39659,1,0.89958984,0.9161388,0.7801595
A0301_KLGGALQAK_IE-1_CMV_binder_TCR_39663,1,0.8989407,0.9523028,0.7957124
A0301_KLGGALQAK_IE-1_CMV_binder_TCR_39675,1,0.89627665,0.95243865,0.82608294
A0301_KLGGALQAK_IE-1_CMV_binder_TCR_39677,1,0.8972736,0.94804496,0.7743383
A0301_KLGGALQAK_IE-1_CMV_binder_TCR_39678,1,0.8989224,0.95266837,0.802021
A0301_KLGGALQAK_IE-1_CMV_binder_TCR_39682,1,0.8999091,0.96265465,0.8178512
A0301_KLGGALQAK_IE-1_CMV_binder_TCR_39683,1,0.90070325,0.9597129,0.79052174
A0301_KLGGALQAK_IE-1_CMV_binder_TCR_39693,1,0.8981035,0.964468,0.83268774
A0301_KLGGALQAK_IE-1_CMV_binder_TCR_39697,1,0.902028,0.94892937,0.84368294
A0301_KLGGALQAK_IE-1_CMV_binder_TCR_39712,1,0.8999704,0.9561592,0.83705175
A0301_KLGGALQAK_IE-1_CMV_binder_TCR_39722,1,0.90172696,0.96475995,0.8253836
A0301_KLGGALQAK_IE-1_CMV_binder_TCR_39725,1,0.9027301,0.9637027,0.8874751
A0301_KLGGALQAK_IE-1_CMV_binder_TCR_39736,1,0.89659286,0.95148474,0.7988343
A0301_KLGGALQAK_IE-1_CMV_binder_TCR_39738,1,0.8975931,0.9604818,0.85714024
A0301_KLGGALQAK_IE-1_CMV_binder_TCR_39762,1,0.9029837,0.96502274,0.87791353
A0301_KLGGALQAK_IE-1_CMV_binder_TCR_39767,1,0.89616066,0.9529215,0.8427341
A0301_KLGGALQAK_IE-1_CMV_binder_TCR_39772,1,0.9024585,0.960163,0.83383834
A0301_KLGGALQAK_IE-1_CMV_binder_TCR_39777,1,0.9025145,0.9458522,0.71494377
A0301_KLGGALQAK_IE-1_CMV_binder_TCR_39784,1,0.90206885,0.9643837,0.8213646
A0301_KLGGALQAK_IE-1_CMV_binder_TCR_39785,1,0.8965121,0.9297436,0.7664521
A0301_KLGGALQAK_IE-1_CMV_binder_TCR_39787,1,0.90204585,0.967703,0.870085
A0301_KLGGALQAK_IE-1_CMV_binder_TCR_39791,0,0.8966583,0.9635894,0.86539465
A0301_KLGGALQAK_IE-1_CMV_binder_TCR_39803,1,0.8948587,0.94680625,0.7483924
A0301_KLGGALQAK_IE-1_CMV_binder_TCR_39814,1,0.9033893,0.9735107,0.8625354
A0301_KLGGALQAK_IE-1_CMV_binder_TCR_39819,1,0.9007462,0.96789706,0.82142645
A0301_KLGGALQAK_IE-1_CMV_binder_TCR_39821,1,0.898964,0.9587535,0.7860282
A0301_KLGGALQAK_IE-1_CMV_binder_TCR_39832,1,0.90004206,0.93703854,0.8362707
A0301_KLGGALQAK_IE-1_CMV_binder_TCR_39846,1,0.8992875,0.9499212,0.79033995
A0301_KLGGALQAK_IE-1_CMV_binder_TCR_39858,1,0.9005032,0.95516425,0.7565823
A0301_KLGGALQAK_IE-1_CMV_binder_TCR_39859,1,0.8938717,0.901816,0.5995734
A0301_KLGGALQAK_IE-1_CMV_binder_TCR_39860,0,0.8983455,0.94673705,0.8405368
A0301_KLGGALQAK_IE-1_CMV_binder_TCR_39865,1,0.8952228,0.9587137,0.7321663
A0301_KLGGALQAK_IE-1_CMV_binder_TCR_39866,1,0.8984033,0.9374723,0.78097177
A0301_KLGGALQAK_IE-1_CMV_binder_TCR_39868,1,0.8992589,0.9612061,0.85937953
A0301_KLGGALQAK_IE-1_CMV_binder_TCR_3989,0,0.9001713,0.9640488,0.8711875
A0301_KLGGALQAK_IE-1_CMV_binder_TCR_39890,0,0.9029071,0.9666562,0.8191736
A0301_KLGGALQAK_IE-1_CMV_binder_TCR_39895,1,0.8967325,0.9348993,0.7737386
A0301_KLGGALQAK_IE-1_CMV_binder_TCR_39896,1,0.8974296,0.96704495,0.84148115
A0301_KLGGALQAK_IE-1_CMV_binder_TCR_39906,1,0.89528906,0.9489322,0.81876045
A0301_KLGGALQAK_IE-1_CMV_binder_TCR_39911,1,0.8999795,0.93410784,0.856404
A0301_KLGGALQAK_IE-1_CMV_binder_TCR_39913,1,0.8935932,0.9283983,0.8110817
A0301_KLGGALQAK_IE-1_CMV_binder_TCR_39924,0,0.8995152,0.94761735,0.8409261
A0301_KLGGALQAK_IE-1_CMV_binder_TCR_39933,1,0.8970858,0.9458249,0.8432328
A0301_KLGGALQAK_IE-1_CMV_binder_TCR_39938,1,0.899886,0.96028453,0.8024723
A0301_KLGGALQAK_IE-1_CMV_binder_TCR_39944,1,0.89809203,0.9581815,0.7689758
A0301_KLGGALQAK_IE-1_CMV_binder_TCR_39948,1,0.90250355,0.9682416,0.86000717
A0301_KLGGALQAK_IE-1_CMV_binder_TCR_39950,1,0.9018251,0.94869953,0.82582647
A0301_KLGGALQAK_IE-1_CMV_binder_TCR_39954,1,0.89886326,0.95180935,0.81326365
A0301_KLGGALQAK_IE-1_CMV_binder_TCR_39969,1,0.9002967,0.96728855,0.8110212
A0301_KLGGALQAK_IE-1_CMV_binder_TCR_39970,1,0.9002531,0.9588277,0.79899985
A0301_KLGGALQAK_IE-1_CMV_binder_TCR_39976,1,0.8981645,0.94178957,0.6906548
A0301_KLGGALQAK_IE-1_CMV_binder_TCR_39983,1,0.9046692,0.974984,0.85463494
A0301_KLGGALQAK_IE-1_CMV_binder_TCR_39988,1,0.8990268,0.95141304,0.7712905
A0301_KLGGALQAK_IE-1_CMV_binder_TCR_39991,1,0.89710796,0.9492424,0.77357286
A0301_KLGGALQAK_IE-1_CMV_binder_TCR_40,1,0.89866644,0.93828696,0.71183693
A0301_KLGGALQAK_IE-1_CMV_binder_TCR_40003,1,0.8985567,0.94535875,0.77208024
A0301_KLGGALQAK_IE-1_CMV_binder_TCR_40005,1,0.8966196,0.96858436,0.8202667
A0301_KLGGALQAK_IE-1_CMV_binder_TCR_40007,0,0.90097773,0.9710758,0.8818844
A0301_KLGGALQAK_IE-1_CMV_binder_TCR_40024,1,0.8962091,0.96014583,0.8423299
A0301_KLGGALQAK_IE-1_CMV_binder_TCR_4003,0,0.8990549,0.9670979,0.8838622
A0301_KLGGALQAK_IE-1_CMV_binder_TCR_40043,1,0.89679015,0.9742863,0.9386684
A0301_KLGGALQAK_IE-1_CMV_binder_TCR_40046,1,0.8972285,0.9407282,0.7927519
A0301_KLGGALQAK_IE-1_CMV_binder_TCR_40048,1,0.8978947,0.9355149,0.7959357
A0301_KLGGALQAK_IE-1_CMV_binder_TCR_40057,1,0.89680487,0.95132035,0.731092
A0301_KLGGALQAK_IE-1_CMV_binder_TCR_40058,1,0.8983648,0.92088395,0.77137804
A0301_KLGGALQAK_IE-1_CMV_binder_TCR_40078,1,0.89814115,0.95595247,0.8045098
A0301_KLGGALQAK_IE-1_CMV_binder_TCR_40082,1,0.89867526,0.9420985,0.7948709
A0301_KLGGALQAK_IE-1_CMV_binder_TCR_40085,1,0.902073,0.95815176,0.9235468
A0301_KLGGALQAK_IE-1_CMV_binder_TCR_40090,0,0.8973669,0.92430055,0.767382
A0301_KLGGALQAK_IE-1_CMV_binder_TCR_40102,1,0.901472,0.9652925,0.8299988
A0301_KLGGALQAK_IE-1_CMV_binder_TCR_40120,1,0.89856446,0.96422076,0.7538954
A0301_KLGGALQAK_IE-1_CMV_binder_TCR_40147,1,0.9004423,0.95754373,0.8401786
A0301_KLGGALQAK_IE-1_CMV_binder_TCR_4015,0,0.8981878,0.9212237,0.35703504
A0301_KLGGALQAK_IE-1_CMV_binder_TCR_40156,1,0.899032,0.93343455,0.8160572
A0301_KLGGALQAK_IE-1_CMV_binder_TCR_40164,1,0.89902616,0.9587739,0.8488328
A0301_KLGGALQAK_IE-1_CMV_binder_TCR_40165,1,0.89840394,0.9438716,0.8265734
A0301_KLGGALQAK_IE-1_CMV_binder_TCR_40167,1,0.9021919,0.9735502,0.85963273
A0301_KLGGALQAK_IE-1_CMV_binder_TCR_40173,1,0.8981693,0.9049768,0.77079767
A0301_KLGGALQAK_IE-1_CMV_binder_TCR_40174,1,0.8967013,0.9477084,0.7932392
A0301_KLGGALQAK_IE-1_CMV_binder_TCR_40181,1,0.89847237,0.9646127,0.8992749
A0301_KLGGALQAK_IE-1_CMV_binder_TCR_40188,1,0.8941147,0.9600722,0.7926712
A0301_KLGGALQAK_IE-1_CMV_binder_TCR_40191,1,0.8954539,0.9579024,0.81064534
A0301_KLGGALQAK_IE-1_CMV_binder_TCR_40202,1,0.9006851,0.9477747,0.76996875
A0301_KLGGALQAK_IE-1_CMV_binder_TCR_40207,1,0.900103,0.94501424,0.81869286
A0301_KLGGALQAK_IE-1_CMV_binder_TCR_40225,1,0.8983677,0.91688263,0.7396838
A0301_KLGGALQAK_IE-1_CMV_binder_TCR_40228,1,0.8988791,0.96601516,0.931087
A0301_KLGGALQAK_IE-1_CMV_binder_TCR_4023,0,0.89643323,0.9447411,0.7357699
A0301_KLGGALQAK_IE-1_CMV_binder_TCR_40234,1,0.89822423,0.9557043,0.85615283
A0301_KLGGALQAK_IE-1_CMV_binder_TCR_40237,1,0.9014814,0.97221553,0.7846243
A0301_KLGGALQAK_IE-1_CMV_binder_TCR_40249,1,0.90098596,0.9562843,0.80977136
A0301_KLGGALQAK_IE-1_CMV_binder_TCR_40254,1,0.8960401,0.94145113,0.74191415
A0301_KLGGALQAK_IE-1_CMV_binder_TCR_40257,1,0.90161765,0.97106624,0.9014898
A0301_KLGGALQAK_IE-1_CMV_binder_TCR_40260,1,0.90127724,0.97218174,0.5897371
A0301_KLGGALQAK_IE-1_CMV_binder_TCR_40270,1,0.9013255,0.9754793,0.83265805
A0301_KLGGALQAK_IE-1_CMV_binder_TCR_40274,1,0.9011911,0.95771945,0.8423806
A0301_KLGGALQAK_IE-1_CMV_binder_TCR_4029,0,0.89757687,0.94619304,0.8263768
A0301_KLGGALQAK_IE-1_CMV_binder_TCR_40300,1,0.9001529,0.97607416,0.9169484
A0301_KLGGALQAK_IE-1_CMV_binder_TCR_40302,1,0.89862794,0.97167003,0.9165907
A0301_KLGGALQAK_IE-1_CMV_binder_TCR_40309,1,0.90156716,0.9642928,0.83749306
A0301_KLGGALQAK_IE-1_CMV_binder_TCR_40311,1,0.8954647,0.9883173,0.94119465
A0301_KLGGALQAK_IE-1_CMV_binder_TCR_40319,1,0.9020526,0.94494545,0.8452213
A0301_KLGGALQAK_IE-1_CMV_binder_TCR_40326,1,0.89805686,0.89202344,0.45559767
A0301_KLGGALQAK_IE-1_CMV_binder_TCR_40327,1,0.9033177,0.95014846,0.7969364
A0301_KLGGALQAK_IE-1_CMV_binder_TCR_40347,1,0.89893836,0.94711256,0.9010364
A0301_KLGGALQAK_IE-1_CMV_binder_TCR_40366,0,0.89921236,0.9855055,0.9475792
A0301_KLGGALQAK_IE-1_CMV_binder_TCR_40373,1,0.89894813,0.9861209,0.88572186
A0301_KLGGALQAK_IE-1_CMV_binder_TCR_40380,1,0.8959062,0.9694577,0.6772226
A0301_KLGGALQAK_IE-1_CMV_binder_TCR_40387,1,0.8973054,0.9669448,0.7970143
A0301_KLGGALQAK_IE-1_CMV_binder_TCR_40390,0,0.89550763,0.943374,0.74223644
A0301_KLGGALQAK_IE-1_CMV_binder_TCR_40400,1,0.9015187,0.9699423,0.9184993
A0301_KLGGALQAK_IE-1_CMV_binder_TCR_40401,1,0.8999478,0.9594168,0.80849284
A0301_KLGGALQAK_IE-1_CMV_binder_TCR_40405,1,0.9012052,0.96060675,0.7811536
A0301_KLGGALQAK_IE-1_CMV_binder_TCR_40409,1,0.8965874,0.9313222,0.7901869
A0301_KLGGALQAK_IE-1_CMV_binder_TCR_4041,1,0.9009421,0.9547664,0.82501996
A0301_KLGGALQAK_IE-1_CMV_binder_TCR_40430,0,0.89632636,0.960013,0.7276518
A0301_KLGGALQAK_IE-1_CMV_binder_TCR_40446,1,0.895155,0.95927066,0.8411742
A0301_KLGGALQAK_IE-1_CMV_binder_TCR_40453,1,0.89931315,0.9626024,0.8413645
A0301_KLGGALQAK_IE-1_CMV_binder_TCR_40466,1,0.8987538,0.9620432,0.78843904
A0301_KLGGALQAK_IE-1_CMV_binder_TCR_40473,1,0.90249044,0.9744042,0.86764413
A0301_KLGGALQAK_IE-1_CMV_binder_TCR_40474,1,0.9007278,0.9554678,0.81701016
A0301_KLGGALQAK_IE-1_CMV_binder_TCR_40479,1,0.9014984,0.97161406,0.9245645
A0301_KLGGALQAK_IE-1_CMV_binder_TCR_40485,1,0.8987784,0.9704844,0.89038414
A0301_KLGGALQAK_IE-1_CMV_binder_TCR_40488,1,0.89733934,0.9875094,0.95460147
A0301_KLGGALQAK_IE-1_CMV_binder_TCR_40489,1,0.9001954,0.95258516,0.8420226
A0301_KLGGALQAK_IE-1_CMV_binder_TCR_40490,1,0.90300125,0.9680443,0.9323371
A0301_KLGGALQAK_IE-1_CMV_binder_TCR_40498,1,0.89818966,0.97003514,0.7858445
A0301_KLGGALQAK_IE-1_CMV_binder_TCR_405,1,0.89440966,0.9104917,0.7878928
A0301_KLGGALQAK_IE-1_CMV_binder_TCR_40511,1,0.89957386,0.95036656,0.75829816
A0301_KLGGALQAK_IE-1_CMV_binder_TCR_40512,0,0.8990382,0.96994275,0.8446485
A0301_KLGGALQAK_IE-1_CMV_binder_TCR_40518,1,0.898986,0.9500802,0.86302656
A0301_KLGGALQAK_IE-1_CMV_binder_TCR_40519,0,0.9024994,0.96876717,0.78753227
A0301_KLGGALQAK_IE-1_CMV_binder_TCR_40520,1,0.900652,0.94312614,0.87011355
A0301_KLGGALQAK_IE-1_CMV_binder_TCR_40527,1,0.90083015,0.9637345,0.8041321
A0301_KLGGALQAK_IE-1_CMV_binder_TCR_40530,1,0.8985012,0.9500878,0.78742576
A0301_KLGGALQAK_IE-1_CMV_binder_TCR_40534,1,0.8981436,0.94903505,0.7280859
A0301_KLGGALQAK_IE-1_CMV_binder_TCR_40542,0,0.9032446,0.9694955,0.9066065
A0301_KLGGALQAK_IE-1_CMV_binder_TCR_40544,1,0.90281814,0.96943474,0.87860096
A0301_KLGGALQAK_IE-1_CMV_binder_TCR_40548,1,0.9003682,0.961471,0.80514604
A0301_KLGGALQAK_IE-1_CMV_binder_TCR_40554,1,0.9011166,0.9825585,0.96612483
A0301_KLGGALQAK_IE-1_CMV_binder_TCR_40557,1,0.90298057,0.9856145,0.9710361
A0301_KLGGALQAK_IE-1_CMV_binder_TCR_40561,1,0.90110385,0.9844024,0.93261296
A0301_KLGGALQAK_IE-1_CMV_binder_TCR_40564,1,0.89900523,0.9870155,0.9790041
A0301_KLGGALQAK_IE-1_CMV_binder_TCR_40568,0,0.90201956,0.990168,0.9612001
A0301_KLGGALQAK_IE-1_CMV_binder_TCR_40578,1,0.8974488,0.98370117,0.96015114
A0301_KLGGALQAK_IE-1_CMV_binder_TCR_40591,1,0.89978063,0.9885562,0.98358995
A0301_KLGGALQAK_IE-1_CMV_binder_TCR_40592,0,0.9025167,0.9859512,0.9777166
A0301_KLGGALQAK_IE-1_CMV_binder_TCR_40593,1,0.8985788,0.987369,0.9720363
A0301_KLGGALQAK_IE-1_CMV_binder_TCR_40598,1,0.89835674,0.9794587,0.9733417
A0301_KLGGALQAK_IE-1_CMV_binder_TCR_40600,1,0.9037483,0.98708344,0.95803213
A0301_KLGGALQAK_IE-1_CMV_binder_TCR_40608,1,0.9016126,0.9858759,0.9651496
A0301_KLGGALQAK_IE-1_CMV_binder_TCR_40620,1,0.8991665,0.9850108,0.9766658
A0301_KLGGALQAK_IE-1_CMV_binder_TCR_40621,1,0.89823693,0.98236626,0.943344
A0301_KLGGALQAK_IE-1_CMV_binder_TCR_40622,1,0.89878964,0.9918222,0.99201715
A0301_KLGGALQAK_IE-1_CMV_binder_TCR_40624,1,0.90074754,0.9884292,0.9346493
A0301_KLGGALQAK_IE-1_CMV_binder_TCR_40629,0,0.9008551,0.9869602,0.9857363
A0301_KLGGALQAK_IE-1_CMV_binder_TCR_40631,1,0.8989568,0.98746336,0.99377304
A0301_KLGGALQAK_IE-1_CMV_binder_TCR_40633,1,0.90372854,0.98621535,0.9785056
A0301_KLGGALQAK_IE-1_CMV_binder_TCR_40650,1,0.89962506,0.9798708,0.97421896
A0301_KLGGALQAK_IE-1_CMV_binder_TCR_40655,1,0.902342,0.9883023,0.9690025
A0301_KLGGALQAK_IE-1_CMV_binder_TCR_40657,1,0.9013511,0.9872728,0.97256607
A0301_KLGGALQAK_IE-1_CMV_binder_TCR_40659,1,0.90342605,0.98686033,0.950832
A0301_KLGGALQAK_IE-1_CMV_binder_TCR_40661,1,0.896192,0.9809513,0.9719677
A0301_KLGGALQAK_IE-1_CMV_binder_TCR_40667,1,0.89943755,0.98674774,0.98838204
A0301_KLGGALQAK_IE-1_CMV_binder_TCR_40684,1,0.8972672,0.9966467,0.9982754
A0301_KLGGALQAK_IE-1_CMV_binder_TCR_40688,1,0.8978229,0.99046963,0.9955401
A0301_KLGGALQAK_IE-1_CMV_binder_TCR_40690,1,0.9011072,0.98724383,0.94658095
A0301_KLGGALQAK_IE-1_CMV_binder_TCR_40695,1,0.90219957,0.9868128,0.9445853
A0301_KLGGALQAK_IE-1_CMV_binder_TCR_40697,1,0.90153944,0.988298,0.98785526
A0301_KLGGALQAK_IE-1_CMV_binder_TCR_40700,1,0.89264005,0.9760498,0.84883565
A0301_KLGGALQAK_IE-1_CMV_binder_TCR_40716,0,0.9012365,0.9867019,0.9703845
A0301_KLGGALQAK_IE-1_CMV_binder_TCR_40720,1,0.90010273,0.9898887,0.96242577
A0301_KLGGALQAK_IE-1_CMV_binder_TCR_40728,1,0.8996584,0.9856257,0.9543099
A0301_KLGGALQAK_IE-1_CMV_binder_TCR_40730,1,0.89501685,0.9771903,0.9864586
A0301_KLGGALQAK_IE-1_CMV_binder_TCR_40732,1,0.9036142,0.9890788,0.9269215
A0301_KLGGALQAK_IE-1_CMV_binder_TCR_40733,1,0.89821696,0.9872199,0.9724286
A0301_KLGGALQAK_IE-1_CMV_binder_TCR_40741,1,0.8996918,0.9830893,0.9582009
A0301_KLGGALQAK_IE-1_CMV_binder_TCR_40758,1,0.90184397,0.9834135,0.8848527
A0301_KLGGALQAK_IE-1_CMV_binder_TCR_40771,1,0.89855343,0.9661423,0.88326687
A0301_KLGGALQAK_IE-1_CMV_binder_TCR_40777,1,0.8973357,0.9594673,0.85602653
A0301_KLGGALQAK_IE-1_CMV_binder_TCR_40784,1,0.8966064,0.93149376,0.7816669
A0301_KLGGALQAK_IE-1_CMV_binder_TCR_40805,1,0.89491427,0.9402944,0.7041815
A0301_KLGGALQAK_IE-1_CMV_binder_TCR_40808,1,0.90214384,0.9644703,0.86914015
A0301_KLGGALQAK_IE-1_CMV_binder_TCR_40820,1,0.89874065,0.9638101,0.87541395
A0301_KLGGALQAK_IE-1_CMV_binder_TCR_40823,1,0.8933716,0.9517363,0.8352696
A0301_KLGGALQAK_IE-1_CMV_binder_TCR_40841,1,0.9032137,0.97243744,0.86271405
A0301_KLGGALQAK_IE-1_CMV_binder_TCR_40843,1,0.9020998,0.98620623,0.8265715
A0301_KLGGALQAK_IE-1_CMV_binder_TCR_40854,1,0.9016669,0.9740845,0.8905705
A0301_KLGGALQAK_IE-1_CMV_binder_TCR_40855,1,0.900518,0.94370514,0.8014333
A0301_KLGGALQAK_IE-1_CMV_binder_TCR_40860,1,0.8977236,0.95342696,0.8949734
A0301_KLGGALQAK_IE-1_CMV_binder_TCR_40863,1,0.8972711,0.96032876,0.86050135
A0301_KLGGALQAK_IE-1_CMV_binder_TCR_40889,1,0.9006586,0.9547058,0.7156212
A0301_KLGGALQAK_IE-1_CMV_binder_TCR_40907,1,0.89531314,0.9290219,0.7745206
A0301_KLGGALQAK_IE-1_CMV_binder_TCR_40909,1,0.8981938,0.9526331,0.8351134
A0301_KLGGALQAK_IE-1_CMV_binder_TCR_40916,1,0.89054793,0.91304,0.9243201
A0301_KLGGALQAK_IE-1_CMV_binder_TCR_40918,1,0.8980604,0.969218,0.83742595
A0301_KLGGALQAK_IE-1_CMV_binder_TCR_4092,0,0.8932553,0.91914296,0.82783926
A0301_KLGGALQAK_IE-1_CMV_binder_TCR_40926,0,0.9017732,0.9492194,0.8423087
A0301_KLGGALQAK_IE-1_CMV_binder_TCR_40938,1,0.899737,0.9213947,0.8348156
A0301_KLGGALQAK_IE-1_CMV_binder_TCR_40944,0,0.9002724,0.967561,0.81219286
A0301_KLGGALQAK_IE-1_CMV_binder_TCR_40958,1,0.90347594,0.97099364,0.7955122
A0301_KLGGALQAK_IE-1_CMV_binder_TCR_40972,1,0.89592564,0.9620601,0.8481612
A0301_KLGGALQAK_IE-1_CMV_binder_TCR_40975,1,0.896578,0.9475702,0.85540694
A0301_KLGGALQAK_IE-1_CMV_binder_TCR_40986,1,0.89602,0.9425218,0.65153384
A0301_KLGGALQAK_IE-1_CMV_binder_TCR_40990,1,0.90092385,0.9701028,0.86728644
A0301_KLGGALQAK_IE-1_CMV_binder_TCR_40992,1,0.8998908,0.9596148,0.8461131
A0301_KLGGALQAK_IE-1_CMV_binder_TCR_41005,1,0.8996071,0.9561375,0.8462395
A0301_KLGGALQAK_IE-1_CMV_binder_TCR_4101,0,0.8996132,0.95963126,0.6895453
A0301_KLGGALQAK_IE-1_CMV_binder_TCR_41028,1,0.8950839,0.9483562,0.81121963
A0301_KLGGALQAK_IE-1_CMV_binder_TCR_41035,1,0.896642,0.9479626,0.8189655
A0301_KLGGALQAK_IE-1_CMV_binder_TCR_41037,1,0.90332174,0.9566045,0.8679763
A0301_KLGGALQAK_IE-1_CMV_binder_TCR_4104,0,0.8962563,0.9229938,0.9450364
A0301_KLGGALQAK_IE-1_CMV_binder_TCR_41065,1,0.8993804,0.9426203,0.71069175
A0301_KLGGALQAK_IE-1_CMV_binder_TCR_41067,1,0.8993856,0.9457335,0.8178798
A0301_KLGGALQAK_IE-1_CMV_binder_TCR_41078,0,0.8957328,0.96214604,0.73722404
A0301_KLGGALQAK_IE-1_CMV_binder_TCR_41084,1,0.90411395,0.96641046,0.8844393
A0301_KLGGALQAK_IE-1_CMV_binder_TCR_41086,1,0.8973117,0.9475941,0.81352884
A0301_KLGGALQAK_IE-1_CMV_binder_TCR_41087,1,0.90082514,0.9424347,0.8557366
A0301_KLGGALQAK_IE-1_CMV_binder_TCR_41092,1,0.8987341,0.95048255,0.81034213
A0301_KLGGALQAK_IE-1_CMV_binder_TCR_41098,1,0.9017219,0.9677728,0.8668784
A0301_KLGGALQAK_IE-1_CMV_binder_TCR_41112,1,0.8924726,0.9149275,0.6191675
A0301_KLGGALQAK_IE-1_CMV_binder_TCR_41119,1,0.89529884,0.9157741,0.8526835
A0301_KLGGALQAK_IE-1_CMV_binder_TCR_4112,0,0.89777964,0.94217646,0.8030699
A0301_KLGGALQAK_IE-1_CMV_binder_TCR_41120,1,0.9010361,0.9461749,0.88071716
A0301_KLGGALQAK_IE-1_CMV_binder_TCR_41137,1,0.89853656,0.9243182,0.7939397
A0301_KLGGALQAK_IE-1_CMV_binder_TCR_41138,1,0.8961106,0.95317507,0.8370435
A0301_KLGGALQAK_IE-1_CMV_binder_TCR_41145,1,0.9006759,0.9685236,0.85650915
A0301_KLGGALQAK_IE-1_CMV_binder_TCR_41146,1,0.89919573,0.9534133,0.83286583
A0301_KLGGALQAK_IE-1_CMV_binder_TCR_41150,1,0.8972436,0.95173883,0.63867605
A0301_KLGGALQAK_IE-1_CMV_binder_TCR_41152,1,0.9021061,0.95923424,0.8665449
A0301_KLGGALQAK_IE-1_CMV_binder_TCR_41154,1,0.89948666,0.93792176,0.76284724
A0301_KLGGALQAK_IE-1_CMV_binder_TCR_41183,1,0.9011227,0.94867796,0.8542663
A0301_KLGGALQAK_IE-1_CMV_binder_TCR_4119,0,0.9010477,0.95904833,0.7398459
A0301_KLGGALQAK_IE-1_CMV_binder_TCR_41193,0,0.9033582,0.9477282,0.8299876
A0301_KLGGALQAK_IE-1_CMV_binder_TCR_41198,1,0.89714277,0.9410681,0.7979663
A0301_KLGGALQAK_IE-1_CMV_binder_TCR_41199,1,0.9034968,0.94669056,0.80950093
A0301_KLGGALQAK_IE-1_CMV_binder_TCR_41206,1,0.90094125,0.94599223,0.82803786
A0301_KLGGALQAK_IE-1_CMV_binder_TCR_41211,1,0.89706826,0.95957977,0.83994895
A0301_KLGGALQAK_IE-1_CMV_binder_TCR_41212,1,0.8995901,0.94105685,0.87115186
A0301_KLGGALQAK_IE-1_CMV_binder_TCR_41224,1,0.90156084,0.9499642,0.836764
A0301_KLGGALQAK_IE-1_CMV_binder_TCR_41231,1,0.89608413,0.9395674,0.82998574
A0301_KLGGALQAK_IE-1_CMV_binder_TCR_41234,0,0.89558244,0.9422206,0.80944556
A0301_KLGGALQAK_IE-1_CMV_binder_TCR_41248,1,0.89816606,0.95624363,0.79663175
A0301_KLGGALQAK_IE-1_CMV_binder_TCR_41255,1,0.898702,0.9435598,0.8467102
A0301_KLGGALQAK_IE-1_CMV_binder_TCR_4126,0,0.90195936,0.96622837,0.74238575
A0301_KLGGALQAK_IE-1_CMV_binder_TCR_41262,1,0.89779,0.9630801,0.8213797
A0301_KLGGALQAK_IE-1_CMV_binder_TCR_41264,1,0.89812624,0.9676492,0.81426644
A0301_KLGGALQAK_IE-1_CMV_binder_TCR_41265,1,0.9038477,0.95474094,0.8544214
A0301_KLGGALQAK_IE-1_CMV_binder_TCR_41268,1,0.9043473,0.9685019,0.8540517
A0301_KLGGALQAK_IE-1_CMV_binder_TCR_41282,1,0.90061855,0.9520023,0.8607786
A0301_KLGGALQAK_IE-1_CMV_binder_TCR_41283,1,0.8957886,0.9345333,0.7596752
A0301_KLGGALQAK_IE-1_CMV_binder_TCR_41291,1,0.9009657,0.9388079,0.85457045
A0301_KLGGALQAK_IE-1_CMV_binder_TCR_41296,1,0.89937824,0.9555205,0.85491776
A0301_KLGGALQAK_IE-1_CMV_binder_TCR_41299,1,0.89855504,0.9508069,0.83476883
A0301_KLGGALQAK_IE-1_CMV_binder_TCR_41302,1,0.89619946,0.9102636,0.76297945
A0301_KLGGALQAK_IE-1_CMV_binder_TCR_41306,1,0.898974,0.9524926,0.86496204
A0301_KLGGALQAK_IE-1_CMV_binder_TCR_41308,1,0.9027754,0.9643885,0.8358344
A0301_KLGGALQAK_IE-1_CMV_binder_TCR_4131,0,0.89865994,0.9568731,0.7443028
A0301_KLGGALQAK_IE-1_CMV_binder_TCR_41318,0,0.9002586,0.9601263,0.84208775
A0301_KLGGALQAK_IE-1_CMV_binder_TCR_41337,1,0.90094286,0.95069784,0.8019798
A0301_KLGGALQAK_IE-1_CMV_binder_TCR_41348,1,0.8997866,0.96183145,0.9290925
A0301_KLGGALQAK_IE-1_CMV_binder_TCR_41350,0,0.89857614,0.9397441,0.758757
A0301_KLGGALQAK_IE-1_CMV_binder_TCR_41353,0,0.89979124,0.92191166,0.78706765
A0301_KLGGALQAK_IE-1_CMV_binder_TCR_41355,1,0.89717954,0.9448189,0.7898994
A0301_KLGGALQAK_IE-1_CMV_binder_TCR_41361,1,0.89818215,0.94220454,0.76631624
A0301_KLGGALQAK_IE-1_CMV_binder_TCR_41367,1,0.8999652,0.93170834,0.81121224
A0301_KLGGALQAK_IE-1_CMV_binder_TCR_41374,1,0.899285,0.949971,0.7810738
A0301_KLGGALQAK_IE-1_CMV_binder_TCR_41375,1,0.90078163,0.9513701,0.7906283
A0301_KLGGALQAK_IE-1_CMV_binder_TCR_41386,1,0.8956206,0.9498597,0.7341393
A0301_KLGGALQAK_IE-1_CMV_binder_TCR_4139,0,0.90226156,0.96154875,0.86940616
A0301_KLGGALQAK_IE-1_CMV_binder_TCR_41392,1,0.90289307,0.97486633,0.86833054
A0301_KLGGALQAK_IE-1_CMV_binder_TCR_41394,1,0.8984897,0.9346574,0.8111656
A0301_KLGGALQAK_IE-1_CMV_binder_TCR_41396,1,0.8955342,0.9038676,0.73957145
A0301_KLGGALQAK_IE-1_CMV_binder_TCR_41398,1,0.89996874,0.96543324,0.85935944
A0301_KLGGALQAK_IE-1_CMV_binder_TCR_41406,1,0.89813185,0.9325901,0.8636674
A0301_KLGGALQAK_IE-1_CMV_binder_TCR_41415,1,0.89940274,0.9623812,0.79409146
A0301_KLGGALQAK_IE-1_CMV_binder_TCR_41420,0,0.8988561,0.9816939,0.8541988
A0301_KLGGALQAK_IE-1_CMV_binder_TCR_41423,1,0.8969299,0.9440884,0.86385757
A0301_KLGGALQAK_IE-1_CMV_binder_TCR_41434,1,0.8971423,0.96546835,0.7980654
A0301_KLGGALQAK_IE-1_CMV_binder_TCR_41437,1,0.8984291,0.94769496,0.85980105
A0301_KLGGALQAK_IE-1_CMV_binder_TCR_41453,1,0.90033495,0.92455184,0.801435
A0301_KLGGALQAK_IE-1_CMV_binder_TCR_41455,1,0.8992955,0.93939906,0.83032984
A0301_KLGGALQAK_IE-1_CMV_binder_TCR_41457,1,0.90275735,0.97648513,0.85422444
A0301_KLGGALQAK_IE-1_CMV_binder_TCR_41459,1,0.90051025,0.9630162,0.830258
A0301_KLGGALQAK_IE-1_CMV_binder_TCR_41461,1,0.89845794,0.95553607,0.81907237
A0301_KLGGALQAK_IE-1_CMV_binder_TCR_41463,1,0.8985065,0.9573063,0.9002113
A0301_KLGGALQAK_IE-1_CMV_binder_TCR_41477,1,0.9003137,0.9046035,0.7829591
A0301_KLGGALQAK_IE-1_CMV_binder_TCR_41488,1,0.9011698,0.95767516,0.8104799
A0301_KLGGALQAK_IE-1_CMV_binder_TCR_41502,1,0.90071625,0.9672833,0.8668477
A0301_KLGGALQAK_IE-1_CMV_binder_TCR_41528,0,0.89825964,0.97375286,0.9052653
A0301_KLGGALQAK_IE-1_CMV_binder_TCR_41542,1,0.8938475,0.9291222,0.6900644
A0301_KLGGALQAK_IE-1_CMV_binder_TCR_41552,0,0.9052573,0.9702069,0.8274142
A0301_KLGGALQAK_IE-1_CMV_binder_TCR_41561,0,0.8984797,0.94554406,0.8398466
A0301_KLGGALQAK_IE-1_CMV_binder_TCR_41566,0,0.8925181,0.92598385,0.75826454
A0301_KLGGALQAK_IE-1_CMV_binder_TCR_41577,0,0.9017537,0.9632313,0.79487765
A0301_KLGGALQAK_IE-1_CMV_binder_TCR_41607,0,0.8992554,0.92802405,0.71920115
A0301_KLGGALQAK_IE-1_CMV_binder_TCR_41615,1,0.90157294,0.96114373,0.8739627
A0301_KLGGALQAK_IE-1_CMV_binder_TCR_41622,1,0.90190405,0.9720918,0.90490335
A0301_KLGGALQAK_IE-1_CMV_binder_TCR_41623,0,0.89942,0.9677806,0.8731062
A0301_KLGGALQAK_IE-1_CMV_binder_TCR_4163,0,0.90124226,0.9631454,0.89102817
A0301_KLGGALQAK_IE-1_CMV_binder_TCR_41630,1,0.8979805,0.9509704,0.8446143
A0301_KLGGALQAK_IE-1_CMV_binder_TCR_41635,1,0.8945535,0.9534471,0.55360836
A0301_KLGGALQAK_IE-1_CMV_binder_TCR_41640,0,0.898366,0.9356638,0.76469016
A0301_KLGGALQAK_IE-1_CMV_binder_TCR_41644,1,0.89728075,0.9386143,0.83266103
A0301_KLGGALQAK_IE-1_CMV_binder_TCR_41648,1,0.89772373,0.9389653,0.7976514
A0301_KLGGALQAK_IE-1_CMV_binder_TCR_41650,1,0.9005765,0.9606425,0.8202334
A0301_KLGGALQAK_IE-1_CMV_binder_TCR_41659,1,0.8996617,0.9654969,0.86102486
A0301_KLGGALQAK_IE-1_CMV_binder_TCR_41660,1,0.8988365,0.9513014,0.7139519
A0301_KLGGALQAK_IE-1_CMV_binder_TCR_41676,1,0.90119404,0.961929,0.8303512
A0301_KLGGALQAK_IE-1_CMV_binder_TCR_41685,1,0.89728576,0.9419284,0.8009142
A0301_KLGGALQAK_IE-1_CMV_binder_TCR_41708,1,0.89799637,0.93078935,0.76683605
A0301_KLGGALQAK_IE-1_CMV_binder_TCR_41718,1,0.90023226,0.956606,0.83001715
A0301_KLGGALQAK_IE-1_CMV_binder_TCR_41721,1,0.9007646,0.96135986,0.90089995
A0301_KLGGALQAK_IE-1_CMV_binder_TCR_41723,1,0.8975957,0.956819,0.81463504
A0301_KLGGALQAK_IE-1_CMV_binder_TCR_41734,1,0.89787966,0.9317664,0.71122473
A0301_KLGGALQAK_IE-1_CMV_binder_TCR_41740,1,0.899553,0.9324785,0.70492244
A0301_KLGGALQAK_IE-1_CMV_binder_TCR_41742,1,0.9005357,0.9410893,0.8830409
A0301_KLGGALQAK_IE-1_CMV_binder_TCR_41757,1,0.89911616,0.946291,0.86121094
A0301_KLGGALQAK_IE-1_CMV_binder_TCR_41765,1,0.89715976,0.9615842,0.82878166
A0301_KLGGALQAK_IE-1_CMV_binder_TCR_41780,1,0.89949554,0.95037645,0.8573027
A0301_KLGGALQAK_IE-1_CMV_binder_TCR_41783,1,0.8949112,0.9537163,0.8060144
A0301_KLGGALQAK_IE-1_CMV_binder_TCR_41785,1,0.90012896,0.9642035,0.7923923
A0301_KLGGALQAK_IE-1_CMV_binder_TCR_41786,1,0.90091586,0.95966375,0.83414626
A0301_KLGGALQAK_IE-1_CMV_binder_TCR_41788,1,0.90234745,0.9694929,0.8862266
A0301_KLGGALQAK_IE-1_CMV_binder_TCR_41789,1,0.8996498,0.95594114,0.8406106
A0301_KLGGALQAK_IE-1_CMV_binder_TCR_41794,1,0.8989957,0.9695571,0.8091277
A0301_KLGGALQAK_IE-1_CMV_binder_TCR_41799,1,0.8965809,0.9517859,0.72155917
A0301_KLGGALQAK_IE-1_CMV_binder_TCR_41801,1,0.8939515,0.9353472,0.7968479
A0301_KLGGALQAK_IE-1_CMV_binder_TCR_41803,1,0.9008172,0.9521965,0.87866807
A0301_KLGGALQAK_IE-1_CMV_binder_TCR_41805,1,0.8978603,0.9501503,0.87629527
A0301_KLGGALQAK_IE-1_CMV_binder_TCR_4181,0,0.9002654,0.95914,0.86611646
A0301_KLGGALQAK_IE-1_CMV_binder_TCR_41810,1,0.89945644,0.9353091,0.8074473
A0301_KLGGALQAK_IE-1_CMV_binder_TCR_41814,1,0.90067726,0.9549691,0.80561805
A0301_KLGGALQAK_IE-1_CMV_binder_TCR_41835,1,0.9005917,0.9689389,0.8484462
A0301_KLGGALQAK_IE-1_CMV_binder_TCR_41836,1,0.90117806,0.9698712,0.8618046
A0301_KLGGALQAK_IE-1_CMV_binder_TCR_41838,0,0.8959878,0.936444,0.70914644
A0301_KLGGALQAK_IE-1_CMV_binder_TCR_41844,1,0.9002194,0.9613871,0.78579867
A0301_KLGGALQAK_IE-1_CMV_binder_TCR_41847,1,0.90180063,0.97093135,0.94007397
A0301_KLGGALQAK_IE-1_CMV_binder_TCR_41849,0,0.8978906,0.938382,0.77706593
A0301_KLGGALQAK_IE-1_CMV_binder_TCR_41854,1,0.8986312,0.929429,0.71455383
A0301_KLGGALQAK_IE-1_CMV_binder_TCR_41858,1,0.8992962,0.93587154,0.7851526
A0301_KLGGALQAK_IE-1_CMV_binder_TCR_41875,1,0.90061486,0.9610821,0.8567291
A0301_KLGGALQAK_IE-1_CMV_binder_TCR_41876,1,0.8973796,0.95879745,0.78326523
A0301_KLGGALQAK_IE-1_CMV_binder_TCR_41879,1,0.90099466,0.9622998,0.9050138
A0301_KLGGALQAK_IE-1_CMV_binder_TCR_41888,1,0.9024184,0.94238085,0.84975326
A0301_KLGGALQAK_IE-1_CMV_binder_TCR_41892,0,0.89646083,0.92096925,0.7794311
A0301_KLGGALQAK_IE-1_CMV_binder_TCR_419,1,0.90613645,0.94709414,0.8560455
A0301_KLGGALQAK_IE-1_CMV_binder_TCR_41909,1,0.9011351,0.92949563,0.845317
A0301_KLGGALQAK_IE-1_CMV_binder_TCR_41914,1,0.9010822,0.9279367,0.816649
A0301_KLGGALQAK_IE-1_CMV_binder_TCR_41920,1,0.89807147,0.9171783,0.833112
A0301_KLGGALQAK_IE-1_CMV_binder_TCR_41921,1,0.8948431,0.97799265,0.8998648
A0301_KLGGALQAK_IE-1_CMV_binder_TCR_41924,1,0.90024585,0.949349,0.80957294
A0301_KLGGALQAK_IE-1_CMV_binder_TCR_41927,0,0.8972082,0.97450393,0.87211764
A0301_KLGGALQAK_IE-1_CMV_binder_TCR_41958,1,0.89657325,0.9340288,0.7461773
A0301_KLGGALQAK_IE-1_CMV_binder_TCR_41963,1,0.9017185,0.95006216,0.84446925
A0301_KLGGALQAK_IE-1_CMV_binder_TCR_41980,1,0.9011489,0.9694211,0.8772156
A0301_KLGGALQAK_IE-1_CMV_binder_TCR_41982,1,0.8967544,0.96395046,0.8008312
A0301_KLGGALQAK_IE-1_CMV_binder_TCR_41983,1,0.897081,0.95994025,0.7577316
A0301_KLGGALQAK_IE-1_CMV_binder_TCR_41999,1,0.9032369,0.9864108,0.8024598
A0301_KLGGALQAK_IE-1_CMV_binder_TCR_42011,1,0.89823455,0.95039356,0.81388205
A0301_KLGGALQAK_IE-1_CMV_binder_TCR_42013,1,0.8984326,0.97224617,0.84545
A0301_KLGGALQAK_IE-1_CMV_binder_TCR_42017,1,0.9012623,0.9748318,0.8726126
A0301_KLGGALQAK_IE-1_CMV_binder_TCR_42020,1,0.8994769,0.9532034,0.8437065
A0301_KLGGALQAK_IE-1_CMV_binder_TCR_42021,1,0.8998885,0.9818139,0.8939278
A0301_KLGGALQAK_IE-1_CMV_binder_TCR_42026,1,0.8960793,0.95931715,0.88969636
A0301_KLGGALQAK_IE-1_CMV_binder_TCR_42033,1,0.8959414,0.96223205,0.54902893
A0301_KLGGALQAK_IE-1_CMV_binder_TCR_42036,1,0.8934871,0.93411785,0.8244169
A0301_KLGGALQAK_IE-1_CMV_binder_TCR_42043,0,0.9025383,0.97044766,0.91040486
A0301_KLGGALQAK_IE-1_CMV_binder_TCR_42046,1,0.90311265,0.98371536,0.9024278
A0301_KLGGALQAK_IE-1_CMV_binder_TCR_42065,1,0.9095083,0.9927239,0.9990196
A0301_KLGGALQAK_IE-1_CMV_binder_TCR_42069,1,0.9118448,0.99300486,0.99075025
A0301_KLGGALQAK_IE-1_CMV_binder_TCR_42081,1,0.9113944,0.99402654,0.9989152
A0301_KLGGALQAK_IE-1_CMV_binder_TCR_42082,1,0.914757,0.9945368,0.99743986
A0301_KLGGALQAK_IE-1_CMV_binder_TCR_42083,1,0.90904254,0.99391985,0.9993656
A0301_KLGGALQAK_IE-1_CMV_binder_TCR_42086,1,0.905193,0.9917874,0.9972645
A0301_KLGGALQAK_IE-1_CMV_binder_TCR_42088,1,0.9077409,0.9915413,0.99879503
A0301_KLGGALQAK_IE-1_CMV_binder_TCR_42089,0,0.91018116,0.99498427,0.99944705
A0301_KLGGALQAK_IE-1_CMV_binder_TCR_42092,1,0.9093328,0.99348325,0.9956619
A0301_KLGGALQAK_IE-1_CMV_binder_TCR_42096,1,0.90904766,0.9936008,0.9936609
A0301_KLGGALQAK_IE-1_CMV_binder_TCR_4210,0,0.89668936,0.9413292,0.8524578
A0301_KLGGALQAK_IE-1_CMV_binder_TCR_42100,1,0.9133482,0.99388003,0.99942917
A0301_KLGGALQAK_IE-1_CMV_binder_TCR_42119,1,0.90805846,0.9922225,0.99903643
A0301_KLGGALQAK_IE-1_CMV_binder_TCR_4212,0,0.89908427,0.95688367,0.79173905
A0301_KLGGALQAK_IE-1_CMV_binder_TCR_42124,1,0.9123516,0.9925753,0.99963653
A0301_KLGGALQAK_IE-1_CMV_binder_TCR_42126,1,0.908488,0.99165183,0.9994149
A0301_KLGGALQAK_IE-1_CMV_binder_TCR_42131,1,0.90866894,0.9920324,0.99918705
A0301_KLGGALQAK_IE-1_CMV_binder_TCR_42134,1,0.9110527,0.9937641,0.9997131
A0301_KLGGALQAK_IE-1_CMV_binder_TCR_42139,1,0.9076596,0.992664,0.99628437
A0301_KLGGALQAK_IE-1_CMV_binder_TCR_42140,1,0.9077356,0.9907721,0.995433
A0301_KLGGALQAK_IE-1_CMV_binder_TCR_42150,0,0.9053038,0.99132043,0.98936075
A0301_KLGGALQAK_IE-1_CMV_binder_TCR_42154,1,0.9108459,0.9918247,0.99786025
A0301_KLGGALQAK_IE-1_CMV_binder_TCR_42168,1,0.90048254,0.9758847,0.8870349
A0301_KLGGALQAK_IE-1_CMV_binder_TCR_42174,1,0.89444244,0.9593695,0.89381164
A0301_KLGGALQAK_IE-1_CMV_binder_TCR_42176,1,0.899208,0.9586205,0.8252269
A0301_KLGGALQAK_IE-1_CMV_binder_TCR_42188,1,0.8995642,0.94654024,0.8192072
A0301_KLGGALQAK_IE-1_CMV_binder_TCR_42189,1,0.8982773,0.9515652,0.8475624
A0301_KLGGALQAK_IE-1_CMV_binder_TCR_42195,1,0.8974705,0.9706067,0.8582927
A0301_KLGGALQAK_IE-1_CMV_binder_TCR_4220,0,0.8951185,0.95328915,0.78360415
A0301_KLGGALQAK_IE-1_CMV_binder_TCR_42202,1,0.9000444,0.9717253,0.8536781
A0301_KLGGALQAK_IE-1_CMV_binder_TCR_42213,1,0.90133756,0.9733835,0.8247348
A0301_KLGGALQAK_IE-1_CMV_binder_TCR_42218,1,0.8981066,0.9618955,0.83285725
A0301_KLGGALQAK_IE-1_CMV_binder_TCR_42225,1,0.90082854,0.9527066,0.79913896
A0301_KLGGALQAK_IE-1_CMV_binder_TCR_42231,1,0.89796185,0.9768207,0.88382775
A0301_KLGGALQAK_IE-1_CMV_binder_TCR_42264,1,0.89928925,0.9701498,0.8370329
A0301_KLGGALQAK_IE-1_CMV_binder_TCR_42276,0,0.90128005,0.94784033,0.82615346
A0301_KLGGALQAK_IE-1_CMV_binder_TCR_4230,0,0.8955728,0.932866,0.76577944
A0301_KLGGALQAK_IE-1_CMV_binder_TCR_42301,1,0.90214133,0.9656184,0.8735341
A0301_KLGGALQAK_IE-1_CMV_binder_TCR_42307,1,0.8993096,0.95960766,0.80697364
A0301_KLGGALQAK_IE-1_CMV_binder_TCR_42308,1,0.8991054,0.954984,0.7764666
A0301_KLGGALQAK_IE-1_CMV_binder_TCR_4231,1,0.90193784,0.9524201,0.79483664
A0301_KLGGALQAK_IE-1_CMV_binder_TCR_42317,0,0.8964711,0.9652154,0.90308553
A0301_KLGGALQAK_IE-1_CMV_binder_TCR_42327,1,0.9015778,0.96223843,0.880922
A0301_KLGGALQAK_IE-1_CMV_binder_TCR_42329,0,0.90255016,0.9695198,0.88474745
A0301_KLGGALQAK_IE-1_CMV_binder_TCR_42335,1,0.89377403,0.94571656,0.780993
A0301_KLGGALQAK_IE-1_CMV_binder_TCR_42358,1,0.9026499,0.9869465,0.9581571
A0301_KLGGALQAK_IE-1_CMV_binder_TCR_42362,1,0.8974774,0.97961515,0.9242455
A0301_KLGGALQAK_IE-1_CMV_binder_TCR_42369,1,0.9003373,0.98961174,0.90890306
A0301_KLGGALQAK_IE-1_CMV_binder_TCR_42371,0,0.8982472,0.9856797,0.9707088
A0301_KLGGALQAK_IE-1_CMV_binder_TCR_42375,0,0.9052507,0.9871122,0.9544568
A0301_KLGGALQAK_IE-1_CMV_binder_TCR_42382,1,0.89846796,0.9647503,0.838068
A0301_KLGGALQAK_IE-1_CMV_binder_TCR_42385,1,0.9022212,0.9771451,0.9317179
A0301_KLGGALQAK_IE-1_CMV_binder_TCR_42389,1,0.9011759,0.9716603,0.86008495
A0301_KLGGALQAK_IE-1_CMV_binder_TCR_42390,1,0.9021294,0.9750933,0.7747634
A0301_KLGGALQAK_IE-1_CMV_binder_TCR_42399,1,0.8997735,0.9656159,0.80940455
A0301_KLGGALQAK_IE-1_CMV_binder_TCR_4240,0,0.8987776,0.95766914,0.90583867
A0301_KLGGALQAK_IE-1_CMV_binder_TCR_42408,1,0.9040289,0.99005836,0.93256795
A0301_KLGGALQAK_IE-1_CMV_binder_TCR_42418,1,0.89725226,0.99638534,0.9921686
A0301_KLGGALQAK_IE-1_CMV_binder_TCR_42421,0,0.8991035,0.98890674,0.99683315
A0301_KLGGALQAK_IE-1_CMV_binder_TCR_42432,1,0.9014123,0.99113196,0.9794881
A0301_KLGGALQAK_IE-1_CMV_binder_TCR_42439,1,0.8999795,0.9867163,0.9501857
A0301_KLGGALQAK_IE-1_CMV_binder_TCR_42440,1,0.8951274,0.9767446,0.89649206
A0301_KLGGALQAK_IE-1_CMV_binder_TCR_42456,1,0.90121895,0.98871416,0.97054434
A0301_KLGGALQAK_IE-1_CMV_binder_TCR_42457,1,0.8998241,0.9741435,0.95650136
A0301_KLGGALQAK_IE-1_CMV_binder_TCR_42464,1,0.90170187,0.9804905,0.9417485
A0301_KLGGALQAK_IE-1_CMV_binder_TCR_42466,1,0.89988506,0.9810636,0.9884538
A0301_KLGGALQAK_IE-1_CMV_binder_TCR_42470,1,0.8993832,0.98133415,0.90958554
A0301_KLGGALQAK_IE-1_CMV_binder_TCR_42475,1,0.9023958,0.98821473,0.8549377
A0301_KLGGALQAK_IE-1_CMV_binder_TCR_4249,1,0.8960486,0.9495132,0.8310424
A0301_KLGGALQAK_IE-1_CMV_binder_TCR_42490,1,0.90117615,0.96789473,0.79925555
A0301_KLGGALQAK_IE-1_CMV_binder_TCR_42493,1,0.9037267,0.97909045,0.8166462
A0301_KLGGALQAK_IE-1_CMV_binder_TCR_42494,1,0.90175223,0.9751958,0.8290898
A0301_KLGGALQAK_IE-1_CMV_binder_TCR_42496,1,0.902343,0.9781114,0.82494026
A0301_KLGGALQAK_IE-1_CMV_binder_TCR_42502,1,0.89779973,0.96221626,0.802119
A0301_KLGGALQAK_IE-1_CMV_binder_TCR_42505,1,0.8992375,0.97381544,0.8089611
A0301_KLGGALQAK_IE-1_CMV_binder_TCR_42526,1,0.89829147,0.9640776,0.805707
A0301_KLGGALQAK_IE-1_CMV_binder_TCR_42529,1,0.8981922,0.9664629,0.87070066
A0301_KLGGALQAK_IE-1_CMV_binder_TCR_42541,1,0.89458066,0.94416165,0.84836674
A0301_KLGGALQAK_IE-1_CMV_binder_TCR_42555,1,0.89972264,0.96238196,0.8455049
A0301_KLGGALQAK_IE-1_CMV_binder_TCR_42556,0,0.8997298,0.9689419,0.88478726
A0301_KLGGALQAK_IE-1_CMV_binder_TCR_42564,1,0.89930105,0.9534285,0.75896925
A0301_KLGGALQAK_IE-1_CMV_binder_TCR_42568,1,0.9003805,0.9680759,0.86614007
A0301_KLGGALQAK_IE-1_CMV_binder_TCR_42574,1,0.89881825,0.94389963,0.774781
A0301_KLGGALQAK_IE-1_CMV_binder_TCR_42585,1,0.8952358,0.94223374,0.83546615
A0301_KLGGALQAK_IE-1_CMV_binder_TCR_42587,1,0.89539677,0.9595205,0.84210366
A0301_KLGGALQAK_IE-1_CMV_binder_TCR_42591,1,0.9038578,0.9585297,0.8382091
A0301_KLGGALQAK_IE-1_CMV_binder_TCR_42615,1,0.8953052,0.9709415,0.8464843
A0301_KLGGALQAK_IE-1_CMV_binder_TCR_42642,1,0.89989454,0.95297974,0.8344949
A0301_KLGGALQAK_IE-1_CMV_binder_TCR_42644,0,0.90040725,0.9541383,0.83365333
A0301_KLGGALQAK_IE-1_CMV_binder_TCR_42650,1,0.8996682,0.95539874,0.84170365
A0301_KLGGALQAK_IE-1_CMV_binder_TCR_42657,1,0.9037063,0.9837924,0.90484273
A0301_KLGGALQAK_IE-1_CMV_binder_TCR_42663,1,0.9065573,0.982014,0.8796222
A0301_KLGGALQAK_IE-1_CMV_binder_TCR_42664,1,0.9032671,0.9814889,0.8734082
A0301_KLGGALQAK_IE-1_CMV_binder_TCR_42679,1,0.90421337,0.9653667,0.83556724
A0301_KLGGALQAK_IE-1_CMV_binder_TCR_42680,1,0.90717065,0.96940213,0.8907683
A0301_KLGGALQAK_IE-1_CMV_binder_TCR_42682,1,0.90013826,0.9539157,0.8320503
A0301_KLGGALQAK_IE-1_CMV_binder_TCR_42693,1,0.90213543,0.95233494,0.82617384
A0301_KLGGALQAK_IE-1_CMV_binder_TCR_4271,0,0.9003228,0.9681607,0.8463029
A0301_KLGGALQAK_IE-1_CMV_binder_TCR_42712,1,0.9043699,0.9784378,0.8525561
A0301_KLGGALQAK_IE-1_CMV_binder_TCR_42713,1,0.9041618,0.9779253,0.8158858
A0301_KLGGALQAK_IE-1_CMV_binder_TCR_42716,1,0.8977791,0.9701939,0.7969861
A0301_KLGGALQAK_IE-1_CMV_binder_TCR_42720,1,0.901569,0.99075186,0.88733727
A0301_KLGGALQAK_IE-1_CMV_binder_TCR_42723,1,0.9014318,0.9638333,0.8467309
A0301_KLGGALQAK_IE-1_CMV_binder_TCR_42724,1,0.89904356,0.99030787,0.90779227
A0301_KLGGALQAK_IE-1_CMV_binder_TCR_42725,1,0.9030694,0.9753925,0.8445184
A0301_KLGGALQAK_IE-1_CMV_binder_TCR_42739,1,0.8991235,0.96364456,0.849671
A0301_KLGGALQAK_IE-1_CMV_binder_TCR_42741,1,0.8984564,0.9656879,0.83623296
A0301_KLGGALQAK_IE-1_CMV_binder_TCR_42743,1,0.9013633,0.9695014,0.88234276
A0301_KLGGALQAK_IE-1_CMV_binder_TCR_42746,1,0.90075773,0.9657078,0.88252085
A0301_KLGGALQAK_IE-1_CMV_binder_TCR_42747,1,0.90198505,0.96068686,0.869396
A0301_KLGGALQAK_IE-1_CMV_binder_TCR_42749,1,0.90311,0.9698842,0.8434875
A0301_KLGGALQAK_IE-1_CMV_binder_TCR_42763,1,0.9038669,0.9835706,0.88758796
A0301_KLGGALQAK_IE-1_CMV_binder_TCR_42774,1,0.89993244,0.9486035,0.8342655
A0301_KLGGALQAK_IE-1_CMV_binder_TCR_42783,1,0.89718133,0.95533514,0.83176154
A0301_KLGGALQAK_IE-1_CMV_binder_TCR_42793,1,0.9003787,0.9674329,0.8658803
A0301_KLGGALQAK_IE-1_CMV_binder_TCR_42809,1,0.9037553,0.96792746,0.8684013
A0301_KLGGALQAK_IE-1_CMV_binder_TCR_42810,1,0.8999055,0.95739305,0.8436442
A0301_KLGGALQAK_IE-1_CMV_binder_TCR_42825,1,0.901678,0.9289486,0.8052614
A0301_KLGGALQAK_IE-1_CMV_binder_TCR_42831,1,0.89733386,0.94192976,0.6762567
A0301_KLGGALQAK_IE-1_CMV_binder_TCR_42834,0,0.89770633,0.9913799,0.9414376
A0301_KLGGALQAK_IE-1_CMV_binder_TCR_42840,1,0.8972943,0.9512256,0.7776591
A0301_KLGGALQAK_IE-1_CMV_binder_TCR_42848,1,0.8998001,0.9594048,0.8300453
A0301_KLGGALQAK_IE-1_CMV_binder_TCR_42851,1,0.8975104,0.9583728,0.8566047
A0301_KLGGALQAK_IE-1_CMV_binder_TCR_42853,1,0.89595616,0.9412364,0.7731152
A0301_KLGGALQAK_IE-1_CMV_binder_TCR_42861,0,0.90038973,0.9695268,0.8633563
A0301_KLGGALQAK_IE-1_CMV_binder_TCR_42867,1,0.89676875,0.9578709,0.85771656
A0301_KLGGALQAK_IE-1_CMV_binder_TCR_42881,1,0.8966408,0.9485394,0.823485
A0301_KLGGALQAK_IE-1_CMV_binder_TCR_42904,1,0.9005993,0.9702057,0.8002758
A0301_KLGGALQAK_IE-1_CMV_binder_TCR_42909,1,0.8929113,0.9485587,0.888719
A0301_KLGGALQAK_IE-1_CMV_binder_TCR_42935,1,0.90038985,0.9544369,0.8392886
A0301_KLGGALQAK_IE-1_CMV_binder_TCR_42939,1,0.8993938,0.948488,0.84957373
A0301_KLGGALQAK_IE-1_CMV_binder_TCR_42956,1,0.8976242,0.93683416,0.8235056
A0301_KLGGALQAK_IE-1_CMV_binder_TCR_42960,1,0.8939248,0.96453357,0.79226696
A0301_KLGGALQAK_IE-1_CMV_binder_TCR_42963,1,0.8988836,0.96251875,0.81918585
A0301_KLGGALQAK_IE-1_CMV_binder_TCR_42965,1,0.8987183,0.96274453,0.77011317
A0301_KLGGALQAK_IE-1_CMV_binder_TCR_42971,1,0.8935386,0.9892418,0.97915053
A0301_KLGGALQAK_IE-1_CMV_binder_TCR_42978,1,0.8989938,0.94280773,0.8454885
A0301_KLGGALQAK_IE-1_CMV_binder_TCR_42979,1,0.9011779,0.95405537,0.80554175
A0301_KLGGALQAK_IE-1_CMV_binder_TCR_42984,1,0.89737743,0.95212114,0.74064785
A0301_KLGGALQAK_IE-1_CMV_binder_TCR_43008,1,0.8929289,0.9340278,0.7110812
A0301_KLGGALQAK_IE-1_CMV_binder_TCR_43024,1,0.89725983,0.93223286,0.632025
A0301_KLGGALQAK_IE-1_CMV_binder_TCR_43034,1,0.9004438,0.9630015,0.85595816
A0301_KLGGALQAK_IE-1_CMV_binder_TCR_43037,1,0.89906037,0.9664361,0.7982955
A0301_KLGGALQAK_IE-1_CMV_binder_TCR_43046,1,0.8982731,0.96052206,0.79118735
A0301_KLGGALQAK_IE-1_CMV_binder_TCR_43052,0,0.9023126,0.97064596,0.8880594
A0301_KLGGALQAK_IE-1_CMV_binder_TCR_43058,1,0.90200794,0.9676597,0.8544788
A0301_KLGGALQAK_IE-1_CMV_binder_TCR_43074,1,0.90166086,0.95579803,0.78340954
A0301_KLGGALQAK_IE-1_CMV_binder_TCR_43079,1,0.8984259,0.9885783,0.91652
A0301_KLGGALQAK_IE-1_CMV_binder_TCR_4309,0,0.89488745,0.95695454,0.7638388
A0301_KLGGALQAK_IE-1_CMV_binder_TCR_43109,1,0.90170604,0.961228,0.8573528
A0301_KLGGALQAK_IE-1_CMV_binder_TCR_43110,1,0.89940816,0.9484044,0.847735
A0301_KLGGALQAK_IE-1_CMV_binder_TCR_43119,1,0.9006146,0.97523254,0.82920784
A0301_KLGGALQAK_IE-1_CMV_binder_TCR_43120,1,0.8887202,0.9338344,0.69767094
A0301_KLGGALQAK_IE-1_CMV_binder_TCR_43121,1,0.89175147,0.9571244,0.8164873
A0301_KLGGALQAK_IE-1_CMV_binder_TCR_43140,1,0.8997177,0.96997607,0.81353784
A0301_KLGGALQAK_IE-1_CMV_binder_TCR_43153,1,0.89561284,0.9572932,0.73868465
A0301_KLGGALQAK_IE-1_CMV_binder_TCR_43156,1,0.8899841,0.9150898,0.7165156
A0301_KLGGALQAK_IE-1_CMV_binder_TCR_43161,1,0.89853406,0.9603388,0.848029
A0301_KLGGALQAK_IE-1_CMV_binder_TCR_43174,1,0.8988308,0.96260315,0.729807
A0301_KLGGALQAK_IE-1_CMV_binder_TCR_43180,1,0.89756334,0.9684568,0.8358441
A0301_KLGGALQAK_IE-1_CMV_binder_TCR_43188,1,0.8970071,0.9579107,0.789689
A0301_KLGGALQAK_IE-1_CMV_binder_TCR_43192,1,0.89701223,0.97553277,0.8722624
A0301_KLGGALQAK_IE-1_CMV_binder_TCR_43194,1,0.9008473,0.97588265,0.8681888
A0301_KLGGALQAK_IE-1_CMV_binder_TCR_43205,1,0.8978074,0.9665462,0.8847011
A0301_KLGGALQAK_IE-1_CMV_binder_TCR_43210,1,0.8987033,0.9656793,0.9078133
A0301_KLGGALQAK_IE-1_CMV_binder_TCR_43214,1,0.90078676,0.9799399,0.8718874
A0301_KLGGALQAK_IE-1_CMV_binder_TCR_43219,1,0.8991357,0.97384745,0.8006618
A0301_KLGGALQAK_IE-1_CMV_binder_TCR_43235,1,0.8968458,0.95438534,0.86254853
A0301_KLGGALQAK_IE-1_CMV_binder_TCR_43242,1,0.89555526,0.930521,0.80804163
A0301_KLGGALQAK_IE-1_CMV_binder_TCR_43246,1,0.8979144,0.96621853,0.8144677
A0301_KLGGALQAK_IE-1_CMV_binder_TCR_43272,1,0.89582133,0.93354297,0.8163765
A0301_KLGGALQAK_IE-1_CMV_binder_TCR_43276,1,0.9002172,0.9646713,0.87199044
A0301_KLGGALQAK_IE-1_CMV_binder_TCR_43278,1,0.8942214,0.9331476,0.74524623
A0301_KLGGALQAK_IE-1_CMV_binder_TCR_43282,1,0.9009147,0.96410584,0.8118941
A0301_KLGGALQAK_IE-1_CMV_binder_TCR_43284,0,0.8973086,0.9569921,0.75435996
A0301_KLGGALQAK_IE-1_CMV_binder_TCR_43286,1,0.8961579,0.9352742,0.6659002
A0301_KLGGALQAK_IE-1_CMV_binder_TCR_43295,1,0.8972463,0.9541503,0.77944314
A0301_KLGGALQAK_IE-1_CMV_binder_TCR_43301,1,0.9021607,0.9508723,0.85081613
A0301_KLGGALQAK_IE-1_CMV_binder_TCR_43302,1,0.89959913,0.9378152,0.87199444
A0301_KLGGALQAK_IE-1_CMV_binder_TCR_43313,1,0.8974841,0.9605885,0.8238004
A0301_KLGGALQAK_IE-1_CMV_binder_TCR_43316,1,0.897501,0.9528511,0.8528144
A0301_KLGGALQAK_IE-1_CMV_binder_TCR_43321,1,0.8976279,0.95174253,0.70876557
A0301_KLGGALQAK_IE-1_CMV_binder_TCR_43324,1,0.8964774,0.96492875,0.8393205
A0301_KLGGALQAK_IE-1_CMV_binder_TCR_43331,1,0.8988761,0.9743789,0.850311
A0301_KLGGALQAK_IE-1_CMV_binder_TCR_43334,1,0.89585614,0.92497355,0.70911884
A0301_KLGGALQAK_IE-1_CMV_binder_TCR_43346,1,0.8994555,0.96389514,0.83706814
A0301_KLGGALQAK_IE-1_CMV_binder_TCR_43349,1,0.89559287,0.95239687,0.8322178
A0301_KLGGALQAK_IE-1_CMV_binder_TCR_43353,1,0.89952236,0.9618216,0.8536387
A0301_KLGGALQAK_IE-1_CMV_binder_TCR_43355,1,0.8953701,0.9405505,0.79021645
A0301_KLGGALQAK_IE-1_CMV_binder_TCR_43358,1,0.8997944,0.9592803,0.8198144
A0301_KLGGALQAK_IE-1_CMV_binder_TCR_43379,1,0.8969677,0.9651852,0.81125146
A0301_KLGGALQAK_IE-1_CMV_binder_TCR_43381,1,0.89542997,0.9575951,0.8294367
A0301_KLGGALQAK_IE-1_CMV_binder_TCR_43384,1,0.8980655,0.97185147,0.8297687
A0301_KLGGALQAK_IE-1_CMV_binder_TCR_43400,1,0.90012485,0.97358984,0.86489123
A0301_KLGGALQAK_IE-1_CMV_binder_TCR_43406,1,0.89775026,0.9568564,0.8023757
A0301_KLGGALQAK_IE-1_CMV_binder_TCR_4341,0,0.899496,0.9594762,0.8537837
A0301_KLGGALQAK_IE-1_CMV_binder_TCR_43413,1,0.8992877,0.95792633,0.79489547
A0301_KLGGALQAK_IE-1_CMV_binder_TCR_43418,1,0.9008137,0.9536134,0.8043438
A0301_KLGGALQAK_IE-1_CMV_binder_TCR_43422,1,0.90078366,0.9605811,0.88642204
A0301_KLGGALQAK_IE-1_CMV_binder_TCR_43431,1,0.8952434,0.93930584,0.8774843
A0301_KLGGALQAK_IE-1_CMV_binder_TCR_43434,1,0.89438176,0.93990415,0.8394804
A0301_KLGGALQAK_IE-1_CMV_binder_TCR_43443,0,0.89641166,0.94162714,0.88993233
A0301_KLGGALQAK_IE-1_CMV_binder_TCR_43444,1,0.8951748,0.95043504,0.8059414
A0301_KLGGALQAK_IE-1_CMV_binder_TCR_43445,0,0.8952115,0.96448684,0.89636064
A0301_KLGGALQAK_IE-1_CMV_binder_TCR_43455,1,0.8995258,0.94819593,0.8008053
A0301_KLGGALQAK_IE-1_CMV_binder_TCR_43464,1,0.893586,0.9507085,0.7752153
A0301_KLGGALQAK_IE-1_CMV_binder_TCR_43471,1,0.90122336,0.9595573,0.8568186
A0301_KLGGALQAK_IE-1_CMV_binder_TCR_43477,1,0.9020531,0.9727118,0.8244302
A0301_KLGGALQAK_IE-1_CMV_binder_TCR_43482,1,0.9025631,0.96677285,0.8482026
A0301_KLGGALQAK_IE-1_CMV_binder_TCR_43491,1,0.8960734,0.95264155,0.7755146
A0301_KLGGALQAK_IE-1_CMV_binder_TCR_43496,1,0.90134966,0.9666131,0.8813922
A0301_KLGGALQAK_IE-1_CMV_binder_TCR_43501,1,0.90161026,0.94577575,0.73397094
A0301_KLGGALQAK_IE-1_CMV_binder_TCR_43514,1,0.8989302,0.9564378,0.822233
A0301_KLGGALQAK_IE-1_CMV_binder_TCR_43532,1,0.8988512,0.93467146,0.7809508
A0301_KLGGALQAK_IE-1_CMV_binder_TCR_43536,1,0.8975034,0.94710195,0.80152345
A0301_KLGGALQAK_IE-1_CMV_binder_TCR_43537,0,0.89808404,0.98759437,0.90695244
A0301_KLGGALQAK_IE-1_CMV_binder_TCR_43543,1,0.89813983,0.9906211,0.889746
A0301_KLGGALQAK_IE-1_CMV_binder_TCR_43547,1,0.9003894,0.97307307,0.8469011
A0301_KLGGALQAK_IE-1_CMV_binder_TCR_43553,1,0.89985573,0.96787417,0.86535066
A0301_KLGGALQAK_IE-1_CMV_binder_TCR_43564,1,0.89564735,0.9695887,0.82403225
A0301_KLGGALQAK_IE-1_CMV_binder_TCR_43566,1,0.89873403,0.9398841,0.7406834
A0301_KLGGALQAK_IE-1_CMV_binder_TCR_43568,1,0.9000687,0.94989777,0.75168705
A0301_KLGGALQAK_IE-1_CMV_binder_TCR_43587,1,0.89985603,0.9551214,0.8153363
A0301_KLGGALQAK_IE-1_CMV_binder_TCR_43592,1,0.8956282,0.96199554,0.77993643
A0301_KLGGALQAK_IE-1_CMV_binder_TCR_436,0,0.89305675,0.9065573,0.66144323
A0301_KLGGALQAK_IE-1_CMV_binder_TCR_43617,1,0.896942,0.9681019,0.8972117
A0301_KLGGALQAK_IE-1_CMV_binder_TCR_43618,1,0.8965928,0.96082824,0.8856938
A0301_KLGGALQAK_IE-1_CMV_binder_TCR_43620,1,0.89801645,0.94838846,0.83773303
A0301_KLGGALQAK_IE-1_CMV_binder_TCR_43621,1,0.8979916,0.9431628,0.8542727
A0301_KLGGALQAK_IE-1_CMV_binder_TCR_43623,1,0.8987844,0.9607161,0.82744056
A0301_KLGGALQAK_IE-1_CMV_binder_TCR_43624,1,0.9004452,0.9683593,0.8769699
A0301_KLGGALQAK_IE-1_CMV_binder_TCR_43643,1,0.9012644,0.9690916,0.9050796
A0301_KLGGALQAK_IE-1_CMV_binder_TCR_43658,1,0.90435976,0.9759477,0.9389096
A0301_KLGGALQAK_IE-1_CMV_binder_TCR_43660,0,0.8946357,0.9499165,0.8109875
A0301_KLGGALQAK_IE-1_CMV_binder_TCR_43665,1,0.8990596,0.96078897,0.8425956
A0301_KLGGALQAK_IE-1_CMV_binder_TCR_43670,1,0.9026469,0.9739787,0.856307
A0301_KLGGALQAK_IE-1_CMV_binder_TCR_43672,1,0.9002511,0.9568432,0.8487907
A0301_KLGGALQAK_IE-1_CMV_binder_TCR_43696,1,0.89990574,0.9526715,0.88576883
A0301_KLGGALQAK_IE-1_CMV_binder_TCR_43697,0,0.89594984,0.9437416,0.7685431
A0301_KLGGALQAK_IE-1_CMV_binder_TCR_43715,1,0.8988516,0.94414026,0.8830331
A0301_KLGGALQAK_IE-1_CMV_binder_TCR_43716,1,0.8976779,0.949341,0.8320825
A0301_KLGGALQAK_IE-1_CMV_binder_TCR_43728,1,0.89989084,0.9481496,0.78771067
A0301_KLGGALQAK_IE-1_CMV_binder_TCR_43741,1,0.89956325,0.95700085,0.76609385
A0301_KLGGALQAK_IE-1_CMV_binder_TCR_43748,1,0.89596236,0.96935713,0.8526585
A0301_KLGGALQAK_IE-1_CMV_binder_TCR_43756,1,0.90101516,0.95261765,0.8142729
A0301_KLGGALQAK_IE-1_CMV_binder_TCR_43767,1,0.89725745,0.95717806,0.7958361
A0301_KLGGALQAK_IE-1_CMV_binder_TCR_43773,1,0.897599,0.9350211,0.76870304
A0301_KLGGALQAK_IE-1_CMV_binder_TCR_43781,1,0.8945958,0.8908054,0.80862784
A0301_KLGGALQAK_IE-1_CMV_binder_TCR_43789,1,0.89743483,0.9288573,0.75709337
A0301_KLGGALQAK_IE-1_CMV_binder_TCR_43791,1,0.9038155,0.9647163,0.86994225
A0301_KLGGALQAK_IE-1_CMV_binder_TCR_43797,1,0.8992692,0.9559551,0.8972857
A0301_KLGGALQAK_IE-1_CMV_binder_TCR_43818,1,0.8965322,0.96590227,0.9180572
A0301_KLGGALQAK_IE-1_CMV_binder_TCR_43834,1,0.8992773,0.9706899,0.9060232
A0301_KLGGALQAK_IE-1_CMV_binder_TCR_43845,1,0.89925486,0.9644859,0.84338105
A0301_KLGGALQAK_IE-1_CMV_binder_TCR_43849,0,0.8999073,0.96852106,0.8682085
A0301_KLGGALQAK_IE-1_CMV_binder_TCR_43854,1,0.896857,0.96134335,0.84715575
A0301_KLGGALQAK_IE-1_CMV_binder_TCR_43856,1,0.8926604,0.9386667,0.7928539
A0301_KLGGALQAK_IE-1_CMV_binder_TCR_43858,1,0.8983657,0.96116394,0.8642553
A0301_KLGGALQAK_IE-1_CMV_binder_TCR_43861,1,0.89786065,0.94380534,0.83978736
A0301_KLGGALQAK_IE-1_CMV_binder_TCR_43865,1,0.8960308,0.9407498,0.8669779
A0301_KLGGALQAK_IE-1_CMV_binder_TCR_43866,1,0.8950175,0.9249975,0.8276197
A0301_KLGGALQAK_IE-1_CMV_binder_TCR_43869,1,0.8952992,0.94990015,0.84679943
A0301_KLGGALQAK_IE-1_CMV_binder_TCR_43876,1,0.89927,0.9655896,0.80948955
A0301_KLGGALQAK_IE-1_CMV_binder_TCR_43898,1,0.89727855,0.96082914,0.8448987
A0301_KLGGALQAK_IE-1_CMV_binder_TCR_43905,1,0.89769846,0.9490813,0.8468708
A0301_KLGGALQAK_IE-1_CMV_binder_TCR_43907,0,0.9026499,0.9549855,0.873733
A0301_KLGGALQAK_IE-1_CMV_binder_TCR_43923,1,0.89946204,0.9631883,0.8696392
A0301_KLGGALQAK_IE-1_CMV_binder_TCR_43924,1,0.89571613,0.9151981,0.8308564
A0301_KLGGALQAK_IE-1_CMV_binder_TCR_43925,1,0.89704245,0.9582757,0.8147389
A0301_KLGGALQAK_IE-1_CMV_binder_TCR_43926,1,0.89943874,0.96628535,0.8460676
A0301_KLGGALQAK_IE-1_CMV_binder_TCR_43929,1,0.8983897,0.9447904,0.8057147
A0301_KLGGALQAK_IE-1_CMV_binder_TCR_43933,1,0.8988045,0.9617129,0.912608
A0301_KLGGALQAK_IE-1_CMV_binder_TCR_43940,1,0.899288,0.9639162,0.8378314
A0301_KLGGALQAK_IE-1_CMV_binder_TCR_43974,1,0.8925594,0.93229765,0.8917963
A0301_KLGGALQAK_IE-1_CMV_binder_TCR_43978,1,0.9008533,0.9658974,0.8611846
A0301_KLGGALQAK_IE-1_CMV_binder_TCR_43990,1,0.90099347,0.95941174,0.8193451
A0301_KLGGALQAK_IE-1_CMV_binder_TCR_43992,1,0.89806753,0.9618308,0.70013314
A0301_KLGGALQAK_IE-1_CMV_binder_TCR_44002,1,0.89670426,0.9602051,0.83361745
A0301_KLGGALQAK_IE-1_CMV_binder_TCR_44006,1,0.90275955,0.9676743,0.858712
A0301_KLGGALQAK_IE-1_CMV_binder_TCR_44015,1,0.9004227,0.97646445,0.8703788
A0301_KLGGALQAK_IE-1_CMV_binder_TCR_44018,1,0.89683473,0.9506115,0.8619909
A0301_KLGGALQAK_IE-1_CMV_binder_TCR_44035,1,0.8972493,0.95503074,0.81836534
A0301_KLGGALQAK_IE-1_CMV_binder_TCR_44040,1,0.89248365,0.94149107,0.7996338
A0301_KLGGALQAK_IE-1_CMV_binder_TCR_44054,1,0.90038705,0.95349145,0.779657
A0301_KLGGALQAK_IE-1_CMV_binder_TCR_44063,1,0.8942294,0.98401874,0.92555803
A0301_KLGGALQAK_IE-1_CMV_binder_TCR_44064,1,0.8957867,0.9215574,0.62004346
A0301_KLGGALQAK_IE-1_CMV_binder_TCR_44068,1,0.90061665,0.9724319,0.80852294
A0301_KLGGALQAK_IE-1_CMV_binder_TCR_44075,1,0.8949942,0.9541136,0.78498155
A0301_KLGGALQAK_IE-1_CMV_binder_TCR_44076,1,0.8955872,0.9524356,0.90699303
A0301_KLGGALQAK_IE-1_CMV_binder_TCR_441,1,0.8996185,0.94122326,0.8170078
A0301_KLGGALQAK_IE-1_CMV_binder_TCR_44106,0,0.8999372,0.951466,0.66027033
A0301_KLGGALQAK_IE-1_CMV_binder_TCR_44122,1,0.90025127,0.9636683,0.8554906
A0301_KLGGALQAK_IE-1_CMV_binder_TCR_44126,1,0.89375275,0.9889903,0.93582696
A0301_KLGGALQAK_IE-1_CMV_binder_TCR_4413,0,0.89439714,0.89539707,0.55293834
A0301_KLGGALQAK_IE-1_CMV_binder_TCR_44137,0,0.8946754,0.93644845,0.7420227
A0301_KLGGALQAK_IE-1_CMV_binder_TCR_44147,1,0.89734405,0.9648505,0.8123546
A0301_KLGGALQAK_IE-1_CMV_binder_TCR_44159,1,0.897215,0.94852465,0.803852
A0301_KLGGALQAK_IE-1_CMV_binder_TCR_44161,1,0.89987665,0.96432877,0.86917233
A0301_KLGGALQAK_IE-1_CMV_binder_TCR_44162,1,0.89973515,0.9631151,0.8813761
A0301_KLGGALQAK_IE-1_CMV_binder_TCR_44171,1,0.89941424,0.97503346,0.84656143
A0301_KLGGALQAK_IE-1_CMV_binder_TCR_44172,1,0.9011383,0.9735554,0.86494327
A0301_KLGGALQAK_IE-1_CMV_binder_TCR_44180,1,0.90139985,0.9610233,0.85785896
A0301_KLGGALQAK_IE-1_CMV_binder_TCR_44181,0,0.9016519,0.9682049,0.86801237
A0301_KLGGALQAK_IE-1_CMV_binder_TCR_44183,1,0.8987996,0.95676965,0.78068346
A0301_KLGGALQAK_IE-1_CMV_binder_TCR_44188,1,0.9000654,0.96248883,0.8984161
A0301_KLGGALQAK_IE-1_CMV_binder_TCR_44191,0,0.89839137,0.96899575,0.87812126
A0301_KLGGALQAK_IE-1_CMV_binder_TCR_44193,1,0.8928723,0.9399718,0.56113183
A0301_KLGGALQAK_IE-1_CMV_binder_TCR_44211,1,0.8983296,0.9692057,0.85732204
A0301_KLGGALQAK_IE-1_CMV_binder_TCR_44212,1,0.8975469,0.94483864,0.82419086
A0301_KLGGALQAK_IE-1_CMV_binder_TCR_44214,0,0.9002023,0.9616894,0.8906194
A0301_KLGGALQAK_IE-1_CMV_binder_TCR_44222,1,0.89811903,0.98717207,0.93180853
A0301_KLGGALQAK_IE-1_CMV_binder_TCR_44228,1,0.89922976,0.9768702,0.9607306
A0301_KLGGALQAK_IE-1_CMV_binder_TCR_44236,1,0.8951253,0.9362341,0.818629
A0301_KLGGALQAK_IE-1_CMV_binder_TCR_44239,1,0.89537776,0.9446905,0.8026445
A0301_KLGGALQAK_IE-1_CMV_binder_TCR_44254,0,0.89668345,0.9555279,0.86660457
A0301_KLGGALQAK_IE-1_CMV_binder_TCR_44260,1,0.90065914,0.9629837,0.7999335
A0301_KLGGALQAK_IE-1_CMV_binder_TCR_44266,1,0.8998082,0.94253194,0.8164963
A0301_KLGGALQAK_IE-1_CMV_binder_TCR_44268,1,0.90091085,0.9712334,0.7819705
A0301_KLGGALQAK_IE-1_CMV_binder_TCR_44270,1,0.89419514,0.97040623,0.84447974
A0301_KLGGALQAK_IE-1_CMV_binder_TCR_44277,1,0.9003731,0.9666948,0.80170107
A0301_KLGGALQAK_IE-1_CMV_binder_TCR_44282,1,0.90039885,0.9613559,0.89130527
A0301_KLGGALQAK_IE-1_CMV_binder_TCR_44298,1,0.89576674,0.90037507,0.81998676
A0301_KLGGALQAK_IE-1_CMV_binder_TCR_44337,1,0.89654493,0.9366052,0.46470714
A0301_KLGGALQAK_IE-1_CMV_binder_TCR_44339,1,0.8995678,0.9717282,0.82710344
A0301_KLGGALQAK_IE-1_CMV_binder_TCR_44343,0,0.9003023,0.9647046,0.8101868
A0301_KLGGALQAK_IE-1_CMV_binder_TCR_44356,1,0.8988365,0.986357,0.87851226
A0301_KLGGALQAK_IE-1_CMV_binder_TCR_44359,1,0.90114003,0.96116984,0.85049224
A0301_KLGGALQAK_IE-1_CMV_binder_TCR_44376,1,0.89832634,0.9439463,0.83591485
A0301_KLGGALQAK_IE-1_CMV_binder_TCR_44378,1,0.8976138,0.9865181,0.83218294
A0301_KLGGALQAK_IE-1_CMV_binder_TCR_44385,1,0.8933919,0.9510104,0.7260932
A0301_KLGGALQAK_IE-1_CMV_binder_TCR_44389,1,0.8988179,0.96249527,0.83139485
A0301_KLGGALQAK_IE-1_CMV_binder_TCR_44391,1,0.9002054,0.96154237,0.8942896
A0301_KLGGALQAK_IE-1_CMV_binder_TCR_44413,1,0.89735323,0.9534231,0.8699935
A0301_KLGGALQAK_IE-1_CMV_binder_TCR_44417,1,0.9006583,0.96578914,0.890374
A0301_KLGGALQAK_IE-1_CMV_binder_TCR_44419,1,0.89665353,0.9496956,0.7387599
A0301_KLGGALQAK_IE-1_CMV_binder_TCR_4442,0,0.8954025,0.93935645,0.7273278
A0301_KLGGALQAK_IE-1_CMV_binder_TCR_44431,0,0.89822954,0.9613462,0.81320155
A0301_KLGGALQAK_IE-1_CMV_binder_TCR_44434,1,0.89743656,0.95204854,0.8097439
A0301_KLGGALQAK_IE-1_CMV_binder_TCR_44436,0,0.90153867,0.9685071,0.84957653
A0301_KLGGALQAK_IE-1_CMV_binder_TCR_44441,1,0.9004747,0.9597055,0.823777
A0301_KLGGALQAK_IE-1_CMV_binder_TCR_44458,1,0.8972933,0.9315635,0.8827368
A0301_KLGGALQAK_IE-1_CMV_binder_TCR_44465,1,0.89477456,0.9254869,0.9383438
A0301_KLGGALQAK_IE-1_CMV_binder_TCR_44468,1,0.9005443,0.94082695,0.836175
A0301_KLGGALQAK_IE-1_CMV_binder_TCR_44475,1,0.8994744,0.97021914,0.67322475
A0301_KLGGALQAK_IE-1_CMV_binder_TCR_44481,1,0.8946569,0.8735154,0.7555551
A0301_KLGGALQAK_IE-1_CMV_binder_TCR_44493,1,0.9019303,0.9440525,0.74422324
A0301_KLGGALQAK_IE-1_CMV_binder_TCR_44494,1,0.8957008,0.93679965,0.7882897
A0301_KLGGALQAK_IE-1_CMV_binder_TCR_44496,1,0.90368676,0.9594483,0.80875856
A0301_KLGGALQAK_IE-1_CMV_binder_TCR_44498,1,0.9012298,0.9534439,0.8346688
A0301_KLGGALQAK_IE-1_CMV_binder_TCR_44506,1,0.8959129,0.9565547,0.8317436
A0301_KLGGALQAK_IE-1_CMV_binder_TCR_4451,0,0.8995464,0.95114475,0.73412365
A0301_KLGGALQAK_IE-1_CMV_binder_TCR_44525,1,0.8980906,0.97219986,0.78158593
A0301_KLGGALQAK_IE-1_CMV_binder_TCR_44533,1,0.9027038,0.9536328,0.88061875
A0301_KLGGALQAK_IE-1_CMV_binder_TCR_44548,1,0.8994506,0.9743425,0.8110444
A0301_KLGGALQAK_IE-1_CMV_binder_TCR_44557,1,0.8990374,0.9702571,0.8376294
A0301_KLGGALQAK_IE-1_CMV_binder_TCR_4456,0,0.8992004,0.94489855,0.7492245
A0301_KLGGALQAK_IE-1_CMV_binder_TCR_44579,1,0.8996712,0.9591781,0.8477797
A0301_KLGGALQAK_IE-1_CMV_binder_TCR_44592,1,0.89884275,0.9775614,0.9211743
A0301_KLGGALQAK_IE-1_CMV_binder_TCR_44601,1,0.89833766,0.9606152,0.7254242
A0301_KLGGALQAK_IE-1_CMV_binder_TCR_44606,0,0.89905256,0.94731426,0.8137172
A0301_KLGGALQAK_IE-1_CMV_binder_TCR_44609,1,0.90215296,0.9697805,0.9061311
A0301_KLGGALQAK_IE-1_CMV_binder_TCR_44620,1,0.90256745,0.9423984,0.82117164
A0301_KLGGALQAK_IE-1_CMV_binder_TCR_44624,1,0.89953476,0.95361805,0.87023866
A0301_KLGGALQAK_IE-1_CMV_binder_TCR_44629,1,0.89233744,0.8929513,0.7326526
A0301_KLGGALQAK_IE-1_CMV_binder_TCR_44631,1,0.9011994,0.96483904,0.8520347
A0301_KLGGALQAK_IE-1_CMV_binder_TCR_44637,1,0.90252626,0.96249634,0.86574364
A0301_KLGGALQAK_IE-1_CMV_binder_TCR_44638,0,0.9023269,0.9620999,0.8450849
A0301_KLGGALQAK_IE-1_CMV_binder_TCR_44640,1,0.90078855,0.9562138,0.8527795
A0301_KLGGALQAK_IE-1_CMV_binder_TCR_4465,0,0.90272295,0.97260946,0.86146355
A0301_KLGGALQAK_IE-1_CMV_binder_TCR_44659,1,0.9000326,0.9716897,0.85477257
A0301_KLGGALQAK_IE-1_CMV_binder_TCR_44667,0,0.8931633,0.95094705,0.8604133
A0301_KLGGALQAK_IE-1_CMV_binder_TCR_44680,1,0.8942413,0.9400965,0.72870636
A0301_KLGGALQAK_IE-1_CMV_binder_TCR_44687,1,0.8954466,0.9465644,0.58582044
A0301_KLGGALQAK_IE-1_CMV_binder_TCR_44691,0,0.900282,0.9675963,0.852354
A0301_KLGGALQAK_IE-1_CMV_binder_TCR_44692,1,0.90138286,0.9651257,0.8484062
A0301_KLGGALQAK_IE-1_CMV_binder_TCR_44701,1,0.8984224,0.9184502,0.760321
A0301_KLGGALQAK_IE-1_CMV_binder_TCR_44760,1,0.89878964,0.96440357,0.875953
A0301_KLGGALQAK_IE-1_CMV_binder_TCR_44765,1,0.8986181,0.96455926,0.8649325
A0301_KLGGALQAK_IE-1_CMV_binder_TCR_44788,1,0.900938,0.948849,0.7006488
A0301_KLGGALQAK_IE-1_CMV_binder_TCR_44794,1,0.89887124,0.95970535,0.78493726
A0301_KLGGALQAK_IE-1_CMV_binder_TCR_44818,1,0.8988048,0.9684705,0.7996206
A0301_KLGGALQAK_IE-1_CMV_binder_TCR_44821,0,0.9009318,0.9714599,0.78988856
A0301_KLGGALQAK_IE-1_CMV_binder_TCR_44830,1,0.8945697,0.9525421,0.82266283
A0301_KLGGALQAK_IE-1_CMV_binder_TCR_44832,1,0.8973598,0.952184,0.8425886
A0301_KLGGALQAK_IE-1_CMV_binder_TCR_44839,0,0.90089935,0.9649193,0.9190904
A0301_KLGGALQAK_IE-1_CMV_binder_TCR_44846,1,0.8967792,0.94327474,0.80358255
A0301_KLGGALQAK_IE-1_CMV_binder_TCR_44853,1,0.90251607,0.9607311,0.90639544
A0301_KLGGALQAK_IE-1_CMV_binder_TCR_44866,1,0.90283847,0.9730771,0.83185005
A0301_KLGGALQAK_IE-1_CMV_binder_TCR_44889,1,0.9024373,0.97695893,0.8592032
A0301_KLGGALQAK_IE-1_CMV_binder_TCR_44891,1,0.8984723,0.9750498,0.838181
A0301_KLGGALQAK_IE-1_CMV_binder_TCR_449,0,0.8982043,0.9337571,0.8345682
A0301_KLGGALQAK_IE-1_CMV_binder_TCR_44902,1,0.90133554,0.9692142,0.8528794
A0301_KLGGALQAK_IE-1_CMV_binder_TCR_44905,1,0.8958454,0.95860124,0.8272285
A0301_KLGGALQAK_IE-1_CMV_binder_TCR_44911,1,0.89941895,0.95603424,0.9031853
A0301_KLGGALQAK_IE-1_CMV_binder_TCR_44914,1,0.89871436,0.9297846,0.8318164
A0301_KLGGALQAK_IE-1_CMV_binder_TCR_44926,1,0.89992756,0.9716965,0.84880894
A0301_KLGGALQAK_IE-1_CMV_binder_TCR_44935,1,0.8965418,0.9445699,0.74112326
A0301_KLGGALQAK_IE-1_CMV_binder_TCR_44956,1,0.90048474,0.9296855,0.78744733
A0301_KLGGALQAK_IE-1_CMV_binder_TCR_44959,1,0.8997815,0.9691752,0.793649
A0301_KLGGALQAK_IE-1_CMV_binder_TCR_44969,1,0.9023453,0.96311384,0.83668464
A0301_KLGGALQAK_IE-1_CMV_binder_TCR_44975,1,0.90272546,0.97068477,0.8224631
A0301_KLGGALQAK_IE-1_CMV_binder_TCR_44991,1,0.89938104,0.96558136,0.88993895
A0301_KLGGALQAK_IE-1_CMV_binder_TCR_44999,1,0.8977256,0.9622221,0.85338765
A0301_KLGGALQAK_IE-1_CMV_binder_TCR_45001,1,0.9024758,0.9593695,0.87049085
A0301_KLGGALQAK_IE-1_CMV_binder_TCR_45004,1,0.9002276,0.95180523,0.8061435
A0301_KLGGALQAK_IE-1_CMV_binder_TCR_45009,1,0.898151,0.94412,0.78833354
A0301_KLGGALQAK_IE-1_CMV_binder_TCR_45016,1,0.9027541,0.96493584,0.8617287
A0301_KLGGALQAK_IE-1_CMV_binder_TCR_45024,1,0.9031501,0.9649451,0.8913338
A0301_KLGGALQAK_IE-1_CMV_binder_TCR_45030,1,0.89620167,0.9471287,0.8485412
A0301_KLGGALQAK_IE-1_CMV_binder_TCR_45034,1,0.9016016,0.9610452,0.82203484
A0301_KLGGALQAK_IE-1_CMV_binder_TCR_45045,1,0.89943475,0.9701395,0.89067304
A0301_KLGGALQAK_IE-1_CMV_binder_TCR_45047,1,0.90414846,0.97965163,0.8685655
A0301_KLGGALQAK_IE-1_CMV_binder_TCR_45053,1,0.8937295,0.9837263,0.99013585
A0301_KLGGALQAK_IE-1_CMV_binder_TCR_45060,1,0.9028506,0.9615936,0.85639304
A0301_KLGGALQAK_IE-1_CMV_binder_TCR_45080,1,0.90094745,0.9626002,0.8814433
A0301_KLGGALQAK_IE-1_CMV_binder_TCR_45084,1,0.8978705,0.97496414,0.9134736
A0301_KLGGALQAK_IE-1_CMV_binder_TCR_45093,1,0.8997685,0.9506702,0.84754395
A0301_KLGGALQAK_IE-1_CMV_binder_TCR_45097,1,0.8981452,0.9859657,0.8939652
A0301_KLGGALQAK_IE-1_CMV_binder_TCR_45100,1,0.9003449,0.945616,0.8295268
A0301_KLGGALQAK_IE-1_CMV_binder_TCR_45102,0,0.9028573,0.9594916,0.85557306
A0301_KLGGALQAK_IE-1_CMV_binder_TCR_45114,1,0.899802,0.95523673,0.8264856
A0301_KLGGALQAK_IE-1_CMV_binder_TCR_45120,1,0.9006498,0.9639293,0.895096
A0301_KLGGALQAK_IE-1_CMV_binder_TCR_45125,1,0.9011208,0.95074546,0.76746225
A0301_KLGGALQAK_IE-1_CMV_binder_TCR_45129,1,0.90167403,0.93823045,0.8337798
A0301_KLGGALQAK_IE-1_CMV_binder_TCR_45130,1,0.8995639,0.9342608,0.7778393
A0301_KLGGALQAK_IE-1_CMV_binder_TCR_45132,0,0.9031234,0.9802981,0.8829857
A0301_KLGGALQAK_IE-1_CMV_binder_TCR_45161,1,0.8990245,0.9598727,0.79149336
A0301_KLGGALQAK_IE-1_CMV_binder_TCR_45181,1,0.8991038,0.96758544,0.7922621
A0301_KLGGALQAK_IE-1_CMV_binder_TCR_45194,1,0.89950603,0.95943564,0.84593934
A0301_KLGGALQAK_IE-1_CMV_binder_TCR_45195,1,0.89653075,0.9495296,0.806121
A0301_KLGGALQAK_IE-1_CMV_binder_TCR_45197,1,0.89463025,0.9496055,0.7447611
A0301_KLGGALQAK_IE-1_CMV_binder_TCR_45202,1,0.89777666,0.9533701,0.7921794
A0301_KLGGALQAK_IE-1_CMV_binder_TCR_45204,1,0.9031242,0.9641791,0.829592
A0301_KLGGALQAK_IE-1_CMV_binder_TCR_45207,1,0.8983431,0.9563892,0.65612125
A0301_KLGGALQAK_IE-1_CMV_binder_TCR_45219,1,0.9017719,0.97393566,0.8569407
A0301_KLGGALQAK_IE-1_CMV_binder_TCR_45222,1,0.9023742,0.9552319,0.8233129
A0301_KLGGALQAK_IE-1_CMV_binder_TCR_45227,1,0.8950356,0.9301286,0.83158857
A0301_KLGGALQAK_IE-1_CMV_binder_TCR_45229,1,0.89011127,0.9572876,0.9381214
A0301_KLGGALQAK_IE-1_CMV_binder_TCR_45236,1,0.8943889,0.9682321,0.8245885
A0301_KLGGALQAK_IE-1_CMV_binder_TCR_45251,0,0.8921819,0.9054434,0.7472879
A0301_KLGGALQAK_IE-1_CMV_binder_TCR_45262,1,0.89477223,0.9339396,0.7150644
A0301_KLGGALQAK_IE-1_CMV_binder_TCR_45288,1,0.9002503,0.9590837,0.8750516
A0301_KLGGALQAK_IE-1_CMV_binder_TCR_45298,1,0.89848256,0.95004094,0.8176312
A0301_KLGGALQAK_IE-1_CMV_binder_TCR_45308,1,0.8955848,0.93886423,0.80309266
A0301_KLGGALQAK_IE-1_CMV_binder_TCR_45309,1,0.8996991,0.9608816,0.83422554
A0301_KLGGALQAK_IE-1_CMV_binder_TCR_45318,1,0.8984227,0.95449555,0.8273546
A0301_KLGGALQAK_IE-1_CMV_binder_TCR_45319,1,0.9000176,0.9722395,0.86279905
A0301_KLGGALQAK_IE-1_CMV_binder_TCR_45321,1,0.89651495,0.9439079,0.79529625
A0301_KLGGALQAK_IE-1_CMV_binder_TCR_45334,1,0.89872956,0.9641779,0.8937811
A0301_KLGGALQAK_IE-1_CMV_binder_TCR_45357,1,0.8996984,0.95798343,0.79571134
A0301_KLGGALQAK_IE-1_CMV_binder_TCR_45375,1,0.9025883,0.96333873,0.7974761
A0301_KLGGALQAK_IE-1_CMV_binder_TCR_45380,1,0.90104467,0.9605629,0.8023841
A0301_KLGGALQAK_IE-1_CMV_binder_TCR_45395,0,0.8951386,0.9633129,0.8128554
A0301_KLGGALQAK_IE-1_CMV_binder_TCR_45401,1,0.8971818,0.9377754,0.71287745
A0301_KLGGALQAK_IE-1_CMV_binder_TCR_45402,0,0.8968872,0.9534002,0.78593767
A0301_KLGGALQAK_IE-1_CMV_binder_TCR_45420,1,0.9015432,0.94537294,0.8108183
A0301_KLGGALQAK_IE-1_CMV_binder_TCR_45440,1,0.896541,0.9496592,0.8748488
A0301_KLGGALQAK_IE-1_CMV_binder_TCR_45448,1,0.90108466,0.97428304,0.84233385
A0301_KLGGALQAK_IE-1_CMV_binder_TCR_45450,1,0.8976051,0.9480205,0.78582203
A0301_KLGGALQAK_IE-1_CMV_binder_TCR_45451,1,0.8924472,0.9507263,0.73401856
A0301_KLGGALQAK_IE-1_CMV_binder_TCR_45468,1,0.8915896,0.90571564,0.73727196
A0301_KLGGALQAK_IE-1_CMV_binder_TCR_45469,1,0.8982599,0.96475506,0.8520741
A0301_KLGGALQAK_IE-1_CMV_binder_TCR_45478,1,0.89932734,0.973031,0.84241104
A0301_KLGGALQAK_IE-1_CMV_binder_TCR_45479,1,0.8988002,0.9339972,0.79307693
A0301_KLGGALQAK_IE-1_CMV_binder_TCR_45480,1,0.8982383,0.933364,0.81386626
A0301_KLGGALQAK_IE-1_CMV_binder_TCR_45483,1,0.89737046,0.95731145,0.8413443
A0301_KLGGALQAK_IE-1_CMV_binder_TCR_45488,1,0.89966637,0.959302,0.9041124
A0301_KLGGALQAK_IE-1_CMV_binder_TCR_45491,1,0.90289015,0.9582643,0.8696344
A0301_KLGGALQAK_IE-1_CMV_binder_TCR_45494,1,0.89412165,0.9411992,0.79012316
A0301_KLGGALQAK_IE-1_CMV_binder_TCR_45509,1,0.89855564,0.96364766,0.8123191
A0301_KLGGALQAK_IE-1_CMV_binder_TCR_45511,1,0.9015432,0.9466581,0.81485796
A0301_KLGGALQAK_IE-1_CMV_binder_TCR_45522,1,0.90762854,0.98307794,0.8406813
A0301_KLGGALQAK_IE-1_CMV_binder_TCR_45524,1,0.90301126,0.97899616,0.96179986
A0301_KLGGALQAK_IE-1_CMV_binder_TCR_45525,1,0.90212464,0.9722855,0.94326335
A0301_KLGGALQAK_IE-1_CMV_binder_TCR_45526,0,0.9022101,0.97450393,0.94158244
A0301_KLGGALQAK_IE-1_CMV_binder_TCR_45535,1,0.8984306,0.9675977,0.87456346
A0301_KLGGALQAK_IE-1_CMV_binder_TCR_45542,0,0.90164644,0.96030194,0.8756988
A0301_KLGGALQAK_IE-1_CMV_binder_TCR_45546,0,0.8964414,0.95258045,0.7809252
A0301_KLGGALQAK_IE-1_CMV_binder_TCR_45564,1,0.89894986,0.96005714,0.82929826
A0301_KLGGALQAK_IE-1_CMV_binder_TCR_45565,1,0.9004375,0.9705221,0.779493
A0301_KLGGALQAK_IE-1_CMV_binder_TCR_45571,1,0.8970037,0.9892959,0.9878064
A0301_KLGGALQAK_IE-1_CMV_binder_TCR_45572,1,0.8999148,0.9504891,0.8105919
A0301_KLGGALQAK_IE-1_CMV_binder_TCR_45575,1,0.8960218,0.96458834,0.79629457
A0301_KLGGALQAK_IE-1_CMV_binder_TCR_45585,1,0.9011723,0.95024896,0.8471334
A0301_KLGGALQAK_IE-1_CMV_binder_TCR_45589,1,0.8969161,0.94582295,0.7836217
A0301_KLGGALQAK_IE-1_CMV_binder_TCR_45598,1,0.8996244,0.96701473,0.8089222
A0301_KLGGALQAK_IE-1_CMV_binder_TCR_45602,1,0.8984559,0.9533334,0.8678609
A0301_KLGGALQAK_IE-1_CMV_binder_TCR_45607,1,0.90813506,0.9621585,0.8700657
A0301_KLGGALQAK_IE-1_CMV_binder_TCR_45617,1,0.901577,0.9666218,0.8718515
A0301_KLGGALQAK_IE-1_CMV_binder_TCR_45621,1,0.9006389,0.9781854,0.7890141
A0301_KLGGALQAK_IE-1_CMV_binder_TCR_45624,1,0.899199,0.94832766,0.8275239
A0301_KLGGALQAK_IE-1_CMV_binder_TCR_45630,1,0.9028388,0.9479939,0.895362
A0301_KLGGALQAK_IE-1_CMV_binder_TCR_45642,1,0.8943943,0.9591126,0.8723311
A0301_KLGGALQAK_IE-1_CMV_binder_TCR_45659,1,0.8933454,0.9433715,0.7656473
A0301_KLGGALQAK_IE-1_CMV_binder_TCR_45671,1,0.9004676,0.95983595,0.80011505
A0301_KLGGALQAK_IE-1_CMV_binder_TCR_45681,1,0.8958602,0.9581535,0.79234266
A0301_KLGGALQAK_IE-1_CMV_binder_TCR_45684,1,0.90171325,0.9739136,0.8853644
A0301_KLGGALQAK_IE-1_CMV_binder_TCR_45700,1,0.9050853,0.96801066,0.87938684
A0301_KLGGALQAK_IE-1_CMV_binder_TCR_45709,0,0.8992023,0.969162,0.8720255
A0301_KLGGALQAK_IE-1_CMV_binder_TCR_45712,1,0.8984969,0.9469821,0.76439416
A0301_KLGGALQAK_IE-1_CMV_binder_TCR_45730,1,0.9007437,0.95019084,0.78166497
A0301_KLGGALQAK_IE-1_CMV_binder_TCR_45740,1,0.89666265,0.9478192,0.82834774
A0301_KLGGALQAK_IE-1_CMV_binder_TCR_45757,1,0.90317947,0.97276443,0.85619515
A0301_KLGGALQAK_IE-1_CMV_binder_TCR_45761,1,0.90254635,0.9686197,0.8311578
A0301_KLGGALQAK_IE-1_CMV_binder_TCR_45770,1,0.9016218,0.9428311,0.82952344
A0301_KLGGALQAK_IE-1_CMV_binder_TCR_45774,1,0.9023867,0.95685136,0.8535741
A0301_KLGGALQAK_IE-1_CMV_binder_TCR_45777,1,0.89743686,0.9435041,0.8443294
A0301_KLGGALQAK_IE-1_CMV_binder_TCR_45781,1,0.9008247,0.9728318,0.8650308
A0301_KLGGALQAK_IE-1_CMV_binder_TCR_45784,1,0.89697105,0.9895493,0.93729305
A0301_KLGGALQAK_IE-1_CMV_binder_TCR_45793,1,0.8930283,0.9836414,0.9792418
A0301_KLGGALQAK_IE-1_CMV_binder_TCR_45796,1,0.8938767,0.98768044,0.9307045
A0301_KLGGALQAK_IE-1_CMV_binder_TCR_458,1,0.89911443,0.9451303,0.81319064
A0301_KLGGALQAK_IE-1_CMV_binder_TCR_45801,1,0.8948589,0.941481,0.78860986
A0301_KLGGALQAK_IE-1_CMV_binder_TCR_4581,0,0.89814067,0.94715565,0.8180458
A0301_KLGGALQAK_IE-1_CMV_binder_TCR_45811,1,0.89206964,0.93955916,0.74320483
A0301_KLGGALQAK_IE-1_CMV_binder_TCR_45813,1,0.901755,0.9673777,0.83299404
A0301_KLGGALQAK_IE-1_CMV_binder_TCR_45823,1,0.8985223,0.9527561,0.8307253
A0301_KLGGALQAK_IE-1_CMV_binder_TCR_45830,1,0.89469343,0.9593465,0.79556966
A0301_KLGGALQAK_IE-1_CMV_binder_TCR_45836,1,0.89791536,0.95881486,0.888598
A0301_KLGGALQAK_IE-1_CMV_binder_TCR_45862,1,0.89920914,0.9890883,0.9247865
A0301_KLGGALQAK_IE-1_CMV_binder_TCR_45865,1,0.8969442,0.9447292,0.9047363
A0301_KLGGALQAK_IE-1_CMV_binder_TCR_45866,1,0.89821804,0.9344479,0.76120514
A0301_KLGGALQAK_IE-1_CMV_binder_TCR_45867,1,0.90038365,0.9360952,0.7544522
A0301_KLGGALQAK_IE-1_CMV_binder_TCR_45872,1,0.89872706,0.9614392,0.8659037
A0301_KLGGALQAK_IE-1_CMV_binder_TCR_45877,1,0.9015263,0.9591606,0.8928906
A0301_KLGGALQAK_IE-1_CMV_binder_TCR_45884,1,0.90094626,0.9861864,0.857314
A0301_KLGGALQAK_IE-1_CMV_binder_TCR_45887,1,0.8999017,0.9323971,0.79450095
A0301_KLGGALQAK_IE-1_CMV_binder_TCR_45893,1,0.90033793,0.95966375,0.8697735
A0301_KLGGALQAK_IE-1_CMV_binder_TCR_45898,1,0.90034884,0.9706946,0.91040486
A0301_KLGGALQAK_IE-1_CMV_binder_TCR_4590,0,0.89829475,0.94601786,0.73599917
A0301_KLGGALQAK_IE-1_CMV_binder_TCR_45902,1,0.9022616,0.9693842,0.86808413
A0301_KLGGALQAK_IE-1_CMV_binder_TCR_45917,1,0.8967768,0.9057359,0.7988338
A0301_KLGGALQAK_IE-1_CMV_binder_TCR_45918,0,0.8970277,0.96106625,0.89192075
A0301_KLGGALQAK_IE-1_CMV_binder_TCR_45929,1,0.8981747,0.95133525,0.7962792
A0301_KLGGALQAK_IE-1_CMV_binder_TCR_45940,1,0.8992196,0.96222484,0.83334315
A0301_KLGGALQAK_IE-1_CMV_binder_TCR_45941,1,0.8978881,0.95869607,0.75147074
A0301_KLGGALQAK_IE-1_CMV_binder_TCR_45959,1,0.8996439,0.9581383,0.81752574
A0301_KLGGALQAK_IE-1_CMV_binder_TCR_45965,1,0.8973705,0.9646092,0.8950873
A0301_KLGGALQAK_IE-1_CMV_binder_TCR_45969,1,0.8990457,0.960531,0.8303286
A0301_KLGGALQAK_IE-1_CMV_binder_TCR_45971,1,0.8973422,0.94895655,0.8599501
A0301_KLGGALQAK_IE-1_CMV_binder_TCR_45991,1,0.9000011,0.95085883,0.7807581
A0301_KLGGALQAK_IE-1_CMV_binder_TCR_45995,1,0.9022297,0.97070396,0.7686971
A0301_KLGGALQAK_IE-1_CMV_binder_TCR_45998,1,0.89806694,0.95877355,0.9320046
A0301_KLGGALQAK_IE-1_CMV_binder_TCR_45999,0,0.8988248,0.93240035,0.8422303
A0301_KLGGALQAK_IE-1_CMV_binder_TCR_46000,1,0.8979164,0.92496496,0.79322445
A0301_KLGGALQAK_IE-1_CMV_binder_TCR_46001,1,0.90289164,0.95722276,0.8523585
A0301_KLGGALQAK_IE-1_CMV_binder_TCR_46007,1,0.9022392,0.9616051,0.8310817
A0301_KLGGALQAK_IE-1_CMV_binder_TCR_46008,1,0.89599305,0.91426855,0.6894633
A0301_KLGGALQAK_IE-1_CMV_binder_TCR_46020,1,0.9020671,0.95545846,0.7990913
A0301_KLGGALQAK_IE-1_CMV_binder_TCR_46025,1,0.89875084,0.9545002,0.79132676
A0301_KLGGALQAK_IE-1_CMV_binder_TCR_46027,1,0.8983339,0.9602973,0.7836919
A0301_KLGGALQAK_IE-1_CMV_binder_TCR_46030,1,0.9004448,0.9580163,0.41387576
A0301_KLGGALQAK_IE-1_CMV_binder_TCR_46032,1,0.9009506,0.96596074,0.8690091
A0301_KLGGALQAK_IE-1_CMV_binder_TCR_46041,1,0.89324105,0.8870858,0.7699899
A0301_KLGGALQAK_IE-1_CMV_binder_TCR_46044,1,0.9007826,0.9653274,0.86659575
A0301_KLGGALQAK_IE-1_CMV_binder_TCR_46048,1,0.8947074,0.9350979,0.7561354
A0301_KLGGALQAK_IE-1_CMV_binder_TCR_46060,1,0.900841,0.9618495,0.8588934
A0301_KLGGALQAK_IE-1_CMV_binder_TCR_46063,0,0.898122,0.9423548,0.8351583
A0301_KLGGALQAK_IE-1_CMV_binder_TCR_46066,1,0.89966935,0.9550491,0.72947526
A0301_KLGGALQAK_IE-1_CMV_binder_TCR_46068,1,0.9012536,0.95278686,0.81679636
A0301_KLGGALQAK_IE-1_CMV_binder_TCR_46076,0,0.8944679,0.96303314,0.8609507
A0301_KLGGALQAK_IE-1_CMV_binder_TCR_46086,1,0.8982041,0.93938076,0.76724225
A0301_KLGGALQAK_IE-1_CMV_binder_TCR_46088,1,0.90132004,0.95219386,0.8473687
A0301_KLGGALQAK_IE-1_CMV_binder_TCR_46099,1,0.898429,0.95411175,0.85193086
A0301_KLGGALQAK_IE-1_CMV_binder_TCR_46117,1,0.9015729,0.9703434,0.8732526
A0301_KLGGALQAK_IE-1_CMV_binder_TCR_4612,0,0.8953174,0.9667945,0.8402086
A0301_KLGGALQAK_IE-1_CMV_binder_TCR_46124,0,0.89171195,0.91147274,0.48644784
A0301_KLGGALQAK_IE-1_CMV_binder_TCR_46136,1,0.89634645,0.9545958,0.75117475
A0301_KLGGALQAK_IE-1_CMV_binder_TCR_46141,1,0.9006994,0.965501,0.77632016
A0301_KLGGALQAK_IE-1_CMV_binder_TCR_46153,1,0.90036434,0.9760986,0.88120914
A0301_KLGGALQAK_IE-1_CMV_binder_TCR_46171,1,0.89964324,0.9047035,0.8217057
A0301_KLGGALQAK_IE-1_CMV_binder_TCR_46174,1,0.8952147,0.9597824,0.8914136
A0301_KLGGALQAK_IE-1_CMV_binder_TCR_46175,1,0.90128446,0.9371094,0.74099445
A0301_KLGGALQAK_IE-1_CMV_binder_TCR_46194,1,0.89675194,0.98395824,0.8838988
A0301_KLGGALQAK_IE-1_CMV_binder_TCR_462,0,0.8997927,0.93871903,0.83594894
A0301_KLGGALQAK_IE-1_CMV_binder_TCR_46205,1,0.8983366,0.95025104,0.85171133
A0301_KLGGALQAK_IE-1_CMV_binder_TCR_46222,1,0.9030302,0.9768677,0.94088256
A0301_KLGGALQAK_IE-1_CMV_binder_TCR_46238,1,0.9019812,0.9770378,0.85398555
A0301_KLGGALQAK_IE-1_CMV_binder_TCR_46243,1,0.89867586,0.9718117,0.89675474
A0301_KLGGALQAK_IE-1_CMV_binder_TCR_46249,1,0.9015325,0.9823553,0.9701084
A0301_KLGGALQAK_IE-1_CMV_binder_TCR_46253,1,0.90180564,0.9693955,0.9438465
A0301_KLGGALQAK_IE-1_CMV_binder_TCR_46260,1,0.9026832,0.9721058,0.90769845
A0301_KLGGALQAK_IE-1_CMV_binder_TCR_46262,1,0.90151083,0.9700605,0.932864
A0301_KLGGALQAK_IE-1_CMV_binder_TCR_46263,1,0.89835507,0.97356975,0.9241814
A0301_KLGGALQAK_IE-1_CMV_binder_TCR_46275,1,0.8988911,0.97519195,0.9758036
A0301_KLGGALQAK_IE-1_CMV_binder_TCR_46280,1,0.8995037,0.96869934,0.90442854
A0301_KLGGALQAK_IE-1_CMV_binder_TCR_46283,1,0.8991279,0.9685472,0.812128
A0301_KLGGALQAK_IE-1_CMV_binder_TCR_46287,1,0.90485054,0.96853405,0.86527044
A0301_KLGGALQAK_IE-1_CMV_binder_TCR_46292,0,0.8966495,0.9555548,0.78833795
A0301_KLGGALQAK_IE-1_CMV_binder_TCR_4630,0,0.8972207,0.91705954,0.7459225
A0301_KLGGALQAK_IE-1_CMV_binder_TCR_46300,0,0.9010707,0.9527899,0.8576409
A0301_KLGGALQAK_IE-1_CMV_binder_TCR_46304,1,0.8991726,0.9543346,0.8468264
A0301_KLGGALQAK_IE-1_CMV_binder_TCR_46307,1,0.8999788,0.9697871,0.96875215
A0301_KLGGALQAK_IE-1_CMV_binder_TCR_46309,1,0.90401655,0.9706699,0.8788412
A0301_KLGGALQAK_IE-1_CMV_binder_TCR_46310,1,0.89563465,0.94485044,0.6348812
A0301_KLGGALQAK_IE-1_CMV_binder_TCR_46314,1,0.8967119,0.895119,0.7972995
A0301_KLGGALQAK_IE-1_CMV_binder_TCR_46315,1,0.8989378,0.9609949,0.87168586
A0301_KLGGALQAK_IE-1_CMV_binder_TCR_46348,1,0.901999,0.97673005,0.8588527
A0301_KLGGALQAK_IE-1_CMV_binder_TCR_46358,1,0.89881086,0.96232563,0.8521702
A0301_KLGGALQAK_IE-1_CMV_binder_TCR_46360,1,0.8963758,0.93893474,0.86687267
A0301_KLGGALQAK_IE-1_CMV_binder_TCR_46361,1,0.8993824,0.9672231,0.8571122
A0301_KLGGALQAK_IE-1_CMV_binder_TCR_46385,1,0.90220904,0.9737846,0.8493638
A0301_KLGGALQAK_IE-1_CMV_binder_TCR_46388,1,0.8958179,0.9545102,0.7927198
A0301_KLGGALQAK_IE-1_CMV_binder_TCR_46393,1,0.9004205,0.96534127,0.89539105
A0301_KLGGALQAK_IE-1_CMV_binder_TCR_46404,1,0.89665854,0.9491247,0.8852685
A0301_KLGGALQAK_IE-1_CMV_binder_TCR_46406,0,0.9002772,0.979388,0.84282124
A0301_KLGGALQAK_IE-1_CMV_binder_TCR_46407,1,0.900732,0.95496553,0.8715185
A0301_KLGGALQAK_IE-1_CMV_binder_TCR_46412,1,0.89770454,0.9679336,0.83384985
A0301_KLGGALQAK_IE-1_CMV_binder_TCR_46426,1,0.90131027,0.946626,0.82138914
A0301_KLGGALQAK_IE-1_CMV_binder_TCR_46437,1,0.90096164,0.9716626,0.89224344
A0301_KLGGALQAK_IE-1_CMV_binder_TCR_46439,1,0.9006384,0.9355337,0.84692943
A0301_KLGGALQAK_IE-1_CMV_binder_TCR_46451,1,0.8956477,0.9595238,0.7204291
A0301_KLGGALQAK_IE-1_CMV_binder_TCR_46467,1,0.8962991,0.9879573,0.8832159
A0301_KLGGALQAK_IE-1_CMV_binder_TCR_46471,1,0.90087,0.9557824,0.86049706
A0301_KLGGALQAK_IE-1_CMV_binder_TCR_46482,1,0.90111566,0.97182286,0.8775864
A0301_KLGGALQAK_IE-1_CMV_binder_TCR_46511,1,0.8964971,0.9528153,0.86724824
A0301_KLGGALQAK_IE-1_CMV_binder_TCR_46512,1,0.90151566,0.96078235,0.9014264
A0301_KLGGALQAK_IE-1_CMV_binder_TCR_46518,1,0.8968603,0.94803005,0.6666362
A0301_KLGGALQAK_IE-1_CMV_binder_TCR_46523,1,0.9018197,0.9441576,0.83603215
A0301_KLGGALQAK_IE-1_CMV_binder_TCR_46527,1,0.8994085,0.96124476,0.7706537
A0301_KLGGALQAK_IE-1_CMV_binder_TCR_46531,1,0.90406173,0.976478,0.869295
A0301_KLGGALQAK_IE-1_CMV_binder_TCR_46534,1,0.8996129,0.95675516,0.8785963
A0301_KLGGALQAK_IE-1_CMV_binder_TCR_46536,1,0.90021265,0.9664355,0.8626977
A0301_KLGGALQAK_IE-1_CMV_binder_TCR_46537,1,0.901968,0.96672964,0.83294886
A0301_KLGGALQAK_IE-1_CMV_binder_TCR_46540,1,0.89681774,0.9591919,0.8103242
A0301_KLGGALQAK_IE-1_CMV_binder_TCR_46547,1,0.9022079,0.9589626,0.8303825
A0301_KLGGALQAK_IE-1_CMV_binder_TCR_46558,1,0.9011261,0.95937026,0.89464515
A0301_KLGGALQAK_IE-1_CMV_binder_TCR_46576,1,0.89751774,0.94721615,0.72736704
A0301_KLGGALQAK_IE-1_CMV_binder_TCR_46585,0,0.9009335,0.9589998,0.8975855
A0301_KLGGALQAK_IE-1_CMV_binder_TCR_46590,0,0.90181285,0.96957827,0.8428996
A0301_KLGGALQAK_IE-1_CMV_binder_TCR_46605,1,0.90464467,0.9715143,0.87983996
A0301_KLGGALQAK_IE-1_CMV_binder_TCR_46613,0,0.89489204,0.9481491,0.68285704
A0301_KLGGALQAK_IE-1_CMV_binder_TCR_46620,1,0.8992911,0.95098853,0.9115871
A0301_KLGGALQAK_IE-1_CMV_binder_TCR_46635,1,0.9019337,0.95482606,0.8140832
A0301_KLGGALQAK_IE-1_CMV_binder_TCR_46641,1,0.8944869,0.9673969,0.7863426
A0301_KLGGALQAK_IE-1_CMV_binder_TCR_46645,1,0.9018653,0.9519138,0.83517694
A0301_KLGGALQAK_IE-1_CMV_binder_TCR_46655,1,0.90137637,0.9426346,0.83092135
A0301_KLGGALQAK_IE-1_CMV_binder_TCR_46662,1,0.8936981,0.9531692,0.86864847
A0301_KLGGALQAK_IE-1_CMV_binder_TCR_46665,1,0.8991387,0.94756746,0.8447656
A0301_KLGGALQAK_IE-1_CMV_binder_TCR_46673,1,0.89664423,0.9849954,0.8614356
A0301_KLGGALQAK_IE-1_CMV_binder_TCR_46677,1,0.8971353,0.9493663,0.8249075
A0301_KLGGALQAK_IE-1_CMV_binder_TCR_46678,1,0.8999957,0.9606217,0.8551401
A0301_KLGGALQAK_IE-1_CMV_binder_TCR_46681,1,0.895242,0.94228953,0.84609705
A0301_KLGGALQAK_IE-1_CMV_binder_TCR_46682,1,0.89980274,0.9598537,0.8651314
A0301_KLGGALQAK_IE-1_CMV_binder_TCR_46683,1,0.9016268,0.97748417,0.9337907
A0301_KLGGALQAK_IE-1_CMV_binder_TCR_46684,1,0.8977539,0.9264005,0.8796399
A0301_KLGGALQAK_IE-1_CMV_binder_TCR_46686,1,0.894265,0.93088233,0.878909
A0301_KLGGALQAK_IE-1_CMV_binder_TCR_46705,1,0.89535713,0.95052075,0.9247854
A0301_KLGGALQAK_IE-1_CMV_binder_TCR_46720,1,0.90254813,0.9515481,0.85461843
A0301_KLGGALQAK_IE-1_CMV_binder_TCR_46723,1,0.9029638,0.9598047,0.8485482
A0301_KLGGALQAK_IE-1_CMV_binder_TCR_46727,1,0.90391123,0.9754489,0.8233912
A0301_KLGGALQAK_IE-1_CMV_binder_TCR_46739,1,0.89905447,0.96320033,0.8859466
A0301_KLGGALQAK_IE-1_CMV_binder_TCR_46744,0,0.89651364,0.9480479,0.8239377
A0301_KLGGALQAK_IE-1_CMV_binder_TCR_46771,1,0.9005357,0.96084464,0.8258209
A0301_KLGGALQAK_IE-1_CMV_binder_TCR_46776,1,0.9000821,0.9692848,0.84790415
A0301_KLGGALQAK_IE-1_CMV_binder_TCR_46779,1,0.8984384,0.95984626,0.86046493
A0301_KLGGALQAK_IE-1_CMV_binder_TCR_46782,1,0.90051967,0.9662556,0.84332657
A0301_KLGGALQAK_IE-1_CMV_binder_TCR_46783,1,0.89840406,0.94864017,0.83863556
A0301_KLGGALQAK_IE-1_CMV_binder_TCR_46795,1,0.89936465,0.9490952,0.76025146
A0301_KLGGALQAK_IE-1_CMV_binder_TCR_46807,0,0.8941791,0.96495163,0.9443849
A0301_KLGGALQAK_IE-1_CMV_binder_TCR_46815,1,0.89940214,0.9546497,0.89706016
A0301_KLGGALQAK_IE-1_CMV_binder_TCR_46817,1,0.895591,0.9486228,0.8847694
A0301_KLGGALQAK_IE-1_CMV_binder_TCR_46822,1,0.8879809,0.91641587,0.35725605
A0301_KLGGALQAK_IE-1_CMV_binder_TCR_46829,1,0.8969168,0.9383853,0.86721206
A0301_KLGGALQAK_IE-1_CMV_binder_TCR_46834,1,0.9007952,0.9523206,0.86454463
A0301_KLGGALQAK_IE-1_CMV_binder_TCR_46844,1,0.895205,0.936784,0.27653882
A0301_KLGGALQAK_IE-1_CMV_binder_TCR_46851,1,0.9026965,0.9566134,0.8287903
A0301_KLGGALQAK_IE-1_CMV_binder_TCR_46853,1,0.90425247,0.9651791,0.8475963
A0301_KLGGALQAK_IE-1_CMV_binder_TCR_46861,1,0.897578,0.97175837,0.8864389
A0301_KLGGALQAK_IE-1_CMV_binder_TCR_46872,1,0.89169717,0.9259967,0.73031396
A0301_KLGGALQAK_IE-1_CMV_binder_TCR_46874,1,0.89921707,0.94545543,0.8316441
A0301_KLGGALQAK_IE-1_CMV_binder_TCR_46879,1,0.8974412,0.9418676,0.9006754
A0301_KLGGALQAK_IE-1_CMV_binder_TCR_46884,1,0.8954936,0.94812834,0.8747056
A0301_KLGGALQAK_IE-1_CMV_binder_TCR_46885,1,0.8955046,0.94854045,0.7547706
A0301_KLGGALQAK_IE-1_CMV_binder_TCR_46888,1,0.89919645,0.93944377,0.8485123
A0301_KLGGALQAK_IE-1_CMV_binder_TCR_46901,1,0.89643276,0.926486,0.8488735
A0301_KLGGALQAK_IE-1_CMV_binder_TCR_46903,1,0.90101993,0.9637765,0.8875816
A0301_KLGGALQAK_IE-1_CMV_binder_TCR_46907,0,0.89552784,0.95088345,0.8275286
A0301_KLGGALQAK_IE-1_CMV_binder_TCR_46919,1,0.8928538,0.9476213,0.6326297
A0301_KLGGALQAK_IE-1_CMV_binder_TCR_46923,1,0.8999762,0.9532196,0.7973783
A0301_KLGGALQAK_IE-1_CMV_binder_TCR_46945,1,0.90121186,0.95774275,0.85767627
A0301_KLGGALQAK_IE-1_CMV_binder_TCR_46952,1,0.8955896,0.9263225,0.66373
A0301_KLGGALQAK_IE-1_CMV_binder_TCR_46960,1,0.89617133,0.96651566,0.7195478
A0301_KLGGALQAK_IE-1_CMV_binder_TCR_46970,1,0.8953407,0.933155,0.6585595
A0301_KLGGALQAK_IE-1_CMV_binder_TCR_46973,1,0.9017438,0.9394735,0.85459274
A0301_KLGGALQAK_IE-1_CMV_binder_TCR_46975,1,0.89807034,0.95431995,0.7254157
A0301_KLGGALQAK_IE-1_CMV_binder_TCR_46976,1,0.905209,0.96294844,0.89642644
A0301_KLGGALQAK_IE-1_CMV_binder_TCR_46982,1,0.8943747,0.9230141,0.87235785
A0301_KLGGALQAK_IE-1_CMV_binder_TCR_46989,1,0.89884806,0.95276165,0.86529994
A0301_KLGGALQAK_IE-1_CMV_binder_TCR_46998,1,0.8991307,0.9664265,0.83536553
A0301_KLGGALQAK_IE-1_CMV_binder_TCR_47012,0,0.8941362,0.9152717,0.71248996
A0301_KLGGALQAK_IE-1_CMV_binder_TCR_47015,0,0.89695215,0.98353183,0.9603307
A0301_KLGGALQAK_IE-1_CMV_binder_TCR_47016,1,0.8997375,0.95753425,0.8718883
A0301_KLGGALQAK_IE-1_CMV_binder_TCR_47018,1,0.8989466,0.96406174,0.6164993
A0301_KLGGALQAK_IE-1_CMV_binder_TCR_47021,1,0.8995296,0.95105255,0.89021444
A0301_KLGGALQAK_IE-1_CMV_binder_TCR_47022,1,0.8985599,0.9576602,0.8979394
A0301_KLGGALQAK_IE-1_CMV_binder_TCR_47024,1,0.8957915,0.9438301,0.80706745
A0301_KLGGALQAK_IE-1_CMV_binder_TCR_47032,1,0.8986956,0.94696844,0.92857736
A0301_KLGGALQAK_IE-1_CMV_binder_TCR_47035,1,0.89862937,0.94355375,0.84255135
A0301_KLGGALQAK_IE-1_CMV_binder_TCR_47037,1,0.89671737,0.92998725,0.788549
A0301_KLGGALQAK_IE-1_CMV_binder_TCR_47040,1,0.8998271,0.9311273,0.86643904
A0301_KLGGALQAK_IE-1_CMV_binder_TCR_47042,1,0.89496565,0.9177942,0.46877202
A0301_KLGGALQAK_IE-1_CMV_binder_TCR_47058,1,0.8983627,0.9540482,0.6736058
A0301_KLGGALQAK_IE-1_CMV_binder_TCR_47060,1,0.90069747,0.9438733,0.81028557
A0301_KLGGALQAK_IE-1_CMV_binder_TCR_47068,1,0.898444,0.9696501,0.91859853
A0301_KLGGALQAK_IE-1_CMV_binder_TCR_47072,1,0.8957832,0.95211023,0.8606908
A0301_KLGGALQAK_IE-1_CMV_binder_TCR_47087,1,0.8958526,0.9520535,0.7293559
A0301_KLGGALQAK_IE-1_CMV_binder_TCR_47090,1,0.8947603,0.9437295,0.74458873
A0301_KLGGALQAK_IE-1_CMV_binder_TCR_47093,1,0.8974112,0.95328534,0.8951012
A0301_KLGGALQAK_IE-1_CMV_binder_TCR_47096,1,0.9007227,0.9599506,0.8088847
A0301_KLGGALQAK_IE-1_CMV_binder_TCR_47115,1,0.8997808,0.9413334,0.76276165
A0301_KLGGALQAK_IE-1_CMV_binder_TCR_47124,1,0.8996523,0.94466275,0.81628305
A0301_KLGGALQAK_IE-1_CMV_binder_TCR_47129,0,0.89999735,0.95406175,0.9105056
A0301_KLGGALQAK_IE-1_CMV_binder_TCR_47135,1,0.9009574,0.9547766,0.8358695
A0301_KLGGALQAK_IE-1_CMV_binder_TCR_47136,0,0.9004316,0.9677481,0.79835176
A0301_KLGGALQAK_IE-1_CMV_binder_TCR_47144,1,0.90199,0.9734037,0.86954755
A0301_KLGGALQAK_IE-1_CMV_binder_TCR_47146,0,0.8918322,0.9571291,0.8427468
A0301_KLGGALQAK_IE-1_CMV_binder_TCR_47154,1,0.9012444,0.9777385,0.8657083
A0301_KLGGALQAK_IE-1_CMV_binder_TCR_47156,1,0.9012618,0.9613146,0.85877395
A0301_KLGGALQAK_IE-1_CMV_binder_TCR_47158,1,0.89686376,0.9699289,0.8924714
A0301_KLGGALQAK_IE-1_CMV_binder_TCR_47165,1,0.90199155,0.9585653,0.86977583
A0301_KLGGALQAK_IE-1_CMV_binder_TCR_47170,1,0.8993467,0.9694539,0.8401135
A0301_KLGGALQAK_IE-1_CMV_binder_TCR_47177,1,0.90217036,0.97440934,0.8569881
A0301_KLGGALQAK_IE-1_CMV_binder_TCR_47189,1,0.8975054,0.9287459,0.8037127
A0301_KLGGALQAK_IE-1_CMV_binder_TCR_4720,0,0.8950042,0.962977,0.8144742
A0301_KLGGALQAK_IE-1_CMV_binder_TCR_47204,1,0.8959642,0.9420735,0.6957332
A0301_KLGGALQAK_IE-1_CMV_binder_TCR_47205,1,0.90006787,0.9505445,0.852871
A0301_KLGGALQAK_IE-1_CMV_binder_TCR_47212,1,0.8953639,0.95816576,0.8686452
A0301_KLGGALQAK_IE-1_CMV_binder_TCR_47219,1,0.899201,0.97272867,0.8207189
A0301_KLGGALQAK_IE-1_CMV_binder_TCR_47222,1,0.8985103,0.9686382,0.8646662
A0301_KLGGALQAK_IE-1_CMV_binder_TCR_47226,1,0.9013143,0.94138277,0.8251969
A0301_KLGGALQAK_IE-1_CMV_binder_TCR_47227,1,0.9005467,0.9549668,0.80892247
A0301_KLGGALQAK_IE-1_CMV_binder_TCR_47229,1,0.8952462,0.9483091,0.85964715
A0301_KLGGALQAK_IE-1_CMV_binder_TCR_47235,0,0.90085834,0.9752867,0.83962244
A0301_KLGGALQAK_IE-1_CMV_binder_TCR_47244,1,0.8968537,0.93785423,0.8226332
A0301_KLGGALQAK_IE-1_CMV_binder_TCR_47260,0,0.89922774,0.9510617,0.8000211
A0301_KLGGALQAK_IE-1_CMV_binder_TCR_47262,1,0.89956295,0.96313876,0.84335023
A0301_KLGGALQAK_IE-1_CMV_binder_TCR_47272,1,0.901583,0.96926224,0.84603655
A0301_KLGGALQAK_IE-1_CMV_binder_TCR_47283,1,0.8968063,0.96094733,0.80327785
A0301_KLGGALQAK_IE-1_CMV_binder_TCR_47289,1,0.89377475,0.9513527,0.83415127
A0301_KLGGALQAK_IE-1_CMV_binder_TCR_47294,0,0.9010079,0.95004535,0.8488626
A0301_KLGGALQAK_IE-1_CMV_binder_TCR_47295,1,0.90214753,0.9600304,0.8256976
A0301_KLGGALQAK_IE-1_CMV_binder_TCR_47306,1,0.90035826,0.95596945,0.8084211
A0301_KLGGALQAK_IE-1_CMV_binder_TCR_47311,1,0.89910007,0.9563003,0.84490585
A0301_KLGGALQAK_IE-1_CMV_binder_TCR_47340,1,0.9004175,0.9425274,0.8020324
A0301_KLGGALQAK_IE-1_CMV_binder_TCR_47341,1,0.8947939,0.89989346,0.7746871
A0301_KLGGALQAK_IE-1_CMV_binder_TCR_47343,1,0.89589673,0.9490084,0.8949677
A0301_KLGGALQAK_IE-1_CMV_binder_TCR_47355,1,0.8987065,0.97136,0.78503376
A0301_KLGGALQAK_IE-1_CMV_binder_TCR_47362,1,0.8997212,0.9556905,0.8108359
A0301_KLGGALQAK_IE-1_CMV_binder_TCR_47365,1,0.8934728,0.9489015,0.8195242
A0301_KLGGALQAK_IE-1_CMV_binder_TCR_47367,1,0.9003774,0.9494327,0.8258078
A0301_KLGGALQAK_IE-1_CMV_binder_TCR_47370,1,0.8965411,0.94663674,0.7845399
A0301_KLGGALQAK_IE-1_CMV_binder_TCR_47371,1,0.9013823,0.971797,0.80880964
A0301_KLGGALQAK_IE-1_CMV_binder_TCR_47382,1,0.89733404,0.9729825,0.9240797
A0301_KLGGALQAK_IE-1_CMV_binder_TCR_47396,1,0.9019385,0.9368823,0.56480014
A0301_KLGGALQAK_IE-1_CMV_binder_TCR_47408,0,0.89370704,0.9440422,0.83042806
A0301_KLGGALQAK_IE-1_CMV_binder_TCR_47410,1,0.9005957,0.9638604,0.844419
A0301_KLGGALQAK_IE-1_CMV_binder_TCR_47412,1,0.89771175,0.94192344,0.7914007
A0301_KLGGALQAK_IE-1_CMV_binder_TCR_47416,1,0.8995264,0.95645195,0.9017224
A0301_KLGGALQAK_IE-1_CMV_binder_TCR_47418,1,0.8978652,0.95614487,0.83973986
A0301_KLGGALQAK_IE-1_CMV_binder_TCR_47434,1,0.8981977,0.98765486,0.8537605
A0301_KLGGALQAK_IE-1_CMV_binder_TCR_47446,1,0.9011409,0.9748776,0.7571216
A0301_KLGGALQAK_IE-1_CMV_binder_TCR_47448,1,0.8980287,0.9301114,0.86574113
A0301_KLGGALQAK_IE-1_CMV_binder_TCR_47461,1,0.8994739,0.94304174,0.8038333
A0301_KLGGALQAK_IE-1_CMV_binder_TCR_47468,1,0.9013332,0.95100504,0.82421345
A0301_KLGGALQAK_IE-1_CMV_binder_TCR_47469,0,0.8991308,0.9514238,0.6903291
A0301_KLGGALQAK_IE-1_CMV_binder_TCR_47472,1,0.9075616,0.96865773,0.9023681
A0301_KLGGALQAK_IE-1_CMV_binder_TCR_47473,1,0.89799476,0.9421916,0.6887618
A0301_KLGGALQAK_IE-1_CMV_binder_TCR_47507,1,0.90193385,0.9448293,0.818093
A0301_KLGGALQAK_IE-1_CMV_binder_TCR_47519,1,0.8949475,0.95618826,0.63735837
A0301_KLGGALQAK_IE-1_CMV_binder_TCR_47522,1,0.9002535,0.9664661,0.8601611
A0301_KLGGALQAK_IE-1_CMV_binder_TCR_47523,1,0.9028587,0.9485618,0.88632846
A0301_KLGGALQAK_IE-1_CMV_binder_TCR_47532,1,0.8945256,0.96670914,0.82084805
A0301_KLGGALQAK_IE-1_CMV_binder_TCR_47533,0,0.8933841,0.93613213,0.8328849
A0301_KLGGALQAK_IE-1_CMV_binder_TCR_47545,1,0.8996247,0.9528739,0.8021446
A0301_KLGGALQAK_IE-1_CMV_binder_TCR_47573,1,0.9004538,0.96218675,0.8208329
A0301_KLGGALQAK_IE-1_CMV_binder_TCR_47574,1,0.9034805,0.9598353,0.81384194
A0301_KLGGALQAK_IE-1_CMV_binder_TCR_47578,1,0.8919455,0.9481801,0.8115329
A0301_KLGGALQAK_IE-1_CMV_binder_TCR_47623,1,0.9034165,0.96192306,0.87828344
A0301_KLGGALQAK_IE-1_CMV_binder_TCR_47635,1,0.8979337,0.9420517,0.8500435
A0301_KLGGALQAK_IE-1_CMV_binder_TCR_47648,0,0.89473665,0.94546354,0.8506301
A0301_KLGGALQAK_IE-1_CMV_binder_TCR_47654,1,0.8977126,0.94922674,0.8573148
A0301_KLGGALQAK_IE-1_CMV_binder_TCR_47680,1,0.8966534,0.936571,0.8179666
A0301_KLGGALQAK_IE-1_CMV_binder_TCR_47687,1,0.8956881,0.93101084,0.78047335
A0301_KLGGALQAK_IE-1_CMV_binder_TCR_47691,1,0.8984749,0.9641186,0.83351016
A0301_KLGGALQAK_IE-1_CMV_binder_TCR_47706,1,0.9018779,0.96822494,0.8511113
A0301_KLGGALQAK_IE-1_CMV_binder_TCR_47712,1,0.90199375,0.9604605,0.8272155
A0301_KLGGALQAK_IE-1_CMV_binder_TCR_47721,1,0.8970771,0.9248434,0.75370693
A0301_KLGGALQAK_IE-1_CMV_binder_TCR_47725,1,0.89948773,0.95681155,0.8738662
A0301_KLGGALQAK_IE-1_CMV_binder_TCR_47727,1,0.90037787,0.9331084,0.7173098
A0301_KLGGALQAK_IE-1_CMV_binder_TCR_47728,1,0.89848083,0.9453134,0.7960616
A0301_KLGGALQAK_IE-1_CMV_binder_TCR_47731,1,0.90345144,0.96179634,0.88467586
A0301_KLGGALQAK_IE-1_CMV_binder_TCR_47733,1,0.8986239,0.9518608,0.836957
A0301_KLGGALQAK_IE-1_CMV_binder_TCR_47744,1,0.8996021,0.9552941,0.78800404
A0301_KLGGALQAK_IE-1_CMV_binder_TCR_47750,1,0.8976148,0.95789266,0.94549793
A0301_KLGGALQAK_IE-1_CMV_binder_TCR_47752,1,0.8974197,0.9869955,0.95069206
A0301_KLGGALQAK_IE-1_CMV_binder_TCR_47760,1,0.89427567,0.9399776,0.8357322
A0301_KLGGALQAK_IE-1_CMV_binder_TCR_47761,1,0.89767975,0.9238851,0.77910644
A0301_KLGGALQAK_IE-1_CMV_binder_TCR_47762,1,0.8903115,0.90449715,0.72504246
A0301_KLGGALQAK_IE-1_CMV_binder_TCR_47768,1,0.8992196,0.96815354,0.8876725
A0301_KLGGALQAK_IE-1_CMV_binder_TCR_47771,1,0.89971656,0.9669749,0.92959553
A0301_KLGGALQAK_IE-1_CMV_binder_TCR_47776,0,0.89622176,0.95041734,0.87378067
A0301_KLGGALQAK_IE-1_CMV_binder_TCR_47778,1,0.89650565,0.9459783,0.83556575
A0301_KLGGALQAK_IE-1_CMV_binder_TCR_4778,0,0.89443815,0.9656122,0.8525923
A0301_KLGGALQAK_IE-1_CMV_binder_TCR_47788,1,0.90214616,0.9613339,0.9194851
A0301_KLGGALQAK_IE-1_CMV_binder_TCR_47797,1,0.9020222,0.93023115,0.8172913
A0301_KLGGALQAK_IE-1_CMV_binder_TCR_47800,1,0.89758253,0.94708776,0.6891477
A0301_KLGGALQAK_IE-1_CMV_binder_TCR_47809,1,0.89966965,0.97106344,0.86151785
A0301_KLGGALQAK_IE-1_CMV_binder_TCR_47814,1,0.8953792,0.96504176,0.86430377
A0301_KLGGALQAK_IE-1_CMV_binder_TCR_47826,1,0.8986256,0.93990755,0.81802595
A0301_KLGGALQAK_IE-1_CMV_binder_TCR_47831,1,0.9000291,0.9294243,0.7799775
A0301_KLGGALQAK_IE-1_CMV_binder_TCR_47834,0,0.898182,0.94987434,0.7479787
A0301_KLGGALQAK_IE-1_CMV_binder_TCR_47857,1,0.8995992,0.937875,0.78531367
A0301_KLGGALQAK_IE-1_CMV_binder_TCR_47888,1,0.90128136,0.9523983,0.7967084
A0301_KLGGALQAK_IE-1_CMV_binder_TCR_47892,1,0.90006304,0.94634557,0.7771985
A0301_KLGGALQAK_IE-1_CMV_binder_TCR_479,0,0.89661777,0.93307847,0.74079484
A0301_KLGGALQAK_IE-1_CMV_binder_TCR_47907,0,0.90256345,0.9563511,0.820133
A0301_KLGGALQAK_IE-1_CMV_binder_TCR_47926,1,0.89692,0.98762697,0.9822177
A0301_KLGGALQAK_IE-1_CMV_binder_TCR_47934,1,0.90047383,0.9630547,0.83845
A0301_KLGGALQAK_IE-1_CMV_binder_TCR_47939,1,0.8984432,0.9708437,0.87784475
A0301_KLGGALQAK_IE-1_CMV_binder_TCR_47950,1,0.902375,0.96048975,0.79128516
A0301_KLGGALQAK_IE-1_CMV_binder_TCR_47951,1,0.9014451,0.950102,0.80678743
A0301_KLGGALQAK_IE-1_CMV_binder_TCR_47964,1,0.899837,0.9531809,0.84611344
A0301_KLGGALQAK_IE-1_CMV_binder_TCR_47973,1,0.90052485,0.9672791,0.90212464
A0301_KLGGALQAK_IE-1_CMV_binder_TCR_47980,1,0.89901084,0.94050306,0.8055376
A0301_KLGGALQAK_IE-1_CMV_binder_TCR_47989,1,0.8982665,0.95970863,0.8065923
A0301_KLGGALQAK_IE-1_CMV_binder_TCR_48012,1,0.9012033,0.95935017,0.8657992
A0301_KLGGALQAK_IE-1_CMV_binder_TCR_48017,1,0.8999678,0.95268923,0.7375181
A0301_KLGGALQAK_IE-1_CMV_binder_TCR_48024,1,0.89688015,0.91565484,0.6414001
A0301_KLGGALQAK_IE-1_CMV_binder_TCR_48027,1,0.8991307,0.93917143,0.843692
A0301_KLGGALQAK_IE-1_CMV_binder_TCR_48028,1,0.90121496,0.9520197,0.62126267
A0301_KLGGALQAK_IE-1_CMV_binder_TCR_48042,1,0.9045878,0.9527258,0.8474193
A0301_KLGGALQAK_IE-1_CMV_binder_TCR_48051,0,0.9005471,0.97526836,0.9033242
A0301_KLGGALQAK_IE-1_CMV_binder_TCR_48059,1,0.90041554,0.9470205,0.84927607
A0301_KLGGALQAK_IE-1_CMV_binder_TCR_48061,0,0.8987145,0.9496406,0.8437767
A0301_KLGGALQAK_IE-1_CMV_binder_TCR_48063,1,0.8950625,0.9860232,0.9857918
A0301_KLGGALQAK_IE-1_CMV_binder_TCR_48089,1,0.89580745,0.96754587,0.89046353
A0301_KLGGALQAK_IE-1_CMV_binder_TCR_48096,1,0.9017152,0.96220237,0.8177558
A0301_KLGGALQAK_IE-1_CMV_binder_TCR_48098,1,0.89592457,0.9463817,0.8126698
A0301_KLGGALQAK_IE-1_CMV_binder_TCR_4810,1,0.9021747,0.9537867,0.844378
A0301_KLGGALQAK_IE-1_CMV_binder_TCR_48104,0,0.8995636,0.9484919,0.74363077
A0301_KLGGALQAK_IE-1_CMV_binder_TCR_48109,1,0.8986176,0.9371873,0.77345157
A0301_KLGGALQAK_IE-1_CMV_binder_TCR_4811,0,0.89884657,0.96555114,0.9718665
A0301_KLGGALQAK_IE-1_CMV_binder_TCR_48116,1,0.89932424,0.96050525,0.88223594
A0301_KLGGALQAK_IE-1_CMV_binder_TCR_48123,1,0.8974865,0.95001566,0.85015976
A0301_KLGGALQAK_IE-1_CMV_binder_TCR_48125,1,0.897357,0.9318641,0.72788614
A0301_KLGGALQAK_IE-1_CMV_binder_TCR_48136,0,0.89791304,0.9891528,0.9420827
A0301_KLGGALQAK_IE-1_CMV_binder_TCR_48139,1,0.89985806,0.97089607,0.91742647
A0301_KLGGALQAK_IE-1_CMV_binder_TCR_48149,1,0.8970595,0.9543185,0.83653855
A0301_KLGGALQAK_IE-1_CMV_binder_TCR_4815,0,0.8951971,0.9469027,0.6299973
A0301_KLGGALQAK_IE-1_CMV_binder_TCR_48152,1,0.8999101,0.95500463,0.8734189
A0301_KLGGALQAK_IE-1_CMV_binder_TCR_48180,1,0.89439744,0.9460759,0.5250448
A0301_KLGGALQAK_IE-1_CMV_binder_TCR_48182,0,0.8970955,0.9303916,0.7119003
A0301_KLGGALQAK_IE-1_CMV_binder_TCR_48190,1,0.8979766,0.9400591,0.80602425
A0301_KLGGALQAK_IE-1_CMV_binder_TCR_48192,1,0.90189964,0.97251433,0.83729315
A0301_KLGGALQAK_IE-1_CMV_binder_TCR_48202,1,0.9027961,0.95764714,0.72712266
A0301_KLGGALQAK_IE-1_CMV_binder_TCR_48218,1,0.8998497,0.9271592,0.78938174
A0301_KLGGALQAK_IE-1_CMV_binder_TCR_48220,1,0.9028207,0.97279704,0.86156726
A0301_KLGGALQAK_IE-1_CMV_binder_TCR_48221,1,0.9025079,0.9589165,0.8563517
A0301_KLGGALQAK_IE-1_CMV_binder_TCR_48225,1,0.89879113,0.9554002,0.8375191
A0301_KLGGALQAK_IE-1_CMV_binder_TCR_48234,1,0.90241706,0.95090336,0.8146822
A0301_KLGGALQAK_IE-1_CMV_binder_TCR_48246,1,0.90369,0.9653714,0.87072736
A0301_KLGGALQAK_IE-1_CMV_binder_TCR_48247,1,0.9031074,0.9595128,0.8732966
A0301_KLGGALQAK_IE-1_CMV_binder_TCR_48254,1,0.89762604,0.94827604,0.87067765
A0301_KLGGALQAK_IE-1_CMV_binder_TCR_48259,1,0.8950435,0.93694216,0.6927426
A0301_KLGGALQAK_IE-1_CMV_binder_TCR_48265,1,0.90025824,0.9570742,0.8101452
A0301_KLGGALQAK_IE-1_CMV_binder_TCR_48271,1,0.89847517,0.9500023,0.6679987
A0301_KLGGALQAK_IE-1_CMV_binder_TCR_48280,1,0.8956,0.9514339,0.8583882
A0301_KLGGALQAK_IE-1_CMV_binder_TCR_48283,1,0.898126,0.9540446,0.8379822
A0301_KLGGALQAK_IE-1_CMV_binder_TCR_48285,1,0.8971843,0.9522171,0.90107965
A0301_KLGGALQAK_IE-1_CMV_binder_TCR_48287,1,0.90205693,0.9704971,0.8866129
A0301_KLGGALQAK_IE-1_CMV_binder_TCR_48290,1,0.8964143,0.96484804,0.8081641
A0301_KLGGALQAK_IE-1_CMV_binder_TCR_48299,1,0.9002035,0.9757395,0.91970915
A0301_KLGGALQAK_IE-1_CMV_binder_TCR_48301,1,0.9001707,0.9644997,0.8670903
A0301_KLGGALQAK_IE-1_CMV_binder_TCR_48305,1,0.89889497,0.95830894,0.8338003
A0301_KLGGALQAK_IE-1_CMV_binder_TCR_48320,1,0.8946798,0.91013366,0.52635974
A0301_KLGGALQAK_IE-1_CMV_binder_TCR_48338,1,0.8958653,0.92931217,0.6951505
A0301_KLGGALQAK_IE-1_CMV_binder_TCR_48365,1,0.90066844,0.9576615,0.9006297
A0301_KLGGALQAK_IE-1_CMV_binder_TCR_48373,1,0.9008104,0.9560151,0.76007164
A0301_KLGGALQAK_IE-1_CMV_binder_TCR_48379,0,0.9034216,0.96748126,0.8981677
A0301_KLGGALQAK_IE-1_CMV_binder_TCR_48386,1,0.89663243,0.9177843,0.86100894
A0301_KLGGALQAK_IE-1_CMV_binder_TCR_4839,1,0.8947668,0.96717405,0.83486146
A0301_KLGGALQAK_IE-1_CMV_binder_TCR_48400,1,0.9013669,0.9635877,0.8616057
A0301_KLGGALQAK_IE-1_CMV_binder_TCR_48401,1,0.9011718,0.9632158,0.8591855
A0301_KLGGALQAK_IE-1_CMV_binder_TCR_48421,1,0.89863896,0.9676906,0.8779313
A0301_KLGGALQAK_IE-1_CMV_binder_TCR_48432,1,0.9011468,0.9687169,0.8431752
A0301_KLGGALQAK_IE-1_CMV_binder_TCR_48441,1,0.9021307,0.96293473,0.83022267
A0301_KLGGALQAK_IE-1_CMV_binder_TCR_48449,1,0.89867586,0.96050614,0.85073674
A0301_KLGGALQAK_IE-1_CMV_binder_TCR_48459,0,0.8965296,0.9448251,0.8126637
A0301_KLGGALQAK_IE-1_CMV_binder_TCR_48462,1,0.8959013,0.96523976,0.80032766
A0301_KLGGALQAK_IE-1_CMV_binder_TCR_48466,1,0.895252,0.94098645,0.84167403
A0301_KLGGALQAK_IE-1_CMV_binder_TCR_48481,1,0.89496464,0.96480954,0.8325282
A0301_KLGGALQAK_IE-1_CMV_binder_TCR_4849,1,0.8990388,0.96215045,0.9216475
A0301_KLGGALQAK_IE-1_CMV_binder_TCR_48491,0,0.8994464,0.95703095,0.8155415
A0301_KLGGALQAK_IE-1_CMV_binder_TCR_48493,1,0.8956336,0.9466834,0.8887824
A0301_KLGGALQAK_IE-1_CMV_binder_TCR_48494,0,0.8990244,0.9703044,0.8490562
A0301_KLGGALQAK_IE-1_CMV_binder_TCR_48499,1,0.8954883,0.96536446,0.8927313
A0301_KLGGALQAK_IE-1_CMV_binder_TCR_48506,1,0.90214974,0.96069676,0.8251331
A0301_KLGGALQAK_IE-1_CMV_binder_TCR_48507,1,0.8999329,0.9693814,0.8239694
A0301_KLGGALQAK_IE-1_CMV_binder_TCR_48508,1,0.9010958,0.9685016,0.78192544
A0301_KLGGALQAK_IE-1_CMV_binder_TCR_48516,1,0.9018181,0.9677424,0.79197866
A0301_KLGGALQAK_IE-1_CMV_binder_TCR_48518,1,0.90266293,0.9629383,0.8512848
A0301_KLGGALQAK_IE-1_CMV_binder_TCR_48520,1,0.9019917,0.9651418,0.8306478
A0301_KLGGALQAK_IE-1_CMV_binder_TCR_48560,1,0.89896256,0.9491511,0.82919896
A0301_KLGGALQAK_IE-1_CMV_binder_TCR_48564,1,0.89583886,0.9459356,0.8151811
A0301_KLGGALQAK_IE-1_CMV_binder_TCR_48587,1,0.89241624,0.92551786,0.72821295
A0301_KLGGALQAK_IE-1_CMV_binder_TCR_48589,1,0.89835304,0.9411217,0.831454
A0301_KLGGALQAK_IE-1_CMV_binder_TCR_48592,1,0.89910024,0.9358886,0.8013626
A0301_KLGGALQAK_IE-1_CMV_binder_TCR_48598,1,0.90280396,0.9615147,0.81482345
A0301_KLGGALQAK_IE-1_CMV_binder_TCR_48604,0,0.9003889,0.9458169,0.79483557
A0301_KLGGALQAK_IE-1_CMV_binder_TCR_48619,1,0.90185314,0.96125895,0.8625265
A0301_KLGGALQAK_IE-1_CMV_binder_TCR_48623,1,0.90049636,0.9524445,0.79412925
A0301_KLGGALQAK_IE-1_CMV_binder_TCR_48625,1,0.8992675,0.9553168,0.8469258
A0301_KLGGALQAK_IE-1_CMV_binder_TCR_4863,0,0.9012807,0.9671705,0.85558254
A0301_KLGGALQAK_IE-1_CMV_binder_TCR_48660,1,0.9044154,0.977798,0.9141302
A0301_KLGGALQAK_IE-1_CMV_binder_TCR_48665,1,0.90045685,0.9720568,0.899354
A0301_KLGGALQAK_IE-1_CMV_binder_TCR_48666,1,0.8976706,0.9547293,0.8483458
A0301_KLGGALQAK_IE-1_CMV_binder_TCR_48688,0,0.90248376,0.9679853,0.8665475
A0301_KLGGALQAK_IE-1_CMV_binder_TCR_4869,1,0.8965266,0.95479983,0.8375512
A0301_KLGGALQAK_IE-1_CMV_binder_TCR_48705,1,0.9006237,0.97458696,0.8231715
A0301_KLGGALQAK_IE-1_CMV_binder_TCR_48710,1,0.8995714,0.9491093,0.8318204
A0301_KLGGALQAK_IE-1_CMV_binder_TCR_48715,1,0.8985032,0.96041703,0.7337725
A0301_KLGGALQAK_IE-1_CMV_binder_TCR_48718,1,0.89796793,0.9590408,0.8418525
A0301_KLGGALQAK_IE-1_CMV_binder_TCR_48720,1,0.9006549,0.9715892,0.8214806
A0301_KLGGALQAK_IE-1_CMV_binder_TCR_48722,1,0.89404595,0.94218147,0.7682113
A0301_KLGGALQAK_IE-1_CMV_binder_TCR_48747,1,0.8982845,0.95321995,0.8447351
A0301_KLGGALQAK_IE-1_CMV_binder_TCR_48752,1,0.9028741,0.9354155,0.8485094
A0301_KLGGALQAK_IE-1_CMV_binder_TCR_48757,1,0.8958855,0.9470513,0.81131035
A0301_KLGGALQAK_IE-1_CMV_binder_TCR_48763,1,0.8950434,0.9158935,0.71203834
A0301_KLGGALQAK_IE-1_CMV_binder_TCR_48775,0,0.9013453,0.948924,0.8114734
A0301_KLGGALQAK_IE-1_CMV_binder_TCR_48781,1,0.8980775,0.95217216,0.804071
A0301_KLGGALQAK_IE-1_CMV_binder_TCR_48785,0,0.89758205,0.9391915,0.83239704
A0301_KLGGALQAK_IE-1_CMV_binder_TCR_48789,1,0.9050403,0.956054,0.8185273
A0301_KLGGALQAK_IE-1_CMV_binder_TCR_48791,1,0.9068071,0.96357054,0.8353811
A0301_KLGGALQAK_IE-1_CMV_binder_TCR_48792,1,0.90606666,0.9577209,0.9120974
A0301_KLGGALQAK_IE-1_CMV_binder_TCR_48812,1,0.9005422,0.948417,0.787684
A0301_KLGGALQAK_IE-1_CMV_binder_TCR_48814,1,0.8991813,0.95580703,0.84585947
A0301_KLGGALQAK_IE-1_CMV_binder_TCR_48841,1,0.8965522,0.90555084,0.74850404
A0301_KLGGALQAK_IE-1_CMV_binder_TCR_48846,0,0.8942801,0.98126894,0.9553582
A0301_KLGGALQAK_IE-1_CMV_binder_TCR_48852,1,0.89945126,0.9384908,0.73088515
A0301_KLGGALQAK_IE-1_CMV_binder_TCR_48857,1,0.89279145,0.95535225,0.8363511
A0301_KLGGALQAK_IE-1_CMV_binder_TCR_4886,0,0.8968798,0.9555427,0.8563115
A0301_KLGGALQAK_IE-1_CMV_binder_TCR_48879,1,0.90007854,0.9627462,0.78918546
A0301_KLGGALQAK_IE-1_CMV_binder_TCR_48889,1,0.90232706,0.9653666,0.8666751
A0301_KLGGALQAK_IE-1_CMV_binder_TCR_48891,1,0.8961251,0.94577414,0.82653093
A0301_KLGGALQAK_IE-1_CMV_binder_TCR_48895,0,0.8958185,0.9579296,0.8364024
A0301_KLGGALQAK_IE-1_CMV_binder_TCR_48918,1,0.89942384,0.9468128,0.81144446
A0301_KLGGALQAK_IE-1_CMV_binder_TCR_48920,1,0.8989936,0.9664847,0.8334253
A0301_KLGGALQAK_IE-1_CMV_binder_TCR_48924,1,0.9022759,0.97067213,0.84268314
A0301_KLGGALQAK_IE-1_CMV_binder_TCR_48929,0,0.9000349,0.92857736,0.72437584
A0301_KLGGALQAK_IE-1_CMV_binder_TCR_48936,1,0.8980359,0.942247,0.805687
A0301_KLGGALQAK_IE-1_CMV_binder_TCR_48938,1,0.89641017,0.96510303,0.8556928
A0301_KLGGALQAK_IE-1_CMV_binder_TCR_48945,1,0.89604735,0.89431685,0.42997774
A0301_KLGGALQAK_IE-1_CMV_binder_TCR_48948,1,0.8995232,0.9506075,0.8939079
A0301_KLGGALQAK_IE-1_CMV_binder_TCR_48953,0,0.8987244,0.93782645,0.83944935
A0301_KLGGALQAK_IE-1_CMV_binder_TCR_48958,1,0.902623,0.96482265,0.87950134
A0301_KLGGALQAK_IE-1_CMV_binder_TCR_48970,0,0.89789385,0.95081,0.84289086
A0301_KLGGALQAK_IE-1_CMV_binder_TCR_48973,1,0.8992007,0.96485513,0.8294634
A0301_KLGGALQAK_IE-1_CMV_binder_TCR_48984,1,0.8992029,0.94935423,0.8124322
A0301_KLGGALQAK_IE-1_CMV_binder_TCR_48996,1,0.897754,0.9680871,0.87438715
A0301_KLGGALQAK_IE-1_CMV_binder_TCR_49008,1,0.8990782,0.9366867,0.7938443
A0301_KLGGALQAK_IE-1_CMV_binder_TCR_49011,1,0.8981519,0.9559311,0.76573986
A0301_KLGGALQAK_IE-1_CMV_binder_TCR_49026,1,0.8962465,0.9618704,0.8244471
A0301_KLGGALQAK_IE-1_CMV_binder_TCR_49027,1,0.89750534,0.9661975,0.79409134
A0301_KLGGALQAK_IE-1_CMV_binder_TCR_49030,0,0.9037703,0.95977193,0.95216715
A0301_KLGGALQAK_IE-1_CMV_binder_TCR_49041,1,0.9018457,0.9470696,0.8413527
A0301_KLGGALQAK_IE-1_CMV_binder_TCR_49045,1,0.90006745,0.9385082,0.7792305
A0301_KLGGALQAK_IE-1_CMV_binder_TCR_49053,1,0.8993334,0.99136496,0.9446736
A0301_KLGGALQAK_IE-1_CMV_binder_TCR_49059,1,0.89434165,0.95444405,0.9161652
A0301_KLGGALQAK_IE-1_CMV_binder_TCR_49071,1,0.8958117,0.95350724,0.8919284
A0301_KLGGALQAK_IE-1_CMV_binder_TCR_49075,1,0.89621305,0.9531122,0.8457394
A0301_KLGGALQAK_IE-1_CMV_binder_TCR_49079,1,0.89861166,0.95053995,0.7460259
A0301_KLGGALQAK_IE-1_CMV_binder_TCR_49084,0,0.9004147,0.9669725,0.84826756
A0301_KLGGALQAK_IE-1_CMV_binder_TCR_49089,1,0.90246665,0.95438325,0.8576238
A0301_KLGGALQAK_IE-1_CMV_binder_TCR_49094,1,0.8935069,0.935382,0.76302755
A0301_KLGGALQAK_IE-1_CMV_binder_TCR_49095,1,0.90044636,0.9470136,0.8768117
A0301_KLGGALQAK_IE-1_CMV_binder_TCR_49099,1,0.8992077,0.9530278,0.8613967
A0301_KLGGALQAK_IE-1_CMV_binder_TCR_49100,0,0.89815974,0.95315,0.82327473
A0301_KLGGALQAK_IE-1_CMV_binder_TCR_49102,1,0.8988351,0.9472262,0.30130753
A0301_KLGGALQAK_IE-1_CMV_binder_TCR_49113,1,0.90370625,0.97893894,0.8767498
A0301_KLGGALQAK_IE-1_CMV_binder_TCR_49117,1,0.9014752,0.9622155,0.80355686
A0301_KLGGALQAK_IE-1_CMV_binder_TCR_49120,1,0.897298,0.9664964,0.85295844
A0301_KLGGALQAK_IE-1_CMV_binder_TCR_49121,1,0.8975428,0.94642335,0.7233443
A0301_KLGGALQAK_IE-1_CMV_binder_TCR_49137,1,0.9008286,0.94814825,0.8694731
A0301_KLGGALQAK_IE-1_CMV_binder_TCR_49144,1,0.8980691,0.96216494,0.8177936
A0301_KLGGALQAK_IE-1_CMV_binder_TCR_49176,1,0.90018904,0.9637007,0.8792206
A0301_KLGGALQAK_IE-1_CMV_binder_TCR_49179,1,0.9004676,0.9700361,0.9158857
A0301_KLGGALQAK_IE-1_CMV_binder_TCR_49181,1,0.8976923,0.9711565,0.91817856
A0301_KLGGALQAK_IE-1_CMV_binder_TCR_492,0,0.900328,0.9579728,0.85801494
A0301_KLGGALQAK_IE-1_CMV_binder_TCR_49215,1,0.90130955,0.95577973,0.81261325
A0301_KLGGALQAK_IE-1_CMV_binder_TCR_49216,1,0.9003851,0.9620557,0.8124539
A0301_KLGGALQAK_IE-1_CMV_binder_TCR_49219,1,0.90077984,0.9732621,0.86861825
A0301_KLGGALQAK_IE-1_CMV_binder_TCR_49221,1,0.89599663,0.96533024,0.69608104
A0301_KLGGALQAK_IE-1_CMV_binder_TCR_49225,0,0.9004194,0.9541645,0.82100517
A0301_KLGGALQAK_IE-1_CMV_binder_TCR_49226,1,0.89639974,0.9539981,0.91816694
A0301_KLGGALQAK_IE-1_CMV_binder_TCR_49249,1,0.89767236,0.9644027,0.890446
A0301_KLGGALQAK_IE-1_CMV_binder_TCR_49251,1,0.9000315,0.95151883,0.8679005
A0301_KLGGALQAK_IE-1_CMV_binder_TCR_49261,1,0.89584666,0.94855964,0.84193283
A0301_KLGGALQAK_IE-1_CMV_binder_TCR_49266,1,0.900487,0.9537796,0.8114279
A0301_KLGGALQAK_IE-1_CMV_binder_TCR_49269,1,0.90171057,0.96838635,0.85224
A0301_KLGGALQAK_IE-1_CMV_binder_TCR_49270,1,0.8950792,0.95619535,0.70539176
A0301_KLGGALQAK_IE-1_CMV_binder_TCR_49278,1,0.90195626,0.9605288,0.8597424
A0301_KLGGALQAK_IE-1_CMV_binder_TCR_49282,1,0.8977509,0.9388418,0.8735339
A0301_KLGGALQAK_IE-1_CMV_binder_TCR_49284,1,0.90229404,0.96555173,0.8886196
A0301_KLGGALQAK_IE-1_CMV_binder_TCR_49285,0,0.90149784,0.9654187,0.90822846
A0301_KLGGALQAK_IE-1_CMV_binder_TCR_49295,1,0.89931047,0.96244776,0.8059026
A0301_KLGGALQAK_IE-1_CMV_binder_TCR_49300,1,0.89970285,0.97220254,0.88805497
A0301_KLGGALQAK_IE-1_CMV_binder_TCR_49304,1,0.89855444,0.9777232,0.9041402
A0301_KLGGALQAK_IE-1_CMV_binder_TCR_49311,1,0.89903325,0.95969087,0.7171706
A0301_KLGGALQAK_IE-1_CMV_binder_TCR_49314,1,0.8970842,0.9284495,0.6855833
A0301_KLGGALQAK_IE-1_CMV_binder_TCR_49322,0,0.89892983,0.9707643,0.75932336
A0301_KLGGALQAK_IE-1_CMV_binder_TCR_49324,1,0.90036184,0.95089656,0.88391864
A0301_KLGGALQAK_IE-1_CMV_binder_TCR_49325,1,0.9037336,0.9676829,0.85714173
A0301_KLGGALQAK_IE-1_CMV_binder_TCR_49327,1,0.8978443,0.954298,0.83387923
A0301_KLGGALQAK_IE-1_CMV_binder_TCR_4933,1,0.89714074,0.95369905,0.7363676
A0301_KLGGALQAK_IE-1_CMV_binder_TCR_49335,1,0.8980482,0.96084166,0.8096183
A0301_KLGGALQAK_IE-1_CMV_binder_TCR_49338,0,0.89854735,0.9613727,0.86982065
A0301_KLGGALQAK_IE-1_CMV_binder_TCR_49344,0,0.89583063,0.9480248,0.81247485
A0301_KLGGALQAK_IE-1_CMV_binder_TCR_49353,1,0.9020324,0.970642,0.82298523
A0301_KLGGALQAK_IE-1_CMV_binder_TCR_49360,0,0.9001943,0.96710825,0.8446725
A0301_KLGGALQAK_IE-1_CMV_binder_TCR_49367,1,0.89851964,0.9648659,0.910843
A0301_KLGGALQAK_IE-1_CMV_binder_TCR_49373,1,0.9011236,0.95225114,0.8728521
A0301_KLGGALQAK_IE-1_CMV_binder_TCR_49374,1,0.9003015,0.9617774,0.84964985
A0301_KLGGALQAK_IE-1_CMV_binder_TCR_49375,1,0.8981107,0.9414688,0.8520385
A0301_KLGGALQAK_IE-1_CMV_binder_TCR_49376,1,0.9012109,0.95399946,0.8534917
A0301_KLGGALQAK_IE-1_CMV_binder_TCR_49381,1,0.89629155,0.9531007,0.7412264
A0301_KLGGALQAK_IE-1_CMV_binder_TCR_49382,1,0.9016028,0.9488066,0.818371
A0301_KLGGALQAK_IE-1_CMV_binder_TCR_49393,1,0.9029481,0.9596276,0.8112484
A0301_KLGGALQAK_IE-1_CMV_binder_TCR_49394,1,0.8984711,0.95192546,0.79281104
A0301_KLGGALQAK_IE-1_CMV_binder_TCR_49399,1,0.89771444,0.9366118,0.85575545
A0301_KLGGALQAK_IE-1_CMV_binder_TCR_49401,1,0.89931107,0.9636294,0.881277
A0301_KLGGALQAK_IE-1_CMV_binder_TCR_49408,1,0.9000417,0.95253086,0.82168937
A0301_KLGGALQAK_IE-1_CMV_binder_TCR_49424,1,0.89925206,0.9652674,0.860184
A0301_KLGGALQAK_IE-1_CMV_binder_TCR_49435,1,0.8973158,0.9656587,0.8728056
A0301_KLGGALQAK_IE-1_CMV_binder_TCR_49442,1,0.90060925,0.96684766,0.8803669
A0301_KLGGALQAK_IE-1_CMV_binder_TCR_49444,1,0.8949951,0.93802613,0.77935445
A0301_KLGGALQAK_IE-1_CMV_binder_TCR_49445,1,0.8965116,0.95191216,0.80499583
A0301_KLGGALQAK_IE-1_CMV_binder_TCR_49452,0,0.89424944,0.9394791,0.85126406
A0301_KLGGALQAK_IE-1_CMV_binder_TCR_49458,1,0.89225245,0.9105196,0.6051888
A0301_KLGGALQAK_IE-1_CMV_binder_TCR_4947,1,0.89532673,0.97312534,0.5760559
A0301_KLGGALQAK_IE-1_CMV_binder_TCR_49478,1,0.9002302,0.9445867,0.82548857
A0301_KLGGALQAK_IE-1_CMV_binder_TCR_49492,1,0.8959325,0.9385453,0.35600874
A0301_KLGGALQAK_IE-1_CMV_binder_TCR_49498,1,0.8999168,0.9712024,0.87959945
A0301_KLGGALQAK_IE-1_CMV_binder_TCR_495,0,0.8999578,0.96837217,0.8459579
A0301_KLGGALQAK_IE-1_CMV_binder_TCR_49500,1,0.8967275,0.94894767,0.8260122
A0301_KLGGALQAK_IE-1_CMV_binder_TCR_49506,1,0.8951207,0.95612407,0.74807584
A0301_KLGGALQAK_IE-1_CMV_binder_TCR_49511,1,0.901275,0.96693516,0.82702816
A0301_KLGGALQAK_IE-1_CMV_binder_TCR_49527,1,0.8984591,0.93942094,0.79611087
A0301_KLGGALQAK_IE-1_CMV_binder_TCR_49544,1,0.8982489,0.96069974,0.81501055
A0301_KLGGALQAK_IE-1_CMV_binder_TCR_49549,1,0.90309834,0.9693285,0.80468994
A0301_KLGGALQAK_IE-1_CMV_binder_TCR_49555,1,0.89847064,0.95656484,0.80024636
A0301_KLGGALQAK_IE-1_CMV_binder_TCR_49557,1,0.9003292,0.9668504,0.8540431
A0301_KLGGALQAK_IE-1_CMV_binder_TCR_49560,1,0.89889467,0.96425194,0.86271
A0301_KLGGALQAK_IE-1_CMV_binder_TCR_49563,1,0.89373285,0.9630007,0.8785973
A0301_KLGGALQAK_IE-1_CMV_binder_TCR_49564,1,0.8971736,0.9399169,0.8437714
A0301_KLGGALQAK_IE-1_CMV_binder_TCR_49565,1,0.8995823,0.9413777,0.8267715
A0301_KLGGALQAK_IE-1_CMV_binder_TCR_49571,1,0.8970501,0.9252451,0.7814117
A0301_KLGGALQAK_IE-1_CMV_binder_TCR_49583,1,0.8941856,0.94087297,0.74074
A0301_KLGGALQAK_IE-1_CMV_binder_TCR_49593,1,0.89999646,0.9810254,0.83199954
A0301_KLGGALQAK_IE-1_CMV_binder_TCR_49600,1,0.8990929,0.9800715,0.84208363
A0301_KLGGALQAK_IE-1_CMV_binder_TCR_49604,1,0.89612997,0.98081607,0.86276835
A0301_KLGGALQAK_IE-1_CMV_binder_TCR_49607,1,0.89913243,0.95118684,0.9163245
A0301_KLGGALQAK_IE-1_CMV_binder_TCR_49609,1,0.89644206,0.90414524,0.68181974
A0301_KLGGALQAK_IE-1_CMV_binder_TCR_49615,1,0.8975299,0.9824473,0.89640117
A0301_KLGGALQAK_IE-1_CMV_binder_TCR_49617,1,0.89649,0.9374967,0.8027662
A0301_KLGGALQAK_IE-1_CMV_binder_TCR_49624,1,0.90228534,0.9559387,0.8377775
A0301_KLGGALQAK_IE-1_CMV_binder_TCR_49636,1,0.8938115,0.9882962,0.95845556
A0301_KLGGALQAK_IE-1_CMV_binder_TCR_49639,1,0.89852595,0.9521126,0.8006877
A0301_KLGGALQAK_IE-1_CMV_binder_TCR_49642,1,0.90170765,0.9555751,0.8307891
A0301_KLGGALQAK_IE-1_CMV_binder_TCR_49653,1,0.9021976,0.97237027,0.8729181
A0301_KLGGALQAK_IE-1_CMV_binder_TCR_49663,0,0.9035331,0.96648306,0.84883314
A0301_KLGGALQAK_IE-1_CMV_binder_TCR_49665,1,0.8970044,0.96307606,0.8993682
A0301_KLGGALQAK_IE-1_CMV_binder_TCR_49677,1,0.89653784,0.95425177,0.8329835
A0301_KLGGALQAK_IE-1_CMV_binder_TCR_49683,1,0.8992022,0.9703382,0.9052474
A0301_KLGGALQAK_IE-1_CMV_binder_TCR_49685,1,0.9014642,0.9566062,0.8617989
A0301_KLGGALQAK_IE-1_CMV_binder_TCR_49701,1,0.89835757,0.9610283,0.9156318
A0301_KLGGALQAK_IE-1_CMV_binder_TCR_49702,1,0.90049285,0.96552837,0.8491562
A0301_KLGGALQAK_IE-1_CMV_binder_TCR_49709,1,0.90344965,0.96172434,0.8634334
A0301_KLGGALQAK_IE-1_CMV_binder_TCR_49710,1,0.90154755,0.95400053,0.8023994
A0301_KLGGALQAK_IE-1_CMV_binder_TCR_49714,1,0.8975817,0.95344615,0.83244705
A0301_KLGGALQAK_IE-1_CMV_binder_TCR_49720,1,0.89492756,0.94009566,0.74552315
A0301_KLGGALQAK_IE-1_CMV_binder_TCR_49725,1,0.8952798,0.9493306,0.7385182
A0301_KLGGALQAK_IE-1_CMV_binder_TCR_49729,1,0.90168256,0.97860366,0.85315037
A0301_KLGGALQAK_IE-1_CMV_binder_TCR_49733,1,0.8952794,0.9397268,0.8254669
A0301_KLGGALQAK_IE-1_CMV_binder_TCR_49734,1,0.89877987,0.9498943,0.8403548
A0301_KLGGALQAK_IE-1_CMV_binder_TCR_49736,1,0.89624006,0.92104185,0.6584619
A0301_KLGGALQAK_IE-1_CMV_binder_TCR_49739,1,0.8991604,0.9514925,0.80835253
A0301_KLGGALQAK_IE-1_CMV_binder_TCR_49747,1,0.8983068,0.95255435,0.75623566
A0301_KLGGALQAK_IE-1_CMV_binder_TCR_49753,1,0.9028869,0.9741114,0.82140917
A0301_KLGGALQAK_IE-1_CMV_binder_TCR_49769,1,0.9008531,0.982001,0.9055182
A0301_KLGGALQAK_IE-1_CMV_binder_TCR_49770,1,0.8986372,0.95423853,0.81550294
A0301_KLGGALQAK_IE-1_CMV_binder_TCR_49771,1,0.89841837,0.9595327,0.8205072
A0301_KLGGALQAK_IE-1_CMV_binder_TCR_49777,1,0.89567405,0.92423475,0.5681527
A0301_KLGGALQAK_IE-1_CMV_binder_TCR_49798,1,0.89453906,0.9197168,0.44975543
A0301_KLGGALQAK_IE-1_CMV_binder_TCR_49799,1,0.8991576,0.92217606,0.6064621
A0301_KLGGALQAK_IE-1_CMV_binder_TCR_498,0,0.89598304,0.9536048,0.69187635
A0301_KLGGALQAK_IE-1_CMV_binder_TCR_49803,1,0.89919364,0.94610053,0.81732416
A0301_KLGGALQAK_IE-1_CMV_binder_TCR_49805,1,0.9022301,0.96073693,0.8592031
A0301_KLGGALQAK_IE-1_CMV_binder_TCR_49806,1,0.90487516,0.95952225,0.8944266
A0301_KLGGALQAK_IE-1_CMV_binder_TCR_49807,1,0.9011594,0.9386042,0.75906986
A0301_KLGGALQAK_IE-1_CMV_binder_TCR_49814,0,0.8982081,0.9638037,0.7452756
A0301_KLGGALQAK_IE-1_CMV_binder_TCR_49823,1,0.8966264,0.94963807,0.8570799
A0301_KLGGALQAK_IE-1_CMV_binder_TCR_49843,1,0.90101516,0.95590574,0.836758
A0301_KLGGALQAK_IE-1_CMV_binder_TCR_49851,1,0.89611495,0.93739957,0.8775219
A0301_KLGGALQAK_IE-1_CMV_binder_TCR_49867,0,0.9015069,0.96800464,0.8482233
A0301_KLGGALQAK_IE-1_CMV_binder_TCR_4987,0,0.90119344,0.96693057,0.83501965
A0301_KLGGALQAK_IE-1_CMV_binder_TCR_49887,1,0.89634264,0.95427674,0.8071876
A0301_KLGGALQAK_IE-1_CMV_binder_TCR_49891,1,0.8962981,0.9056776,0.74766237
A0301_KLGGALQAK_IE-1_CMV_binder_TCR_49895,1,0.90211385,0.940013,0.8198195
A0301_KLGGALQAK_IE-1_CMV_binder_TCR_49898,1,0.9006944,0.96376306,0.8363375
A0301_KLGGALQAK_IE-1_CMV_binder_TCR_49899,1,0.9006145,0.95860726,0.848989
A0301_KLGGALQAK_IE-1_CMV_binder_TCR_49904,1,0.8986571,0.95333934,0.7860713
A0301_KLGGALQAK_IE-1_CMV_binder_TCR_49905,0,0.9005589,0.97136354,0.89245343
A0301_KLGGALQAK_IE-1_CMV_binder_TCR_49908,1,0.90294886,0.9681073,0.78848535
A0301_KLGGALQAK_IE-1_CMV_binder_TCR_4993,0,0.9019672,0.96414864,0.8508605
A0301_KLGGALQAK_IE-1_CMV_binder_TCR_49932,1,0.89651036,0.9657269,0.7733326
A0301_KLGGALQAK_IE-1_CMV_binder_TCR_49934,1,0.90082395,0.9478274,0.82479346
A0301_KLGGALQAK_IE-1_CMV_binder_TCR_49944,1,0.8991738,0.968096,0.8457089
A0301_KLGGALQAK_IE-1_CMV_binder_TCR_49947,1,0.89993757,0.9360355,0.8527062
A0301_KLGGALQAK_IE-1_CMV_binder_TCR_49948,1,0.89767534,0.98571765,0.8702736
A0301_KLGGALQAK_IE-1_CMV_binder_TCR_49952,1,0.90505165,0.9496398,0.8286565
A0301_KLGGALQAK_IE-1_CMV_binder_TCR_49967,1,0.89593196,0.9555663,0.8590783
A0301_KLGGALQAK_IE-1_CMV_binder_TCR_49970,1,0.8973828,0.9492448,0.82461864
A0301_KLGGALQAK_IE-1_CMV_binder_TCR_49971,1,0.8981344,0.95704186,0.8245395
A0301_KLGGALQAK_IE-1_CMV_binder_TCR_49984,1,0.89455205,0.9351498,0.78007597
A0301_KLGGALQAK_IE-1_CMV_binder_TCR_49990,1,0.89944565,0.94924885,0.83023137
A0301_KLGGALQAK_IE-1_CMV_binder_TCR_50000,1,0.8942199,0.96067417,0.75833446
A0301_KLGGALQAK_IE-1_CMV_binder_TCR_50007,1,0.8970941,0.94108874,0.7709446
A0301_KLGGALQAK_IE-1_CMV_binder_TCR_50027,1,0.8955809,0.964655,0.8189114
A0301_KLGGALQAK_IE-1_CMV_binder_TCR_5003,0,0.89534056,0.9183329,0.75763726
A0301_KLGGALQAK_IE-1_CMV_binder_TCR_50031,1,0.89448756,0.9577193,0.85753787
A0301_KLGGALQAK_IE-1_CMV_binder_TCR_50046,1,0.8969912,0.94419426,0.72434306
A0301_KLGGALQAK_IE-1_CMV_binder_TCR_50047,1,0.89908695,0.94305617,0.8387216
A0301_KLGGALQAK_IE-1_CMV_binder_TCR_50059,1,0.89704955,0.96159834,0.9036963
A0301_KLGGALQAK_IE-1_CMV_binder_TCR_50062,1,0.90216017,0.960863,0.8723318
A0301_KLGGALQAK_IE-1_CMV_binder_TCR_50065,0,0.9011132,0.95557165,0.8396056
A0301_KLGGALQAK_IE-1_CMV_binder_TCR_50079,1,0.90311384,0.97522324,0.8692797
A0301_KLGGALQAK_IE-1_CMV_binder_TCR_50080,1,0.894216,0.95323956,0.90117157
A0301_KLGGALQAK_IE-1_CMV_binder_TCR_50082,1,0.89838403,0.9500015,0.84521717
A0301_KLGGALQAK_IE-1_CMV_binder_TCR_50084,1,0.89859384,0.97549963,0.8744145
A0301_KLGGALQAK_IE-1_CMV_binder_TCR_50112,1,0.9018044,0.9604365,0.83807194
A0301_KLGGALQAK_IE-1_CMV_binder_TCR_50116,1,0.8961322,0.9387414,0.7776873
A0301_KLGGALQAK_IE-1_CMV_binder_TCR_50122,1,0.89819735,0.9535533,0.80203044
A0301_KLGGALQAK_IE-1_CMV_binder_TCR_50126,1,0.89749765,0.9505436,0.73359543
A0301_KLGGALQAK_IE-1_CMV_binder_TCR_50130,0,0.8988766,0.94797844,0.8527256
A0301_KLGGALQAK_IE-1_CMV_binder_TCR_50134,1,0.8950668,0.93526775,0.5308949
A0301_KLGGALQAK_IE-1_CMV_binder_TCR_50138,1,0.9024202,0.9546412,0.87149495
A0301_KLGGALQAK_IE-1_CMV_binder_TCR_50142,1,0.9026195,0.9571514,0.76845765
A0301_KLGGALQAK_IE-1_CMV_binder_TCR_50144,0,0.8971484,0.94084394,0.81403524
A0301_KLGGALQAK_IE-1_CMV_binder_TCR_50175,1,0.9012904,0.9507488,0.84347606
A0301_KLGGALQAK_IE-1_CMV_binder_TCR_50182,1,0.8970787,0.9615332,0.8792604
A0301_KLGGALQAK_IE-1_CMV_binder_TCR_50185,1,0.8944641,0.95952094,0.8900888
A0301_KLGGALQAK_IE-1_CMV_binder_TCR_50189,1,0.8978644,0.9556936,0.83934444
A0301_KLGGALQAK_IE-1_CMV_binder_TCR_50190,1,0.89733434,0.9886135,0.9156455
A0301_KLGGALQAK_IE-1_CMV_binder_TCR_50198,1,0.9012329,0.9677824,0.85542184
A0301_KLGGALQAK_IE-1_CMV_binder_TCR_5021,1,0.8983423,0.9583228,0.7797621
A0301_KLGGALQAK_IE-1_CMV_binder_TCR_50215,1,0.901988,0.97181714,0.80934715
A0301_KLGGALQAK_IE-1_CMV_binder_TCR_50218,1,0.8998805,0.929917,0.6354573
A0301_KLGGALQAK_IE-1_CMV_binder_TCR_50221,1,0.89751947,0.94938016,0.8264537
A0301_KLGGALQAK_IE-1_CMV_binder_TCR_50227,0,0.89843965,0.9469383,0.8553469
A0301_KLGGALQAK_IE-1_CMV_binder_TCR_50239,1,0.89924,0.9594377,0.8839955
A0301_KLGGALQAK_IE-1_CMV_binder_TCR_50243,1,0.9038337,0.97232676,0.8726907
A0301_KLGGALQAK_IE-1_CMV_binder_TCR_50247,1,0.9004872,0.96050346,0.762294
A0301_KLGGALQAK_IE-1_CMV_binder_TCR_50248,1,0.89748824,0.96239495,0.8839092
A0301_KLGGALQAK_IE-1_CMV_binder_TCR_50254,1,0.89700043,0.9758893,0.826092
A0301_KLGGALQAK_IE-1_CMV_binder_TCR_50261,1,0.89679915,0.98466927,0.9053914
A0301_KLGGALQAK_IE-1_CMV_binder_TCR_50262,1,0.8966767,0.9393435,0.69758934
A0301_KLGGALQAK_IE-1_CMV_binder_TCR_50279,1,0.89367205,0.9459258,0.5998395
A0301_KLGGALQAK_IE-1_CMV_binder_TCR_50282,1,0.8971496,0.9459841,0.77099276
A0301_KLGGALQAK_IE-1_CMV_binder_TCR_50288,1,0.8977573,0.9407986,0.7953979
A0301_KLGGALQAK_IE-1_CMV_binder_TCR_50295,1,0.9034778,0.9682652,0.8655451
A0301_KLGGALQAK_IE-1_CMV_binder_TCR_50299,1,0.8993629,0.963596,0.83425
A0301_KLGGALQAK_IE-1_CMV_binder_TCR_50309,1,0.9034036,0.9742621,0.87178063
A0301_KLGGALQAK_IE-1_CMV_binder_TCR_5032,0,0.8999763,0.9705838,0.8868151
A0301_KLGGALQAK_IE-1_CMV_binder_TCR_50326,1,0.90104467,0.95566547,0.8281196
A0301_KLGGALQAK_IE-1_CMV_binder_TCR_50335,1,0.8996138,0.9543725,0.712331
A0301_KLGGALQAK_IE-1_CMV_binder_TCR_5034,0,0.89504415,0.92995787,0.812846
A0301_KLGGALQAK_IE-1_CMV_binder_TCR_50340,1,0.89221877,0.98381424,0.9491402
A0301_KLGGALQAK_IE-1_CMV_binder_TCR_50341,1,0.90245396,0.9628177,0.83420396
A0301_KLGGALQAK_IE-1_CMV_binder_TCR_50379,1,0.8971495,0.9644997,0.86159176
A0301_KLGGALQAK_IE-1_CMV_binder_TCR_50385,1,0.89926374,0.9518281,0.7752715
A0301_KLGGALQAK_IE-1_CMV_binder_TCR_50387,0,0.8936882,0.91245174,0.7968222
A0301_KLGGALQAK_IE-1_CMV_binder_TCR_50395,0,0.9019849,0.94108194,0.8415173
A0301_KLGGALQAK_IE-1_CMV_binder_TCR_50423,1,0.9003109,0.94986945,0.7573011
A0301_KLGGALQAK_IE-1_CMV_binder_TCR_50428,1,0.89724404,0.9559143,0.7916256
A0301_KLGGALQAK_IE-1_CMV_binder_TCR_50440,1,0.901288,0.96661824,0.8042346
A0301_KLGGALQAK_IE-1_CMV_binder_TCR_50447,1,0.89310133,0.9689014,0.8327552
A0301_KLGGALQAK_IE-1_CMV_binder_TCR_50458,1,0.89786845,0.94736946,0.828852
A0301_KLGGALQAK_IE-1_CMV_binder_TCR_50464,1,0.8959687,0.9488271,0.73688096
A0301_KLGGALQAK_IE-1_CMV_binder_TCR_50467,1,0.8996673,0.9326173,0.85255307
A0301_KLGGALQAK_IE-1_CMV_binder_TCR_50470,1,0.89831495,0.9560968,0.7554909
A0301_KLGGALQAK_IE-1_CMV_binder_TCR_50485,1,0.89738077,0.9596992,0.8252944
A0301_KLGGALQAK_IE-1_CMV_binder_TCR_50492,1,0.9001921,0.9692909,0.8177695
A0301_KLGGALQAK_IE-1_CMV_binder_TCR_50493,1,0.90272564,0.9513948,0.87565273
A0301_KLGGALQAK_IE-1_CMV_binder_TCR_50495,1,0.8962227,0.95801395,0.8353636
A0301_KLGGALQAK_IE-1_CMV_binder_TCR_50497,1,0.9009023,0.98253006,0.9006346
A0301_KLGGALQAK_IE-1_CMV_binder_TCR_5050,1,0.89840454,0.95765895,0.8875738
A0301_KLGGALQAK_IE-1_CMV_binder_TCR_50508,1,0.8992022,0.96231866,0.8729372
A0301_KLGGALQAK_IE-1_CMV_binder_TCR_50512,1,0.8983687,0.9703821,0.87830603
A0301_KLGGALQAK_IE-1_CMV_binder_TCR_50516,1,0.89682925,0.95495486,0.8935971
A0301_KLGGALQAK_IE-1_CMV_binder_TCR_50517,0,0.89716935,0.96307844,0.8685939
A0301_KLGGALQAK_IE-1_CMV_binder_TCR_50545,1,0.8981003,0.9563642,0.8544838
A0301_KLGGALQAK_IE-1_CMV_binder_TCR_50555,1,0.89732474,0.9577006,0.67833394
A0301_KLGGALQAK_IE-1_CMV_binder_TCR_50562,1,0.8947312,0.8950061,0.7548993
A0301_KLGGALQAK_IE-1_CMV_binder_TCR_50569,1,0.8982113,0.96631205,0.842724
A0301_KLGGALQAK_IE-1_CMV_binder_TCR_50574,1,0.8942464,0.94294345,0.9028789
A0301_KLGGALQAK_IE-1_CMV_binder_TCR_50583,1,0.89889646,0.95187414,0.85014194
A0301_KLGGALQAK_IE-1_CMV_binder_TCR_50585,1,0.89554054,0.9505421,0.71177614
A0301_KLGGALQAK_IE-1_CMV_binder_TCR_50586,1,0.8952236,0.93843234,0.7651299
A0301_KLGGALQAK_IE-1_CMV_binder_TCR_50589,1,0.9003953,0.9601673,0.8561972
A0301_KLGGALQAK_IE-1_CMV_binder_TCR_50607,0,0.90453357,0.9707936,0.851841
A0301_KLGGALQAK_IE-1_CMV_binder_TCR_5061,0,0.89861953,0.94326377,0.8224681
A0301_KLGGALQAK_IE-1_CMV_binder_TCR_50623,1,0.89581656,0.98715997,0.77263546
A0301_KLGGALQAK_IE-1_CMV_binder_TCR_50641,1,0.9008737,0.9600282,0.8148226
A0301_KLGGALQAK_IE-1_CMV_binder_TCR_50650,1,0.9000916,0.9329055,0.8309263
A0301_KLGGALQAK_IE-1_CMV_binder_TCR_50657,1,0.895853,0.89932,0.7380013
A0301_KLGGALQAK_IE-1_CMV_binder_TCR_50660,1,0.8978966,0.95344824,0.79551274
A0301_KLGGALQAK_IE-1_CMV_binder_TCR_50663,1,0.900588,0.95972604,0.87667716
A0301_KLGGALQAK_IE-1_CMV_binder_TCR_50667,1,0.89549935,0.9298264,0.7455184
A0301_KLGGALQAK_IE-1_CMV_binder_TCR_5067,0,0.8999928,0.9681922,0.8264877
A0301_KLGGALQAK_IE-1_CMV_binder_TCR_50670,1,0.8995944,0.9332604,0.79407
A0301_KLGGALQAK_IE-1_CMV_binder_TCR_50672,0,0.90170807,0.9636749,0.8412919
A0301_KLGGALQAK_IE-1_CMV_binder_TCR_50675,1,0.89771444,0.9370896,0.78149223
A0301_KLGGALQAK_IE-1_CMV_binder_TCR_50685,1,0.89459217,0.9478713,0.7717936
A0301_KLGGALQAK_IE-1_CMV_binder_TCR_50687,1,0.90073603,0.9499565,0.8541493
A0301_KLGGALQAK_IE-1_CMV_binder_TCR_50693,1,0.8936517,0.8779155,0.7544912
A0301_KLGGALQAK_IE-1_CMV_binder_TCR_50695,0,0.8969348,0.985759,0.87103254
A0301_KLGGALQAK_IE-1_CMV_binder_TCR_50696,1,0.8975597,0.94213766,0.7094872
A0301_KLGGALQAK_IE-1_CMV_binder_TCR_50703,1,0.9026294,0.9627501,0.8743473
A0301_KLGGALQAK_IE-1_CMV_binder_TCR_50729,1,0.89758515,0.9563299,0.75233793
A0301_KLGGALQAK_IE-1_CMV_binder_TCR_50754,1,0.900282,0.92696685,0.8333757
A0301_KLGGALQAK_IE-1_CMV_binder_TCR_50755,1,0.8946754,0.9351172,0.6895201
A0301_KLGGALQAK_IE-1_CMV_binder_TCR_50770,1,0.8950413,0.9544801,0.84037274
A0301_KLGGALQAK_IE-1_CMV_binder_TCR_50774,1,0.898163,0.93566936,0.8564384
A0301_KLGGALQAK_IE-1_CMV_binder_TCR_50788,0,0.89582115,0.95050263,0.7938093
A0301_KLGGALQAK_IE-1_CMV_binder_TCR_50829,1,0.90031505,0.95286816,0.7991246
A0301_KLGGALQAK_IE-1_CMV_binder_TCR_50832,1,0.89803255,0.9689265,0.8350161
A0301_KLGGALQAK_IE-1_CMV_binder_TCR_50834,1,0.8977738,0.950812,0.753975
A0301_KLGGALQAK_IE-1_CMV_binder_TCR_50837,1,0.8996245,0.9660396,0.8717195
A0301_KLGGALQAK_IE-1_CMV_binder_TCR_50838,1,0.8977321,0.9618958,0.88611597
A0301_KLGGALQAK_IE-1_CMV_binder_TCR_5085,1,0.8974629,0.96017945,0.79393476
A0301_KLGGALQAK_IE-1_CMV_binder_TCR_50850,1,0.89942366,0.95277756,0.81052625
A0301_KLGGALQAK_IE-1_CMV_binder_TCR_50852,1,0.8929655,0.9358198,0.6796983
A0301_KLGGALQAK_IE-1_CMV_binder_TCR_50856,1,0.8980933,0.92783475,0.7016193
A0301_KLGGALQAK_IE-1_CMV_binder_TCR_50858,0,0.8951047,0.916945,0.68514293
A0301_KLGGALQAK_IE-1_CMV_binder_TCR_50861,1,0.89413345,0.94615275,0.75305164
A0301_KLGGALQAK_IE-1_CMV_binder_TCR_50874,1,0.90317136,0.9647676,0.89548445
A0301_KLGGALQAK_IE-1_CMV_binder_TCR_50887,1,0.90033805,0.9581846,0.85862577
A0301_KLGGALQAK_IE-1_CMV_binder_TCR_50890,1,0.8958142,0.9355477,0.77895266
A0301_KLGGALQAK_IE-1_CMV_binder_TCR_50907,1,0.9011839,0.9642949,0.8914646
A0301_KLGGALQAK_IE-1_CMV_binder_TCR_50914,1,0.897403,0.9616925,0.80780786
A0301_KLGGALQAK_IE-1_CMV_binder_TCR_50916,0,0.90135586,0.95046884,0.84925956
A0301_KLGGALQAK_IE-1_CMV_binder_TCR_50922,1,0.89879864,0.9708001,0.8264153
A0301_KLGGALQAK_IE-1_CMV_binder_TCR_50931,1,0.8990665,0.9612796,0.85961473
A0301_KLGGALQAK_IE-1_CMV_binder_TCR_50942,0,0.8939166,0.9050252,0.62669593
A0301_KLGGALQAK_IE-1_CMV_binder_TCR_50945,0,0.9003976,0.9510541,0.7237904
A0301_KLGGALQAK_IE-1_CMV_binder_TCR_50948,1,0.8983496,0.95662236,0.8582704
A0301_KLGGALQAK_IE-1_CMV_binder_TCR_50979,1,0.9033481,0.9661925,0.8542916
A0301_KLGGALQAK_IE-1_CMV_binder_TCR_5098,0,0.8963946,0.948448,0.7602483
A0301_KLGGALQAK_IE-1_CMV_binder_TCR_50993,1,0.8959171,0.93510604,0.81760615
A0301_KLGGALQAK_IE-1_CMV_binder_TCR_50998,1,0.8993946,0.95674366,0.8190055
A0301_KLGGALQAK_IE-1_CMV_binder_TCR_51000,1,0.8991562,0.9586121,0.79447633
A0301_KLGGALQAK_IE-1_CMV_binder_TCR_51016,1,0.9011289,0.90712416,0.74814665
A0301_KLGGALQAK_IE-1_CMV_binder_TCR_51017,1,0.8981471,0.93993163,0.7508603
A0301_KLGGALQAK_IE-1_CMV_binder_TCR_51018,1,0.8977046,0.9506525,0.80239654
A0301_KLGGALQAK_IE-1_CMV_binder_TCR_51019,0,0.8980854,0.9384152,0.77456987
A0301_KLGGALQAK_IE-1_CMV_binder_TCR_51024,1,0.89855504,0.934506,0.7567802
A0301_KLGGALQAK_IE-1_CMV_binder_TCR_51033,0,0.8975809,0.96704406,0.75562584
A0301_KLGGALQAK_IE-1_CMV_binder_TCR_51038,1,0.8956717,0.91486686,0.805709
A0301_KLGGALQAK_IE-1_CMV_binder_TCR_5104,1,0.8954413,0.96499777,0.79475754
A0301_KLGGALQAK_IE-1_CMV_binder_TCR_51040,1,0.8957584,0.91047066,0.72528106
A0301_KLGGALQAK_IE-1_CMV_binder_TCR_51047,1,0.89916587,0.9141032,0.8616224
A0301_KLGGALQAK_IE-1_CMV_binder_TCR_51052,1,0.8963985,0.9540132,0.8041579
A0301_KLGGALQAK_IE-1_CMV_binder_TCR_51055,0,0.9020888,0.9540382,0.87791395
A0301_KLGGALQAK_IE-1_CMV_binder_TCR_51058,1,0.9001363,0.95307165,0.83817667
A0301_KLGGALQAK_IE-1_CMV_binder_TCR_51059,1,0.8968786,0.92959595,0.8372362
A0301_KLGGALQAK_IE-1_CMV_binder_TCR_51072,1,0.8947222,0.95577174,0.7581563
A0301_KLGGALQAK_IE-1_CMV_binder_TCR_51078,1,0.9013855,0.9609763,0.87751865
A0301_KLGGALQAK_IE-1_CMV_binder_TCR_51084,1,0.89726233,0.93826973,0.78126717
A0301_KLGGALQAK_IE-1_CMV_binder_TCR_51085,1,0.9002502,0.958297,0.8463345
A0301_KLGGALQAK_IE-1_CMV_binder_TCR_51088,1,0.8978791,0.9681728,0.72855705
A0301_KLGGALQAK_IE-1_CMV_binder_TCR_5109,0,0.8983433,0.95010895,0.82360816
A0301_KLGGALQAK_IE-1_CMV_binder_TCR_51109,1,0.9009737,0.962122,0.8575667
A0301_KLGGALQAK_IE-1_CMV_binder_TCR_51113,1,0.8994602,0.9536641,0.7583197
A0301_KLGGALQAK_IE-1_CMV_binder_TCR_51125,1,0.8999182,0.9597532,0.86122614
A0301_KLGGALQAK_IE-1_CMV_binder_TCR_51126,1,0.895592,0.944068,0.79646343
A0301_KLGGALQAK_IE-1_CMV_binder_TCR_51130,0,0.90052843,0.9522454,0.8122368
A0301_KLGGALQAK_IE-1_CMV_binder_TCR_51131,1,0.89496565,0.94988984,0.89820176
A0301_KLGGALQAK_IE-1_CMV_binder_TCR_51132,0,0.8983799,0.94963884,0.91946375
A0301_KLGGALQAK_IE-1_CMV_binder_TCR_51143,1,0.8974382,0.9268877,0.8226362
A0301_KLGGALQAK_IE-1_CMV_binder_TCR_5115,1,0.8994862,0.96053326,0.8445
A0301_KLGGALQAK_IE-1_CMV_binder_TCR_51157,1,0.90224314,0.9688898,0.88420254
A0301_KLGGALQAK_IE-1_CMV_binder_TCR_51159,1,0.8961908,0.9669368,0.7759163
A0301_KLGGALQAK_IE-1_CMV_binder_TCR_51171,1,0.9000721,0.9298906,0.7879535
A0301_KLGGALQAK_IE-1_CMV_binder_TCR_51173,1,0.90010804,0.90745056,0.79981524
A0301_KLGGALQAK_IE-1_CMV_binder_TCR_51180,0,0.8972846,0.9370737,0.7313593
A0301_KLGGALQAK_IE-1_CMV_binder_TCR_51183,1,0.8997934,0.93796885,0.7746514
A0301_KLGGALQAK_IE-1_CMV_binder_TCR_51199,0,0.899099,0.9790116,0.8830413
A0301_KLGGALQAK_IE-1_CMV_binder_TCR_51207,1,0.8981025,0.9561707,0.7781873
A0301_KLGGALQAK_IE-1_CMV_binder_TCR_51216,0,0.8959728,0.9363056,0.7674346
A0301_KLGGALQAK_IE-1_CMV_binder_TCR_51221,1,0.906084,0.9843407,0.891547
A0301_KLGGALQAK_IE-1_CMV_binder_TCR_51240,1,0.90113443,0.9555968,0.8715417
A0301_KLGGALQAK_IE-1_CMV_binder_TCR_51242,0,0.89675516,0.9548914,0.82072026
A0301_KLGGALQAK_IE-1_CMV_binder_TCR_51246,1,0.8962681,0.96011895,0.76267105
A0301_KLGGALQAK_IE-1_CMV_binder_TCR_51248,1,0.89848393,0.95147955,0.8763489
A0301_KLGGALQAK_IE-1_CMV_binder_TCR_51250,1,0.90006465,0.93144846,0.8319718
A0301_KLGGALQAK_IE-1_CMV_binder_TCR_51274,1,0.90007424,0.9732241,0.85854256
A0301_KLGGALQAK_IE-1_CMV_binder_TCR_51285,1,0.8968789,0.9606577,0.8716829
A0301_KLGGALQAK_IE-1_CMV_binder_TCR_51286,0,0.89818877,0.9443304,0.8109642
A0301_KLGGALQAK_IE-1_CMV_binder_TCR_5129,0,0.8984423,0.95221615,0.7463541
A0301_KLGGALQAK_IE-1_CMV_binder_TCR_51292,1,0.8967834,0.93835497,0.7054792
A0301_KLGGALQAK_IE-1_CMV_binder_TCR_51296,1,0.9001253,0.96492875,0.8090116
A0301_KLGGALQAK_IE-1_CMV_binder_TCR_5130,0,0.8957162,0.9430644,0.8292948
A0301_KLGGALQAK_IE-1_CMV_binder_TCR_51302,1,0.8965824,0.978819,0.7815205
A0301_KLGGALQAK_IE-1_CMV_binder_TCR_51303,1,0.901087,0.94728166,0.7915466
A0301_KLGGALQAK_IE-1_CMV_binder_TCR_51323,1,0.89968854,0.9581804,0.8063763
A0301_KLGGALQAK_IE-1_CMV_binder_TCR_51327,1,0.89976376,0.95310175,0.85410565
A0301_KLGGALQAK_IE-1_CMV_binder_TCR_51329,0,0.8974109,0.9557512,0.75868064
A0301_KLGGALQAK_IE-1_CMV_binder_TCR_51342,1,0.8954679,0.9872463,0.87987494
A0301_KLGGALQAK_IE-1_CMV_binder_TCR_51347,1,0.90142804,0.963877,0.81457627
A0301_KLGGALQAK_IE-1_CMV_binder_TCR_51365,1,0.9009119,0.9636892,0.8053743
A0301_KLGGALQAK_IE-1_CMV_binder_TCR_51366,1,0.8989802,0.9549157,0.7639727
A0301_KLGGALQAK_IE-1_CMV_binder_TCR_51367,1,0.9003955,0.96500653,0.7858977
A0301_KLGGALQAK_IE-1_CMV_binder_TCR_51380,1,0.8974802,0.9532421,0.7934289
A0301_KLGGALQAK_IE-1_CMV_binder_TCR_51389,0,0.89876443,0.96073294,0.81850773
A0301_KLGGALQAK_IE-1_CMV_binder_TCR_51391,1,0.8995639,0.9634779,0.86715746
A0301_KLGGALQAK_IE-1_CMV_binder_TCR_51398,0,0.8976403,0.96369827,0.85947436
A0301_KLGGALQAK_IE-1_CMV_binder_TCR_51409,1,0.8916876,0.9176826,0.69795007
A0301_KLGGALQAK_IE-1_CMV_binder_TCR_51411,1,0.8964015,0.9503152,0.76283306
A0301_KLGGALQAK_IE-1_CMV_binder_TCR_51425,1,0.8989061,0.95176023,0.78552544
A0301_KLGGALQAK_IE-1_CMV_binder_TCR_51437,0,0.8970779,0.96362686,0.85131264
A0301_KLGGALQAK_IE-1_CMV_binder_TCR_51447,0,0.8955762,0.9659374,0.8661565
A0301_KLGGALQAK_IE-1_CMV_binder_TCR_51461,1,0.9010933,0.9631768,0.81832683
A0301_KLGGALQAK_IE-1_CMV_binder_TCR_51497,1,0.90430975,0.96588945,0.8324986
A0301_KLGGALQAK_IE-1_CMV_binder_TCR_51502,1,0.9022892,0.95725125,0.89977187
A0301_KLGGALQAK_IE-1_CMV_binder_TCR_51506,1,0.89825696,0.9586227,0.849083
A0301_KLGGALQAK_IE-1_CMV_binder_TCR_51511,1,0.90301836,0.96290433,0.8839365
A0301_KLGGALQAK_IE-1_CMV_binder_TCR_51518,1,0.90145385,0.9688721,0.85884196
A0301_KLGGALQAK_IE-1_CMV_binder_TCR_51523,1,0.90115,0.9530264,0.8427416
A0301_KLGGALQAK_IE-1_CMV_binder_TCR_51537,1,0.8973777,0.93311065,0.7745052
A0301_KLGGALQAK_IE-1_CMV_binder_TCR_51538,1,0.89802253,0.9670019,0.8116616
A0301_KLGGALQAK_IE-1_CMV_binder_TCR_51540,1,0.8964605,0.95901537,0.77267456
A0301_KLGGALQAK_IE-1_CMV_binder_TCR_51547,1,0.901837,0.96471876,0.86930805
A0301_KLGGALQAK_IE-1_CMV_binder_TCR_51558,1,0.8946938,0.9462069,0.7951186
A0301_KLGGALQAK_IE-1_CMV_binder_TCR_51563,1,0.8987819,0.9597279,0.82270986
A0301_KLGGALQAK_IE-1_CMV_binder_TCR_51564,1,0.9008365,0.9603678,0.8397501
A0301_KLGGALQAK_IE-1_CMV_binder_TCR_5158,1,0.8946277,0.9428383,0.7711863
A0301_KLGGALQAK_IE-1_CMV_binder_TCR_51584,1,0.8988412,0.9579266,0.8498386
A0301_KLGGALQAK_IE-1_CMV_binder_TCR_51585,1,0.9032831,0.9764075,0.87803495
A0301_KLGGALQAK_IE-1_CMV_binder_TCR_51586,1,0.90128285,0.97643185,0.8947882
A0301_KLGGALQAK_IE-1_CMV_binder_TCR_51602,1,0.89862716,0.94560397,0.9037336
A0301_KLGGALQAK_IE-1_CMV_binder_TCR_51608,1,0.8984514,0.9702984,0.82911414
A0301_KLGGALQAK_IE-1_CMV_binder_TCR_51617,0,0.89274806,0.96078134,0.81252337
A0301_KLGGALQAK_IE-1_CMV_binder_TCR_51620,1,0.8935282,0.95870715,0.80846953
A0301_KLGGALQAK_IE-1_CMV_binder_TCR_51630,1,0.8978106,0.9581633,0.812283
A0301_KLGGALQAK_IE-1_CMV_binder_TCR_51632,1,0.8958218,0.95357287,0.74169016
A0301_KLGGALQAK_IE-1_CMV_binder_TCR_51644,1,0.8953123,0.9880924,0.9247453
A0301_KLGGALQAK_IE-1_CMV_binder_TCR_51647,1,0.8982195,0.9361591,0.77565634
A0301_KLGGALQAK_IE-1_CMV_binder_TCR_51655,1,0.8985431,0.95875996,0.80216956
A0301_KLGGALQAK_IE-1_CMV_binder_TCR_51672,1,0.89991015,0.9549741,0.9032007
A0301_KLGGALQAK_IE-1_CMV_binder_TCR_51678,1,0.90126145,0.9537189,0.7881527
A0301_KLGGALQAK_IE-1_CMV_binder_TCR_51684,1,0.90200055,0.9471639,0.83524996
A0301_KLGGALQAK_IE-1_CMV_binder_TCR_51692,1,0.89808,0.9438128,0.84130704
A0301_KLGGALQAK_IE-1_CMV_binder_TCR_51697,1,0.8967697,0.9866817,0.8809046
A0301_KLGGALQAK_IE-1_CMV_binder_TCR_51698,1,0.90113217,0.97549826,0.8059156
A0301_KLGGALQAK_IE-1_CMV_binder_TCR_51699,1,0.897059,0.9507521,0.81573164
A0301_KLGGALQAK_IE-1_CMV_binder_TCR_51708,1,0.9000071,0.96959084,0.82459563
A0301_KLGGALQAK_IE-1_CMV_binder_TCR_51734,1,0.8949398,0.9459171,0.7382664
A0301_KLGGALQAK_IE-1_CMV_binder_TCR_51743,1,0.8985597,0.95075357,0.7826996
A0301_KLGGALQAK_IE-1_CMV_binder_TCR_51745,0,0.90227395,0.9352953,0.76507527
A0301_KLGGALQAK_IE-1_CMV_binder_TCR_51746,1,0.8989952,0.9265661,0.7846206
A0301_KLGGALQAK_IE-1_CMV_binder_TCR_51755,1,0.89509475,0.9880504,0.9768147
A0301_KLGGALQAK_IE-1_CMV_binder_TCR_51758,1,0.8982184,0.9694641,0.86880225
A0301_KLGGALQAK_IE-1_CMV_binder_TCR_51773,1,0.89888984,0.9551249,0.732448
A0301_KLGGALQAK_IE-1_CMV_binder_TCR_51784,0,0.8968137,0.9647334,0.84644777
A0301_KLGGALQAK_IE-1_CMV_binder_TCR_51790,1,0.89896065,0.9926847,0.98040205
A0301_KLGGALQAK_IE-1_CMV_binder_TCR_51792,1,0.89736956,0.9683184,0.8388436
A0301_KLGGALQAK_IE-1_CMV_binder_TCR_51804,1,0.8992719,0.9586147,0.89404476
A0301_KLGGALQAK_IE-1_CMV_binder_TCR_51810,1,0.9005962,0.9786245,0.7474227
A0301_KLGGALQAK_IE-1_CMV_binder_TCR_51822,1,0.8940913,0.93781126,0.23991717
A0301_KLGGALQAK_IE-1_CMV_binder_TCR_51825,1,0.8987245,0.86600816,0.37017244
A0301_KLGGALQAK_IE-1_CMV_binder_TCR_51826,1,0.90408,0.9672609,0.8466227
A0301_KLGGALQAK_IE-1_CMV_binder_TCR_51842,1,0.8994664,0.96092963,0.84722334
A0301_KLGGALQAK_IE-1_CMV_binder_TCR_51851,1,0.89807147,0.9577507,0.7701694
A0301_KLGGALQAK_IE-1_CMV_binder_TCR_51861,1,0.89767677,0.9588129,0.8560892
A0301_KLGGALQAK_IE-1_CMV_binder_TCR_51867,1,0.89842635,0.95509166,0.8134808
A0301_KLGGALQAK_IE-1_CMV_binder_TCR_51868,1,0.8988145,0.9678128,0.885609
A0301_KLGGALQAK_IE-1_CMV_binder_TCR_51871,1,0.89672434,0.986061,0.95282775
A0301_KLGGALQAK_IE-1_CMV_binder_TCR_51873,1,0.89722896,0.94464433,0.77061003
A0301_KLGGALQAK_IE-1_CMV_binder_TCR_51880,1,0.8998495,0.97143555,0.90165126
A0301_KLGGALQAK_IE-1_CMV_binder_TCR_51882,1,0.8981665,0.9569503,0.83883464
A0301_KLGGALQAK_IE-1_CMV_binder_TCR_51884,1,0.8982639,0.987603,0.9355431
A0301_KLGGALQAK_IE-1_CMV_binder_TCR_51893,1,0.89973384,0.9625604,0.8410985
A0301_KLGGALQAK_IE-1_CMV_binder_TCR_51917,1,0.8996846,0.94908947,0.8047816
A0301_KLGGALQAK_IE-1_CMV_binder_TCR_51932,1,0.8971848,0.96032566,0.85585815
A0301_KLGGALQAK_IE-1_CMV_binder_TCR_51936,1,0.90110856,0.9419011,0.7798016
A0301_KLGGALQAK_IE-1_CMV_binder_TCR_51942,0,0.901276,0.9744815,0.8496073
A0301_KLGGALQAK_IE-1_CMV_binder_TCR_51947,1,0.90291476,0.9704057,0.83322203
A0301_KLGGALQAK_IE-1_CMV_binder_TCR_51949,1,0.90251917,0.9890421,0.80851996
A0301_KLGGALQAK_IE-1_CMV_binder_TCR_51953,1,0.89824456,0.95852846,0.79081064
A0301_KLGGALQAK_IE-1_CMV_binder_TCR_51954,0,0.8978569,0.94644684,0.68646455
A0301_KLGGALQAK_IE-1_CMV_binder_TCR_5196,0,0.89681584,0.9793402,0.88997114
A0301_KLGGALQAK_IE-1_CMV_binder_TCR_51970,1,0.89972985,0.95322514,0.8106232
A0301_KLGGALQAK_IE-1_CMV_binder_TCR_51972,1,0.89753103,0.9623177,0.89620465
A0301_KLGGALQAK_IE-1_CMV_binder_TCR_51983,1,0.90058345,0.95951647,0.87063867
A0301_KLGGALQAK_IE-1_CMV_binder_TCR_51984,1,0.89823043,0.9417679,0.7902879
A0301_KLGGALQAK_IE-1_CMV_binder_TCR_51987,1,0.89786893,0.9742921,0.8655982
A0301_KLGGALQAK_IE-1_CMV_binder_TCR_52000,1,0.90155697,0.9546234,0.8416626
A0301_KLGGALQAK_IE-1_CMV_binder_TCR_52021,1,0.89924896,0.951684,0.81687707
A0301_KLGGALQAK_IE-1_CMV_binder_TCR_52022,1,0.8980199,0.9608783,0.79696304
A0301_KLGGALQAK_IE-1_CMV_binder_TCR_52043,1,0.8997867,0.96430403,0.8593474
A0301_KLGGALQAK_IE-1_CMV_binder_TCR_52068,0,0.90307885,0.94723994,0.821822
A0301_KLGGALQAK_IE-1_CMV_binder_TCR_52069,0,0.90447515,0.9834029,0.79821247
A0301_KLGGALQAK_IE-1_CMV_binder_TCR_52071,1,0.900868,0.918699,0.78793764
A0301_KLGGALQAK_IE-1_CMV_binder_TCR_52075,1,0.8953651,0.9829853,0.9756251
A0301_KLGGALQAK_IE-1_CMV_binder_TCR_52079,1,0.89859366,0.9563256,0.8309866
A0301_KLGGALQAK_IE-1_CMV_binder_TCR_52086,1,0.8989333,0.9712326,0.8816551
A0301_KLGGALQAK_IE-1_CMV_binder_TCR_52093,1,0.901048,0.96892494,0.85356396
A0301_KLGGALQAK_IE-1_CMV_binder_TCR_52099,1,0.8978326,0.96093774,0.77659714
A0301_KLGGALQAK_IE-1_CMV_binder_TCR_52104,1,0.89797014,0.95717907,0.8055115
A0301_KLGGALQAK_IE-1_CMV_binder_TCR_52117,1,0.89978504,0.9530956,0.80377954
A0301_KLGGALQAK_IE-1_CMV_binder_TCR_52142,1,0.8958283,0.948382,0.7657557
A0301_KLGGALQAK_IE-1_CMV_binder_TCR_5215,1,0.8950551,0.91879267,0.7526746
A0301_KLGGALQAK_IE-1_CMV_binder_TCR_52152,1,0.89762866,0.9323489,0.79434925
A0301_KLGGALQAK_IE-1_CMV_binder_TCR_52156,1,0.896987,0.9591696,0.7527436
A0301_KLGGALQAK_IE-1_CMV_binder_TCR_52158,1,0.8964613,0.9281744,0.6400361
A0301_KLGGALQAK_IE-1_CMV_binder_TCR_52163,1,0.8964927,0.92584985,0.8092896
A0301_KLGGALQAK_IE-1_CMV_binder_TCR_52166,1,0.8978732,0.95569235,0.9126107
A0301_KLGGALQAK_IE-1_CMV_binder_TCR_52167,1,0.8999685,0.962464,0.8681085
A0301_KLGGALQAK_IE-1_CMV_binder_TCR_5217,0,0.89965034,0.95562893,0.72159994
A0301_KLGGALQAK_IE-1_CMV_binder_TCR_52174,1,0.9031151,0.96430415,0.8041494
A0301_KLGGALQAK_IE-1_CMV_binder_TCR_52176,1,0.89846295,0.9389179,0.7411644
A0301_KLGGALQAK_IE-1_CMV_binder_TCR_52178,1,0.89773697,0.97282606,0.85687333
A0301_KLGGALQAK_IE-1_CMV_binder_TCR_52181,1,0.8951596,0.9747206,0.92997664
A0301_KLGGALQAK_IE-1_CMV_binder_TCR_52197,1,0.89177984,0.9688473,0.7996712
A0301_KLGGALQAK_IE-1_CMV_binder_TCR_52221,1,0.9003084,0.9340516,0.84428686
A0301_KLGGALQAK_IE-1_CMV_binder_TCR_52233,1,0.8925042,0.90251297,0.71195436
A0301_KLGGALQAK_IE-1_CMV_binder_TCR_52240,1,0.89408463,0.9548732,0.7820286
A0301_KLGGALQAK_IE-1_CMV_binder_TCR_52253,1,0.8954875,0.9520794,0.8623953
A0301_KLGGALQAK_IE-1_CMV_binder_TCR_52269,1,0.8989091,0.96428573,0.9109188
A0301_KLGGALQAK_IE-1_CMV_binder_TCR_52273,1,0.8978326,0.95708436,0.8112383
A0301_KLGGALQAK_IE-1_CMV_binder_TCR_52280,1,0.89526796,0.9042267,0.8362372
A0301_KLGGALQAK_IE-1_CMV_binder_TCR_52294,1,0.89607537,0.95666313,0.87350845
A0301_KLGGALQAK_IE-1_CMV_binder_TCR_52300,1,0.90413755,0.9652079,0.89343035
A0301_KLGGALQAK_IE-1_CMV_binder_TCR_52307,1,0.898324,0.96856445,0.72127795
A0301_KLGGALQAK_IE-1_CMV_binder_TCR_52309,1,0.90318424,0.96394444,0.90402395
A0301_KLGGALQAK_IE-1_CMV_binder_TCR_52315,1,0.89876086,0.9891081,0.9403502
A0301_KLGGALQAK_IE-1_CMV_binder_TCR_52328,1,0.8996085,0.91501784,0.81680596
A0301_KLGGALQAK_IE-1_CMV_binder_TCR_52355,1,0.8974551,0.9648618,0.89460576
A0301_KLGGALQAK_IE-1_CMV_binder_TCR_52364,1,0.897079,0.9475924,0.85186166
A0301_KLGGALQAK_IE-1_CMV_binder_TCR_52374,1,0.90063906,0.9328986,0.7743951
A0301_KLGGALQAK_IE-1_CMV_binder_TCR_52376,1,0.90036774,0.9688778,0.8718561
A0301_KLGGALQAK_IE-1_CMV_binder_TCR_52383,1,0.90070057,0.95620877,0.8417434
A0301_KLGGALQAK_IE-1_CMV_binder_TCR_52400,1,0.9033835,0.96107876,0.81117195
A0301_KLGGALQAK_IE-1_CMV_binder_TCR_52408,1,0.9006699,0.9698296,0.8427621
A0301_KLGGALQAK_IE-1_CMV_binder_TCR_52415,1,0.9042971,0.9768057,0.83969975
A0301_KLGGALQAK_IE-1_CMV_binder_TCR_52423,1,0.89688504,0.95492995,0.81341517
A0301_KLGGALQAK_IE-1_CMV_binder_TCR_52429,1,0.8954604,0.9556212,0.76249516
A0301_KLGGALQAK_IE-1_CMV_binder_TCR_5243,0,0.90016705,0.9517354,0.9426934
A0301_KLGGALQAK_IE-1_CMV_binder_TCR_52432,1,0.89598656,0.96168464,0.8358893
A0301_KLGGALQAK_IE-1_CMV_binder_TCR_5244,0,0.9016315,0.97771555,0.86917126
A0301_KLGGALQAK_IE-1_CMV_binder_TCR_52446,1,0.9012509,0.9599808,0.7580365
A0301_KLGGALQAK_IE-1_CMV_binder_TCR_52448,0,0.90162313,0.95619947,0.8611498
A0301_KLGGALQAK_IE-1_CMV_binder_TCR_5245,0,0.89347386,0.9365686,0.71395427
A0301_KLGGALQAK_IE-1_CMV_binder_TCR_52456,1,0.8974556,0.96152276,0.82951796
A0301_KLGGALQAK_IE-1_CMV_binder_TCR_5246,1,0.89806086,0.9654208,0.8725399
A0301_KLGGALQAK_IE-1_CMV_binder_TCR_52460,0,0.8971336,0.9562514,0.74634224
A0301_KLGGALQAK_IE-1_CMV_binder_TCR_52461,1,0.89652234,0.9862714,0.98768276
A0301_KLGGALQAK_IE-1_CMV_binder_TCR_52472,1,0.8982936,0.9412315,0.82398
A0301_KLGGALQAK_IE-1_CMV_binder_TCR_52477,1,0.89932096,0.97016877,0.8938055
A0301_KLGGALQAK_IE-1_CMV_binder_TCR_52484,1,0.8975478,0.9353306,0.78403807
A0301_KLGGALQAK_IE-1_CMV_binder_TCR_52486,1,0.9003798,0.9573911,0.8255077
A0301_KLGGALQAK_IE-1_CMV_binder_TCR_52492,1,0.89897317,0.9488621,0.7645673
A0301_KLGGALQAK_IE-1_CMV_binder_TCR_52499,1,0.89985293,0.9566098,0.7668258
A0301_KLGGALQAK_IE-1_CMV_binder_TCR_52506,1,0.8968526,0.9420824,0.66626495
A0301_KLGGALQAK_IE-1_CMV_binder_TCR_52509,1,0.90084845,0.95844895,0.79043144
A0301_KLGGALQAK_IE-1_CMV_binder_TCR_52519,1,0.8968247,0.93338364,0.37930605
A0301_KLGGALQAK_IE-1_CMV_binder_TCR_52527,1,0.8996135,0.94936454,0.8564687
A0301_KLGGALQAK_IE-1_CMV_binder_TCR_52549,1,0.9013193,0.9808694,0.8566558
A0301_KLGGALQAK_IE-1_CMV_binder_TCR_52552,1,0.9057047,0.95808315,0.85289365
A0301_KLGGALQAK_IE-1_CMV_binder_TCR_52557,1,0.9003718,0.9457079,0.88135463
A0301_KLGGALQAK_IE-1_CMV_binder_TCR_52559,1,0.9052121,0.96230674,0.8518297
A0301_KLGGALQAK_IE-1_CMV_binder_TCR_52574,1,0.89951366,0.9527071,0.86065453
A0301_KLGGALQAK_IE-1_CMV_binder_TCR_52585,1,0.9005412,0.96959215,0.8255226
A0301_KLGGALQAK_IE-1_CMV_binder_TCR_52607,1,0.8990881,0.9712341,0.6383439
A0301_KLGGALQAK_IE-1_CMV_binder_TCR_52608,1,0.8983887,0.9608608,0.8146702
A0301_KLGGALQAK_IE-1_CMV_binder_TCR_52616,1,0.8979689,0.9615155,0.85085934
A0301_KLGGALQAK_IE-1_CMV_binder_TCR_52637,1,0.90273297,0.9624123,0.8841674
A0301_KLGGALQAK_IE-1_CMV_binder_TCR_52644,1,0.8978732,0.95708215,0.8320911
A0301_KLGGALQAK_IE-1_CMV_binder_TCR_52649,1,0.8985068,0.97944516,0.8626332
A0301_KLGGALQAK_IE-1_CMV_binder_TCR_52652,1,0.8959744,0.9311512,0.7587283
A0301_KLGGALQAK_IE-1_CMV_binder_TCR_52654,0,0.8982788,0.96781564,0.90947014
A0301_KLGGALQAK_IE-1_CMV_binder_TCR_52657,1,0.89940506,0.9337303,0.77933675
A0301_KLGGALQAK_IE-1_CMV_binder_TCR_52669,1,0.8984818,0.96586967,0.7716442
A0301_KLGGALQAK_IE-1_CMV_binder_TCR_52673,1,0.8963913,0.96567667,0.88672054
A0301_KLGGALQAK_IE-1_CMV_binder_TCR_52674,1,0.89826727,0.96975523,0.8164844
A0301_KLGGALQAK_IE-1_CMV_binder_TCR_52686,1,0.8942844,0.961702,0.8074737
A0301_KLGGALQAK_IE-1_CMV_binder_TCR_52707,1,0.8985997,0.9590842,0.85687894
A0301_KLGGALQAK_IE-1_CMV_binder_TCR_52714,0,0.89440936,0.95308197,0.7633676
A0301_KLGGALQAK_IE-1_CMV_binder_TCR_52715,1,0.899176,0.9665509,0.8146621
A0301_KLGGALQAK_IE-1_CMV_binder_TCR_52725,1,0.8975772,0.91673565,0.79979503
A0301_KLGGALQAK_IE-1_CMV_binder_TCR_52734,1,0.9016345,0.957591,0.8361284
A0301_KLGGALQAK_IE-1_CMV_binder_TCR_5274,0,0.9003653,0.95283955,0.81089014
A0301_KLGGALQAK_IE-1_CMV_binder_TCR_52749,1,0.8959805,0.95444137,0.8394171
A0301_KLGGALQAK_IE-1_CMV_binder_TCR_52757,1,0.9011149,0.96485174,0.87137455
A0301_KLGGALQAK_IE-1_CMV_binder_TCR_52759,1,0.8967467,0.9520338,0.8237863
A0301_KLGGALQAK_IE-1_CMV_binder_TCR_52760,1,0.8974382,0.9665146,0.9288875
A0301_KLGGALQAK_IE-1_CMV_binder_TCR_52762,1,0.89787674,0.92827624,0.7430217
A0301_KLGGALQAK_IE-1_CMV_binder_TCR_52779,1,0.90067697,0.9427598,0.86392766
A0301_KLGGALQAK_IE-1_CMV_binder_TCR_52785,1,0.9012435,0.96791595,0.8537956
A0301_KLGGALQAK_IE-1_CMV_binder_TCR_52793,1,0.89432555,0.9378671,0.74906033
A0301_KLGGALQAK_IE-1_CMV_binder_TCR_52799,1,0.9005979,0.9576299,0.89317
A0301_KLGGALQAK_IE-1_CMV_binder_TCR_52805,1,0.8985492,0.9350188,0.82297486
A0301_KLGGALQAK_IE-1_CMV_binder_TCR_52813,1,0.9001157,0.961856,0.85396653
A0301_KLGGALQAK_IE-1_CMV_binder_TCR_52816,1,0.900902,0.9425585,0.8122926
A0301_KLGGALQAK_IE-1_CMV_binder_TCR_5283,0,0.8992618,0.95334363,0.72119397
A0301_KLGGALQAK_IE-1_CMV_binder_TCR_52837,1,0.89450336,0.91433126,0.74125326
A0301_KLGGALQAK_IE-1_CMV_binder_TCR_52849,1,0.9023722,0.96537256,0.82830226
A0301_KLGGALQAK_IE-1_CMV_binder_TCR_52860,1,0.8970351,0.95058644,0.81833637
A0301_KLGGALQAK_IE-1_CMV_binder_TCR_52869,1,0.9005427,0.9891144,0.91682804
A0301_KLGGALQAK_IE-1_CMV_binder_TCR_52875,1,0.8987117,0.9575884,0.8457495
A0301_KLGGALQAK_IE-1_CMV_binder_TCR_52878,1,0.9027833,0.9718,0.861642
A0301_KLGGALQAK_IE-1_CMV_binder_TCR_52887,1,0.9000757,0.94645154,0.8220558
A0301_KLGGALQAK_IE-1_CMV_binder_TCR_52888,1,0.89917505,0.9665443,0.9180146
A0301_KLGGALQAK_IE-1_CMV_binder_TCR_529,0,0.89524454,0.9257042,0.81154853
A0301_KLGGALQAK_IE-1_CMV_binder_TCR_52904,0,0.9037874,0.9734359,0.830855
A0301_KLGGALQAK_IE-1_CMV_binder_TCR_52907,1,0.8988689,0.9621512,0.70352834
A0301_KLGGALQAK_IE-1_CMV_binder_TCR_52922,1,0.8939805,0.92634326,0.7235118
A0301_KLGGALQAK_IE-1_CMV_binder_TCR_52926,0,0.8971676,0.95189714,0.8336528
A0301_KLGGALQAK_IE-1_CMV_binder_TCR_5295,0,0.8972949,0.963145,0.86339885
A0301_KLGGALQAK_IE-1_CMV_binder_TCR_52960,0,0.89233166,0.9250423,0.684801
A0301_KLGGALQAK_IE-1_CMV_binder_TCR_52980,0,0.8935865,0.9202826,0.71840435
A0301_KLGGALQAK_IE-1_CMV_binder_TCR_530,1,0.8964867,0.9375331,0.7556448
A0301_KLGGALQAK_IE-1_CMV_binder_TCR_53031,0,0.9018981,0.9369928,0.84917456
A0301_KLGGALQAK_IE-1_CMV_binder_TCR_5308,1,0.9017815,0.9615172,0.86262083
A0301_KLGGALQAK_IE-1_CMV_binder_TCR_53080,0,0.89954036,0.96272486,0.89979494
A0301_KLGGALQAK_IE-1_CMV_binder_TCR_53109,0,0.8971847,0.95259815,0.6064581
A0301_KLGGALQAK_IE-1_CMV_binder_TCR_53129,0,0.89650124,0.91616297,0.76224726
A0301_KLGGALQAK_IE-1_CMV_binder_TCR_53162,0,0.90125775,0.9452004,0.8539034
A0301_KLGGALQAK_IE-1_CMV_binder_TCR_53175,0,0.903256,0.9597416,0.85631716
A0301_KLGGALQAK_IE-1_CMV_binder_TCR_53197,0,0.8965919,0.93696237,0.7817624
A0301_KLGGALQAK_IE-1_CMV_binder_TCR_53209,0,0.89715135,0.9665882,0.85316
A0301_KLGGALQAK_IE-1_CMV_binder_TCR_53223,0,0.8971302,0.9535205,0.8615211
A0301_KLGGALQAK_IE-1_CMV_binder_TCR_53234,0,0.89227724,0.91827565,0.7946373
A0301_KLGGALQAK_IE-1_CMV_binder_TCR_53251,0,0.89351124,0.95215356,0.8157785
A0301_KLGGALQAK_IE-1_CMV_binder_TCR_53260,0,0.8969474,0.9571109,0.8270285
A0301_KLGGALQAK_IE-1_CMV_binder_TCR_53265,0,0.89960176,0.9307876,0.8327136
A0301_KLGGALQAK_IE-1_CMV_binder_TCR_53266,0,0.8998,0.9627367,0.8592378
A0301_KLGGALQAK_IE-1_CMV_binder_TCR_53271,0,0.89842635,0.95176077,0.85622156
A0301_KLGGALQAK_IE-1_CMV_binder_TCR_53276,0,0.89835566,0.9481411,0.90446323
A0301_KLGGALQAK_IE-1_CMV_binder_TCR_53287,0,0.9004723,0.94707394,0.8158438
A0301_KLGGALQAK_IE-1_CMV_binder_TCR_53288,0,0.89364845,0.9547176,0.783925
A0301_KLGGALQAK_IE-1_CMV_binder_TCR_53328,0,0.9033129,0.96737534,0.8128957
A0301_KLGGALQAK_IE-1_CMV_binder_TCR_53329,1,0.8963878,0.93032485,0.58879983
A0301_KLGGALQAK_IE-1_CMV_binder_TCR_5336,0,0.90459305,0.9529775,0.86298895
A0301_KLGGALQAK_IE-1_CMV_binder_TCR_53360,0,0.9021446,0.96047884,0.815902
A0301_KLGGALQAK_IE-1_CMV_binder_TCR_53373,0,0.8970779,0.95186883,0.8465548
A0301_KLGGALQAK_IE-1_CMV_binder_TCR_53382,0,0.89804655,0.94477,0.7922585
A0301_KLGGALQAK_IE-1_CMV_binder_TCR_53467,1,0.8945503,0.9157997,0.7242045
A0301_KLGGALQAK_IE-1_CMV_binder_TCR_53469,0,0.89956933,0.95517045,0.8284734
A0301_KLGGALQAK_IE-1_CMV_binder_TCR_53473,0,0.89330375,0.9501216,0.8190252
A0301_KLGGALQAK_IE-1_CMV_binder_TCR_53499,0,0.89564514,0.9366162,0.7605043
A0301_KLGGALQAK_IE-1_CMV_binder_TCR_53517,0,0.8973672,0.92898846,0.7799684
A0301_KLGGALQAK_IE-1_CMV_binder_TCR_53525,0,0.89652205,0.9201633,0.7346772
A0301_KLGGALQAK_IE-1_CMV_binder_TCR_53587,0,0.8949401,0.9416758,0.80588245
A0301_KLGGALQAK_IE-1_CMV_binder_TCR_53592,0,0.8945592,0.9045216,0.75794435
A0301_KLGGALQAK_IE-1_CMV_binder_TCR_53602,0,0.89608335,0.9452444,0.7687047
A0301_KLGGALQAK_IE-1_CMV_binder_TCR_53608,0,0.8965504,0.9350814,0.8699921
A0301_KLGGALQAK_IE-1_CMV_binder_TCR_53639,0,0.90048814,0.96683204,0.85196644
A0301_KLGGALQAK_IE-1_CMV_binder_TCR_53642,0,0.8966086,0.95861983,0.8734345
A0301_KLGGALQAK_IE-1_CMV_binder_TCR_53657,0,0.8934082,0.92196345,0.9237382
A0301_KLGGALQAK_IE-1_CMV_binder_TCR_53685,0,0.9003736,0.94843125,0.7654295
A0301_KLGGALQAK_IE-1_CMV_binder_TCR_53694,0,0.89382315,0.9348874,0.8078222
A0301_KLGGALQAK_IE-1_CMV_binder_TCR_53700,0,0.89963895,0.97093606,0.8332564
A0301_KLGGALQAK_IE-1_CMV_binder_TCR_53720,1,0.8997288,0.95794046,0.8051546
A0301_KLGGALQAK_IE-1_CMV_binder_TCR_53746,0,0.90408134,0.9249119,0.8328167
A0301_KLGGALQAK_IE-1_CMV_binder_TCR_53802,1,0.9034513,0.9531531,0.82191813
A0301_KLGGALQAK_IE-1_CMV_binder_TCR_53809,0,0.8976105,0.96317023,0.718343
A0301_KLGGALQAK_IE-1_CMV_binder_TCR_53840,1,0.8980306,0.95062137,0.8082172
A0301_KLGGALQAK_IE-1_CMV_binder_TCR_53853,1,0.8953812,0.95334643,0.87324834
A0301_KLGGALQAK_IE-1_CMV_binder_TCR_5386,0,0.8988309,0.9551575,0.8500227
A0301_KLGGALQAK_IE-1_CMV_binder_TCR_53861,0,0.89956516,0.9649544,0.8395689
A0301_KLGGALQAK_IE-1_CMV_binder_TCR_53891,0,0.89981925,0.94157875,0.7875222
A0301_KLGGALQAK_IE-1_CMV_binder_TCR_53897,0,0.8954678,0.9359242,0.84381485
A0301_KLGGALQAK_IE-1_CMV_binder_TCR_53898,0,0.8955684,0.9495162,0.74619603
A0301_KLGGALQAK_IE-1_CMV_binder_TCR_53943,1,0.89441824,0.94770765,0.81482375
A0301_KLGGALQAK_IE-1_CMV_binder_TCR_53950,0,0.8971805,0.95822036,0.68690854
A0301_KLGGALQAK_IE-1_CMV_binder_TCR_53954,0,0.8972148,0.9209402,0.82869935
A0301_KLGGALQAK_IE-1_CMV_binder_TCR_53959,0,0.89976335,0.96047443,0.7916322
A0301_KLGGALQAK_IE-1_CMV_binder_TCR_53965,0,0.8989674,0.9681538,0.86741424
A0301_KLGGALQAK_IE-1_CMV_binder_TCR_53976,0,0.9049724,0.98058206,0.81473637
A0301_KLGGALQAK_IE-1_CMV_binder_TCR_53979,0,0.8955852,0.9462348,0.6601811
A0301_KLGGALQAK_IE-1_CMV_binder_TCR_54006,0,0.8954007,0.9384623,0.8168068
A0301_KLGGALQAK_IE-1_CMV_binder_TCR_54019,0,0.8954227,0.9688413,0.7916947
A0301_KLGGALQAK_IE-1_CMV_binder_TCR_54020,0,0.89852417,0.9537855,0.81228673
A0301_KLGGALQAK_IE-1_CMV_binder_TCR_54134,0,0.8997769,0.9563354,0.8694084
A0301_KLGGALQAK_IE-1_CMV_binder_TCR_54182,0,0.8998733,0.970763,0.8407963
A0301_KLGGALQAK_IE-1_CMV_binder_TCR_54198,0,0.9012598,0.9484503,0.85429394
A0301_KLGGALQAK_IE-1_CMV_binder_TCR_54214,0,0.89091265,0.9229538,0.5001254
A0301_KLGGALQAK_IE-1_CMV_binder_TCR_54239,0,0.90249693,0.9582541,0.8870903
A0301_KLGGALQAK_IE-1_CMV_binder_TCR_54256,0,0.8984844,0.95310014,0.8807182
A0301_KLGGALQAK_IE-1_CMV_binder_TCR_54268,1,0.89584446,0.936752,0.79824007
A0301_KLGGALQAK_IE-1_CMV_binder_TCR_54272,0,0.89624506,0.963588,0.81515414
A0301_KLGGALQAK_IE-1_CMV_binder_TCR_54281,0,0.8981392,0.9516491,0.8195312
A0301_KLGGALQAK_IE-1_CMV_binder_TCR_54299,0,0.8958607,0.9421098,0.81579745
A0301_KLGGALQAK_IE-1_CMV_binder_TCR_54300,0,0.9016822,0.95414084,0.83211696
A0301_KLGGALQAK_IE-1_CMV_binder_TCR_54347,0,0.9010659,0.96283585,0.8003453
A0301_KLGGALQAK_IE-1_CMV_binder_TCR_54348,1,0.8950722,0.9091624,0.8069009
A0301_KLGGALQAK_IE-1_CMV_binder_TCR_54366,0,0.89508504,0.93460554,0.6697319
A0301_KLGGALQAK_IE-1_CMV_binder_TCR_54388,0,0.8999743,0.96422046,0.88262665
A0301_KLGGALQAK_IE-1_CMV_binder_TCR_54491,0,0.8986722,0.93784165,0.7923247
A0301_KLGGALQAK_IE-1_CMV_binder_TCR_54501,0,0.89167595,0.91070443,0.7195984
A0301_KLGGALQAK_IE-1_CMV_binder_TCR_54541,0,0.9001672,0.96126163,0.84234285
A0301_KLGGALQAK_IE-1_CMV_binder_TCR_54544,0,0.89903915,0.9508852,0.80673873
A0301_KLGGALQAK_IE-1_CMV_binder_TCR_54558,0,0.8949799,0.94776946,0.81756264
A0301_KLGGALQAK_IE-1_CMV_binder_TCR_54570,0,0.8960221,0.95023984,0.8083817
A0301_KLGGALQAK_IE-1_CMV_binder_TCR_54581,0,0.8993106,0.9726724,0.7173391
A0301_KLGGALQAK_IE-1_CMV_binder_TCR_54586,0,0.8965884,0.940144,0.7473119
A0301_KLGGALQAK_IE-1_CMV_binder_TCR_54610,0,0.89915866,0.9498543,0.85516626
A0301_KLGGALQAK_IE-1_CMV_binder_TCR_54615,0,0.8981925,0.9453199,0.7572297
A0301_KLGGALQAK_IE-1_CMV_binder_TCR_54640,0,0.90118563,0.9610287,0.8710391
A0301_KLGGALQAK_IE-1_CMV_binder_TCR_54699,0,0.8956944,0.9458254,0.82126814
A0301_KLGGALQAK_IE-1_CMV_binder_TCR_54701,0,0.90119475,0.9723962,0.84393376
A0301_KLGGALQAK_IE-1_CMV_binder_TCR_54705,0,0.9008469,0.9637804,0.8159861
A0301_KLGGALQAK_IE-1_CMV_binder_TCR_54732,0,0.89626765,0.9583079,0.77634025
A0301_KLGGALQAK_IE-1_CMV_binder_TCR_54741,1,0.89817077,0.95721126,0.8004265
A0301_KLGGALQAK_IE-1_CMV_binder_TCR_5476,0,0.8991015,0.9543112,0.81662697
A0301_KLGGALQAK_IE-1_CMV_binder_TCR_54765,0,0.8978134,0.93384904,0.74896234
A0301_KLGGALQAK_IE-1_CMV_binder_TCR_54789,0,0.89498025,0.9228725,0.74544173
A0301_KLGGALQAK_IE-1_CMV_binder_TCR_54796,1,0.89987105,0.9601849,0.896379
A0301_KLGGALQAK_IE-1_CMV_binder_TCR_54797,0,0.8986056,0.952525,0.93110895
A0301_KLGGALQAK_IE-1_CMV_binder_TCR_5480,1,0.8994817,0.920999,0.81966805
A0301_KLGGALQAK_IE-1_CMV_binder_TCR_54828,0,0.893345,0.9222245,0.90532005
A0301_KLGGALQAK_IE-1_CMV_binder_TCR_54856,0,0.89504117,0.9165204,0.7989636
A0301_KLGGALQAK_IE-1_CMV_binder_TCR_5486,0,0.8960436,0.95625573,0.76717055
A0301_KLGGALQAK_IE-1_CMV_binder_TCR_54889,0,0.9023157,0.95422506,0.85640705
A0301_KLGGALQAK_IE-1_CMV_binder_TCR_5491,0,0.8983154,0.9530426,0.8701311
A0301_KLGGALQAK_IE-1_CMV_binder_TCR_54932,0,0.89823246,0.95717686,0.8649305
A0301_KLGGALQAK_IE-1_CMV_binder_TCR_54947,0,0.8948957,0.8978151,0.67709446
A0301_KLGGALQAK_IE-1_CMV_binder_TCR_54949,0,0.9015613,0.94883,0.8142685
A0301_KLGGALQAK_IE-1_CMV_binder_TCR_54970,1,0.9006103,0.9501503,0.83578426
A0301_KLGGALQAK_IE-1_CMV_binder_TCR_54972,0,0.89940834,0.9584603,0.8232379
A0301_KLGGALQAK_IE-1_CMV_binder_TCR_5500,0,0.8979736,0.9608064,0.73502165
A0301_KLGGALQAK_IE-1_CMV_binder_TCR_5502,0,0.90311897,0.93852293,0.8361071
A0301_KLGGALQAK_IE-1_CMV_binder_TCR_55063,0,0.8983823,0.9532025,0.9100111
A0301_KLGGALQAK_IE-1_CMV_binder_TCR_55068,0,0.89881116,0.9691356,0.83030796
A0301_KLGGALQAK_IE-1_CMV_binder_TCR_55123,0,0.89980775,0.9360585,0.79118437
A0301_KLGGALQAK_IE-1_CMV_binder_TCR_55129,0,0.8988963,0.9541965,0.8170436
A0301_KLGGALQAK_IE-1_CMV_binder_TCR_55139,0,0.8973898,0.933506,0.8556265
A0301_KLGGALQAK_IE-1_CMV_binder_TCR_55162,1,0.90202975,0.9339225,0.81084573
A0301_KLGGALQAK_IE-1_CMV_binder_TCR_5517,0,0.89695066,0.9625901,0.86055046
A0301_KLGGALQAK_IE-1_CMV_binder_TCR_55197,1,0.8980047,0.96322656,0.88562435
A0301_KLGGALQAK_IE-1_CMV_binder_TCR_55220,0,0.89830595,0.9562095,0.8541826
A0301_KLGGALQAK_IE-1_CMV_binder_TCR_55226,0,0.89545166,0.95153296,0.47278473
A0301_KLGGALQAK_IE-1_CMV_binder_TCR_55251,1,0.9006453,0.9651393,0.82458687
A0301_KLGGALQAK_IE-1_CMV_binder_TCR_55255,0,0.90080976,0.9584804,0.826817
A0301_KLGGALQAK_IE-1_CMV_binder_TCR_5527,1,0.8944555,0.952478,0.81150126
A0301_KLGGALQAK_IE-1_CMV_binder_TCR_55278,0,0.90166247,0.9695426,0.8742295
A0301_KLGGALQAK_IE-1_CMV_binder_TCR_55286,0,0.90041894,0.95893586,0.8621064
A0301_KLGGALQAK_IE-1_CMV_binder_TCR_55306,0,0.9042233,0.95364755,0.8198756
A0301_KLGGALQAK_IE-1_CMV_binder_TCR_55354,0,0.90048283,0.9760134,0.8856762
A0301_KLGGALQAK_IE-1_CMV_binder_TCR_55368,0,0.89838165,0.95962006,0.771524
A0301_KLGGALQAK_IE-1_CMV_binder_TCR_55384,0,0.8964547,0.95066684,0.6763611
A0301_KLGGALQAK_IE-1_CMV_binder_TCR_55394,0,0.89214736,0.93599063,0.33520895
A0301_KLGGALQAK_IE-1_CMV_binder_TCR_55419,0,0.8996654,0.93335444,0.5496884
A0301_KLGGALQAK_IE-1_CMV_binder_TCR_55451,0,0.90201014,0.95644784,0.83008236
A0301_KLGGALQAK_IE-1_CMV_binder_TCR_55457,1,0.90120035,0.940822,0.59914076
A0301_KLGGALQAK_IE-1_CMV_binder_TCR_55461,0,0.90303326,0.9578709,0.76728606
A0301_KLGGALQAK_IE-1_CMV_binder_TCR_5547,1,0.90535563,0.95187825,0.8990007
A0301_KLGGALQAK_IE-1_CMV_binder_TCR_55518,1,0.8934761,0.9293593,0.33157918
A0301_KLGGALQAK_IE-1_CMV_binder_TCR_55543,1,0.8988903,0.9402558,0.81997615
A0301_KLGGALQAK_IE-1_CMV_binder_TCR_55563,0,0.8979883,0.9604807,0.84198076
A0301_KLGGALQAK_IE-1_CMV_binder_TCR_55583,0,0.8947195,0.9480455,0.7876831
A0301_KLGGALQAK_IE-1_CMV_binder_TCR_55588,0,0.8980919,0.96356845,0.7595834
A0301_KLGGALQAK_IE-1_CMV_binder_TCR_5559,0,0.90088683,0.962911,0.8531159
A0301_KLGGALQAK_IE-1_CMV_binder_TCR_55608,0,0.9046297,0.9682224,0.84476084
A0301_KLGGALQAK_IE-1_CMV_binder_TCR_55637,0,0.89756024,0.9420018,0.83761317
A0301_KLGGALQAK_IE-1_CMV_binder_TCR_55669,0,0.8969559,0.94963884,0.72775126
A0301_KLGGALQAK_IE-1_CMV_binder_TCR_55677,0,0.8984329,0.96517974,0.6995147
A0301_KLGGALQAK_IE-1_CMV_binder_TCR_55686,0,0.8957285,0.927031,0.55663794
A0301_KLGGALQAK_IE-1_CMV_binder_TCR_55688,0,0.9007758,0.936505,0.7341849
A0301_KLGGALQAK_IE-1_CMV_binder_TCR_55699,0,0.8942832,0.9385351,0.8045086
A0301_KLGGALQAK_IE-1_CMV_binder_TCR_55702,0,0.8985688,0.9550946,0.78070986
A0301_KLGGALQAK_IE-1_CMV_binder_TCR_55712,0,0.8999581,0.92376953,0.82632554
A0301_KLGGALQAK_IE-1_CMV_binder_TCR_55715,1,0.896212,0.9486982,0.75777066
A0301_KLGGALQAK_IE-1_CMV_binder_TCR_55718,0,0.9039911,0.9687072,0.90957755
A0301_KLGGALQAK_IE-1_CMV_binder_TCR_55764,0,0.8982026,0.941706,0.76045734
A0301_KLGGALQAK_IE-1_CMV_binder_TCR_55778,1,0.90097976,0.94515467,0.79816234
A0301_KLGGALQAK_IE-1_CMV_binder_TCR_55781,0,0.8975984,0.96178955,0.7720003
A0301_KLGGALQAK_IE-1_CMV_binder_TCR_55791,0,0.89982396,0.9676914,0.8384068
A0301_KLGGALQAK_IE-1_CMV_binder_TCR_55794,0,0.8989296,0.9566816,0.79443085
A0301_KLGGALQAK_IE-1_CMV_binder_TCR_55799,0,0.9025391,0.9641277,0.8902957
A0301_KLGGALQAK_IE-1_CMV_binder_TCR_55800,0,0.9023975,0.955126,0.87269104
A0301_KLGGALQAK_IE-1_CMV_binder_TCR_55801,0,0.89483446,0.94035417,0.8093079
A0301_KLGGALQAK_IE-1_CMV_binder_TCR_55819,0,0.8967464,0.92643833,0.7931335
A0301_KLGGALQAK_IE-1_CMV_binder_TCR_55837,0,0.8948352,0.91219014,0.7093047
A0301_KLGGALQAK_IE-1_CMV_binder_TCR_55848,0,0.8996283,0.96059763,0.8087362
A0301_KLGGALQAK_IE-1_CMV_binder_TCR_55858,0,0.89937997,0.9464654,0.8051523
A0301_KLGGALQAK_IE-1_CMV_binder_TCR_55894,0,0.90205556,0.9605861,0.8706399
A0301_KLGGALQAK_IE-1_CMV_binder_TCR_55942,0,0.8941848,0.9266603,0.91414326
A0301_KLGGALQAK_IE-1_CMV_binder_TCR_55944,0,0.89601636,0.9459749,0.78717613
A0301_KLGGALQAK_IE-1_CMV_binder_TCR_55958,0,0.90049636,0.9696414,0.88196146
A0301_KLGGALQAK_IE-1_CMV_binder_TCR_5596,0,0.9062334,0.96669155,0.885024
A0301_KLGGALQAK_IE-1_CMV_binder_TCR_55971,0,0.89982486,0.95302075,0.79167867
A0301_KLGGALQAK_IE-1_CMV_binder_TCR_55972,0,0.896235,0.94840854,0.84199
A0301_KLGGALQAK_IE-1_CMV_binder_TCR_55991,1,0.90378743,0.92642564,0.7995003
A0301_KLGGALQAK_IE-1_CMV_binder_TCR_56000,0,0.89423245,0.9453291,0.8497168
A0301_KLGGALQAK_IE-1_CMV_binder_TCR_56031,0,0.8978617,0.9361199,0.7263102
A0301_KLGGALQAK_IE-1_CMV_binder_TCR_56038,0,0.89673674,0.95543617,0.8196281
A0301_KLGGALQAK_IE-1_CMV_binder_TCR_56042,0,0.89982396,0.964095,0.9106769
A0301_KLGGALQAK_IE-1_CMV_binder_TCR_56086,0,0.89440477,0.8866787,0.79262716
A0301_KLGGALQAK_IE-1_CMV_binder_TCR_561,1,0.8957757,0.8997454,0.7054362
A0301_KLGGALQAK_IE-1_CMV_binder_TCR_56179,1,0.8951077,0.9576066,0.75198275
A0301_KLGGALQAK_IE-1_CMV_binder_TCR_56205,1,0.89481676,0.9503517,0.7940788
A0301_KLGGALQAK_IE-1_CMV_binder_TCR_5621,0,0.90101963,0.95999324,0.78264046
A0301_KLGGALQAK_IE-1_CMV_binder_TCR_56259,0,0.8992563,0.96062756,0.8651834
A0301_KLGGALQAK_IE-1_CMV_binder_TCR_56276,0,0.9017502,0.95605326,0.81839824
A0301_KLGGALQAK_IE-1_CMV_binder_TCR_56284,0,0.9018864,0.9493715,0.8434638
A0301_KLGGALQAK_IE-1_CMV_binder_TCR_56355,0,0.8981076,0.9186526,0.7796429
A0301_KLGGALQAK_IE-1_CMV_binder_TCR_56370,0,0.89563894,0.94160414,0.77855414
A0301_KLGGALQAK_IE-1_CMV_binder_TCR_56404,0,0.89854735,0.9636684,0.90229386
A0301_KLGGALQAK_IE-1_CMV_binder_TCR_56432,0,0.9000523,0.95791674,0.7224845
A0301_KLGGALQAK_IE-1_CMV_binder_TCR_56433,0,0.90011823,0.9743456,0.8402889
A0301_KLGGALQAK_IE-1_CMV_binder_TCR_56436,0,0.89542794,0.9629717,0.73826176
A0301_KLGGALQAK_IE-1_CMV_binder_TCR_56446,1,0.89934623,0.9517495,0.88789874
A0301_KLGGALQAK_IE-1_CMV_binder_TCR_56449,0,0.89983064,0.96462005,0.79050195
A0301_KLGGALQAK_IE-1_CMV_binder_TCR_56458,0,0.89630085,0.95478934,0.8019341
A0301_KLGGALQAK_IE-1_CMV_binder_TCR_56479,1,0.89803994,0.9676463,0.7898677
A0301_KLGGALQAK_IE-1_CMV_binder_TCR_56539,0,0.8994138,0.96694684,0.89035076
A0301_KLGGALQAK_IE-1_CMV_binder_TCR_56541,0,0.8976259,0.9461207,0.8218339
A0301_KLGGALQAK_IE-1_CMV_binder_TCR_56550,1,0.9017356,0.9791718,0.8794186
A0301_KLGGALQAK_IE-1_CMV_binder_TCR_56577,0,0.8980199,0.9496655,0.78267753
A0301_KLGGALQAK_IE-1_CMV_binder_TCR_56613,1,0.8968282,0.9490794,0.79142636
A0301_KLGGALQAK_IE-1_CMV_binder_TCR_56631,0,0.9020919,0.9674063,0.8742614
A0301_KLGGALQAK_IE-1_CMV_binder_TCR_56638,0,0.9024378,0.97172743,0.8410794
A0301_KLGGALQAK_IE-1_CMV_binder_TCR_56661,0,0.8956344,0.95646125,0.6947972
A0301_KLGGALQAK_IE-1_CMV_binder_TCR_56668,0,0.9039913,0.9675705,0.87619054
A0301_KLGGALQAK_IE-1_CMV_binder_TCR_56683,0,0.9012678,0.9784088,0.84594816
A0301_KLGGALQAK_IE-1_CMV_binder_TCR_56696,0,0.89661664,0.96126544,0.74551105
A0301_KLGGALQAK_IE-1_CMV_binder_TCR_56738,0,0.8975175,0.9767371,0.91591716
A0301_KLGGALQAK_IE-1_CMV_binder_TCR_56749,0,0.90130025,0.9592307,0.8720366
A0301_KLGGALQAK_IE-1_CMV_binder_TCR_56780,0,0.90477806,0.9743478,0.9173118
A0301_KLGGALQAK_IE-1_CMV_binder_TCR_5679,1,0.89685875,0.9611605,0.8391356
A0301_KLGGALQAK_IE-1_CMV_binder_TCR_56800,0,0.9027302,0.96913993,0.8374122
A0301_KLGGALQAK_IE-1_CMV_binder_TCR_56808,0,0.9026492,0.9543291,0.8159226
A0301_KLGGALQAK_IE-1_CMV_binder_TCR_56832,0,0.89965385,0.96188974,0.84273446
A0301_KLGGALQAK_IE-1_CMV_binder_TCR_56905,0,0.8974361,0.9301431,0.9501359
A0301_KLGGALQAK_IE-1_CMV_binder_TCR_56922,0,0.8988569,0.9699505,0.83368444
A0301_KLGGALQAK_IE-1_CMV_binder_TCR_56927,1,0.9021783,0.97197366,0.8170113
A0301_KLGGALQAK_IE-1_CMV_binder_TCR_56942,0,0.89574987,0.9666872,0.82520354
A0301_KLGGALQAK_IE-1_CMV_binder_TCR_56949,0,0.90051967,0.95598996,0.88214445
A0301_KLGGALQAK_IE-1_CMV_binder_TCR_56965,0,0.8994127,0.97074497,0.85396904
A0301_KLGGALQAK_IE-1_CMV_binder_TCR_570,0,0.90219915,0.91374457,0.79433566
A0301_KLGGALQAK_IE-1_CMV_binder_TCR_5702,1,0.89624876,0.9578928,0.840404
A0301_KLGGALQAK_IE-1_CMV_binder_TCR_57031,0,0.90053463,0.9647177,0.8334848
A0301_KLGGALQAK_IE-1_CMV_binder_TCR_57052,0,0.89966476,0.9768307,0.94810057
A0301_KLGGALQAK_IE-1_CMV_binder_TCR_57097,0,0.8988383,0.95056695,0.8019306
A0301_KLGGALQAK_IE-1_CMV_binder_TCR_5714,0,0.8944273,0.9501574,0.6067823
A0301_KLGGALQAK_IE-1_CMV_binder_TCR_57208,0,0.8994107,0.95368624,0.8010057
A0301_KLGGALQAK_IE-1_CMV_binder_TCR_57239,0,0.89684767,0.96452135,0.7731282
A0301_KLGGALQAK_IE-1_CMV_binder_TCR_57241,0,0.90122825,0.9500388,0.81734794
A0301_KLGGALQAK_IE-1_CMV_binder_TCR_57247,0,0.8950326,0.9586886,0.62489474
A0301_KLGGALQAK_IE-1_CMV_binder_TCR_57253,0,0.8980649,0.95111674,0.8414115
A0301_KLGGALQAK_IE-1_CMV_binder_TCR_57315,0,0.89548594,0.97410685,0.8303165
A0301_KLGGALQAK_IE-1_CMV_binder_TCR_57323,1,0.899558,0.975744,0.91847
A0301_KLGGALQAK_IE-1_CMV_binder_TCR_57363,0,0.8913498,0.90378976,0.647493
A0301_KLGGALQAK_IE-1_CMV_binder_TCR_57368,0,0.896749,0.95322764,0.86100686
A0301_KLGGALQAK_IE-1_CMV_binder_TCR_57387,0,0.8973825,0.9323429,0.7472334
A0301_KLGGALQAK_IE-1_CMV_binder_TCR_57402,0,0.8973909,0.9394245,0.7328533
A0301_KLGGALQAK_IE-1_CMV_binder_TCR_57412,0,0.9030264,0.9664429,0.8582438
A0301_KLGGALQAK_IE-1_CMV_binder_TCR_5744,1,0.89774096,0.9346443,0.7692606
A0301_KLGGALQAK_IE-1_CMV_binder_TCR_57488,0,0.89684725,0.9345057,0.74889195
A0301_KLGGALQAK_IE-1_CMV_binder_TCR_57504,0,0.89765465,0.969186,0.73766875
A0301_KLGGALQAK_IE-1_CMV_binder_TCR_5753,1,0.89682543,0.91745174,0.7201005
A0301_KLGGALQAK_IE-1_CMV_binder_TCR_57545,0,0.90160215,0.9613318,0.86844635
A0301_KLGGALQAK_IE-1_CMV_binder_TCR_57669,0,0.8984907,0.95905364,0.8187622
A0301_KLGGALQAK_IE-1_CMV_binder_TCR_57673,0,0.89989233,0.96229684,0.82443964
A0301_KLGGALQAK_IE-1_CMV_binder_TCR_57698,1,0.901678,0.96074986,0.8126946
A0301_KLGGALQAK_IE-1_CMV_binder_TCR_57716,0,0.89373183,0.9599395,0.72168005
A0301_KLGGALQAK_IE-1_CMV_binder_TCR_57718,0,0.8995059,0.9680464,0.87192327
A0301_KLGGALQAK_IE-1_CMV_binder_TCR_57724,0,0.9007519,0.9669223,0.86121255
A0301_KLGGALQAK_IE-1_CMV_binder_TCR_5775,1,0.8971574,0.91432977,0.7846922
A0301_KLGGALQAK_IE-1_CMV_binder_TCR_57751,0,0.8982327,0.9687533,0.78728056
A0301_KLGGALQAK_IE-1_CMV_binder_TCR_57777,0,0.902797,0.9548457,0.85854316
A0301_KLGGALQAK_IE-1_CMV_binder_TCR_5780,0,0.897635,0.95053947,0.815726
A0301_KLGGALQAK_IE-1_CMV_binder_TCR_57819,0,0.89871675,0.94831216,0.78387
A0301_KLGGALQAK_IE-1_CMV_binder_TCR_57820,0,0.9012537,0.9753307,0.9145456
A0301_KLGGALQAK_IE-1_CMV_binder_TCR_57824,0,0.89262635,0.9438047,0.807972
A0301_KLGGALQAK_IE-1_CMV_binder_TCR_57826,0,0.89549774,0.9441677,0.80088466
A0301_KLGGALQAK_IE-1_CMV_binder_TCR_5783,0,0.9013875,0.9571787,0.869879
A0301_KLGGALQAK_IE-1_CMV_binder_TCR_57832,0,0.8950376,0.9051801,0.718275
A0301_KLGGALQAK_IE-1_CMV_binder_TCR_57838,1,0.9016304,0.9737934,0.9036397
A0301_KLGGALQAK_IE-1_CMV_binder_TCR_57874,1,0.9005049,0.9661528,0.82802534
A0301_KLGGALQAK_IE-1_CMV_binder_TCR_57896,0,0.8987594,0.9511202,0.83534825
A0301_KLGGALQAK_IE-1_CMV_binder_TCR_57900,0,0.90264183,0.9511357,0.8484944
A0301_KLGGALQAK_IE-1_CMV_binder_TCR_57954,0,0.8965301,0.9602918,0.69959205
A0301_KLGGALQAK_IE-1_CMV_binder_TCR_57976,0,0.9004119,0.95172644,0.8390243
A0301_KLGGALQAK_IE-1_CMV_binder_TCR_57996,0,0.89722586,0.95027,0.85301733
A0301_KLGGALQAK_IE-1_CMV_binder_TCR_58017,0,0.8988128,0.9527242,0.83930385
A0301_KLGGALQAK_IE-1_CMV_binder_TCR_58057,0,0.8990396,0.95950204,0.8370548
A0301_KLGGALQAK_IE-1_CMV_binder_TCR_58093,0,0.8986447,0.9549289,0.92155933
A0301_KLGGALQAK_IE-1_CMV_binder_TCR_58108,0,0.8946125,0.9422358,0.686026
A0301_KLGGALQAK_IE-1_CMV_binder_TCR_58149,0,0.8968793,0.9410768,0.8723886
A0301_KLGGALQAK_IE-1_CMV_binder_TCR_58163,0,0.8928029,0.934623,0.4055818
A0301_KLGGALQAK_IE-1_CMV_binder_TCR_58248,0,0.89814043,0.97570115,0.8752093
A0301_KLGGALQAK_IE-1_CMV_binder_TCR_5826,1,0.89969224,0.9514653,0.8133422
A0301_KLGGALQAK_IE-1_CMV_binder_TCR_58273,0,0.8955619,0.9596739,0.8322241
A0301_KLGGALQAK_IE-1_CMV_binder_TCR_5833,0,0.89808327,0.93373436,0.77205837
A0301_KLGGALQAK_IE-1_CMV_binder_TCR_58344,0,0.90256023,0.96039724,0.8458672
A0301_KLGGALQAK_IE-1_CMV_binder_TCR_58367,1,0.90087116,0.963568,0.83123654
A0301_KLGGALQAK_IE-1_CMV_binder_TCR_58388,0,0.90202606,0.9645126,0.8590029
A0301_KLGGALQAK_IE-1_CMV_binder_TCR_58395,0,0.89537144,0.94950277,0.87046623
A0301_KLGGALQAK_IE-1_CMV_binder_TCR_58401,0,0.90076214,0.92822695,0.779117
A0301_KLGGALQAK_IE-1_CMV_binder_TCR_58470,0,0.9023149,0.9637833,0.87590575
A0301_KLGGALQAK_IE-1_CMV_binder_TCR_58479,1,0.89948773,0.96620065,0.8494739
A0301_KLGGALQAK_IE-1_CMV_binder_TCR_58481,0,0.8985791,0.9535826,0.8001217
A0301_KLGGALQAK_IE-1_CMV_binder_TCR_58509,0,0.9015178,0.95915437,0.8432465
A0301_KLGGALQAK_IE-1_CMV_binder_TCR_58526,0,0.8960217,0.9519878,0.73351485
A0301_KLGGALQAK_IE-1_CMV_binder_TCR_58569,0,0.89817053,0.9603495,0.8008103
A0301_KLGGALQAK_IE-1_CMV_binder_TCR_58581,0,0.89972955,0.9453152,0.72600466
A0301_KLGGALQAK_IE-1_CMV_binder_TCR_58583,0,0.8986122,0.9580079,0.7942094
A0301_KLGGALQAK_IE-1_CMV_binder_TCR_58623,0,0.90454143,0.9625353,0.85206455
A0301_KLGGALQAK_IE-1_CMV_binder_TCR_5863,0,0.9015652,0.9403214,0.84820867
A0301_KLGGALQAK_IE-1_CMV_binder_TCR_58666,0,0.9019649,0.9616668,0.8483726
A0301_KLGGALQAK_IE-1_CMV_binder_TCR_58670,0,0.8921808,0.9407524,0.94630504
A0301_KLGGALQAK_IE-1_CMV_binder_TCR_58675,0,0.89882404,0.95031434,0.8571723
A0301_KLGGALQAK_IE-1_CMV_binder_TCR_58677,1,0.8980283,0.9532152,0.83588624
A0301_KLGGALQAK_IE-1_CMV_binder_TCR_58708,1,0.89665323,0.93917555,0.8171259
A0301_KLGGALQAK_IE-1_CMV_binder_TCR_58710,0,0.8991656,0.9253546,0.81805235
A0301_KLGGALQAK_IE-1_CMV_binder_TCR_5873,0,0.8973854,0.95387137,0.8056817
A0301_KLGGALQAK_IE-1_CMV_binder_TCR_58749,0,0.8987799,0.92996573,0.8141932
A0301_KLGGALQAK_IE-1_CMV_binder_TCR_58800,0,0.8957399,0.9661568,0.7728698
A0301_KLGGALQAK_IE-1_CMV_binder_TCR_58807,0,0.89924693,0.9443382,0.8515924
A0301_KLGGALQAK_IE-1_CMV_binder_TCR_58813,0,0.8992695,0.9661469,0.8113494
A0301_KLGGALQAK_IE-1_CMV_binder_TCR_58829,0,0.8940241,0.93421364,0.8603564
A0301_KLGGALQAK_IE-1_CMV_binder_TCR_58844,0,0.89491373,0.94673973,0.87262326
A0301_KLGGALQAK_IE-1_CMV_binder_TCR_58894,0,0.8958982,0.9531623,0.7839353
A0301_KLGGALQAK_IE-1_CMV_binder_TCR_58917,0,0.8965969,0.9481755,0.85890746
A0301_KLGGALQAK_IE-1_CMV_binder_TCR_58923,0,0.9023157,0.9664382,0.85002124
A0301_KLGGALQAK_IE-1_CMV_binder_TCR_58924,0,0.90049344,0.96353835,0.8690354
A0301_KLGGALQAK_IE-1_CMV_binder_TCR_58929,0,0.8965963,0.9531571,0.79630804
A0301_KLGGALQAK_IE-1_CMV_binder_TCR_58962,0,0.89529043,0.9301169,0.8083283
A0301_KLGGALQAK_IE-1_CMV_binder_TCR_5898,0,0.89616835,0.95527524,0.7016966
A0301_KLGGALQAK_IE-1_CMV_binder_TCR_58990,0,0.8959655,0.9541437,0.8266603
A0301_KLGGALQAK_IE-1_CMV_binder_TCR_59010,0,0.90061235,0.96873146,0.85565865
A0301_KLGGALQAK_IE-1_CMV_binder_TCR_59021,0,0.89977235,0.9379207,0.83418703
A0301_KLGGALQAK_IE-1_CMV_binder_TCR_59022,0,0.8993537,0.97322875,0.8032241
A0301_KLGGALQAK_IE-1_CMV_binder_TCR_59027,0,0.9051633,0.9560966,0.8607114
A0301_KLGGALQAK_IE-1_CMV_binder_TCR_59035,0,0.89911085,0.96375704,0.86469084
A0301_KLGGALQAK_IE-1_CMV_binder_TCR_59063,0,0.8929825,0.93151,0.81209505
A0301_KLGGALQAK_IE-1_CMV_binder_TCR_5909,0,0.901755,0.9654548,0.8454984
A0301_KLGGALQAK_IE-1_CMV_binder_TCR_59103,0,0.8984866,0.94993895,0.8126072
A0301_KLGGALQAK_IE-1_CMV_binder_TCR_59113,0,0.8998728,0.94263875,0.7806917
A0301_KLGGALQAK_IE-1_CMV_binder_TCR_59115,0,0.8966299,0.9516042,0.81575024
A0301_KLGGALQAK_IE-1_CMV_binder_TCR_59141,0,0.8991309,0.9137283,0.8175472
A0301_KLGGALQAK_IE-1_CMV_binder_TCR_59155,0,0.90035725,0.9565744,0.8349069
A0301_KLGGALQAK_IE-1_CMV_binder_TCR_59162,0,0.90180665,0.9564778,0.80128324
A0301_KLGGALQAK_IE-1_CMV_binder_TCR_59175,1,0.9014081,0.95985824,0.8197555
A0301_KLGGALQAK_IE-1_CMV_binder_TCR_59193,0,0.9025642,0.96719074,0.911497
A0301_KLGGALQAK_IE-1_CMV_binder_TCR_59195,0,0.9000638,0.9559933,0.79797274
A0301_KLGGALQAK_IE-1_CMV_binder_TCR_59200,0,0.89728075,0.94413996,0.8085218
A0301_KLGGALQAK_IE-1_CMV_binder_TCR_59229,0,0.89890593,0.9467686,0.86259973
A0301_KLGGALQAK_IE-1_CMV_binder_TCR_59249,0,0.9025959,0.9649143,0.8405079
A0301_KLGGALQAK_IE-1_CMV_binder_TCR_59261,0,0.89611524,0.9534093,0.78440106
A0301_KLGGALQAK_IE-1_CMV_binder_TCR_59281,0,0.89584666,0.9385746,0.8226603
A0301_KLGGALQAK_IE-1_CMV_binder_TCR_59282,0,0.902471,0.96265686,0.8347087
A0301_KLGGALQAK_IE-1_CMV_binder_TCR_59300,1,0.8971138,0.9248641,0.7191871
A0301_KLGGALQAK_IE-1_CMV_binder_TCR_59306,0,0.8966756,0.94138896,0.76293516
A0301_KLGGALQAK_IE-1_CMV_binder_TCR_59307,0,0.9020206,0.95870703,0.83056855
A0301_KLGGALQAK_IE-1_CMV_binder_TCR_59322,0,0.9020883,0.9740612,0.8713174
A0301_KLGGALQAK_IE-1_CMV_binder_TCR_59385,1,0.8993896,0.95812714,0.8763894
A0301_KLGGALQAK_IE-1_CMV_binder_TCR_59392,0,0.90040183,0.94530094,0.8323835
A0301_KLGGALQAK_IE-1_CMV_binder_TCR_59397,1,0.8984663,0.960585,0.77027005
A0301_KLGGALQAK_IE-1_CMV_binder_TCR_59400,0,0.9003902,0.9623975,0.8507527
A0301_KLGGALQAK_IE-1_CMV_binder_TCR_59404,0,0.89555556,0.89903075,0.6627132
A0301_KLGGALQAK_IE-1_CMV_binder_TCR_59413,0,0.898034,0.9661995,0.8307198
A0301_KLGGALQAK_IE-1_CMV_binder_TCR_59443,0,0.90292245,0.97182703,0.8610829
A0301_KLGGALQAK_IE-1_CMV_binder_TCR_5947,1,0.9015009,0.9622285,0.84923255
A0301_KLGGALQAK_IE-1_CMV_binder_TCR_5951,1,0.9009798,0.9614215,0.8601416
A0301_KLGGALQAK_IE-1_CMV_binder_TCR_59511,0,0.8996283,0.9689858,0.75184536
A0301_KLGGALQAK_IE-1_CMV_binder_TCR_59513,0,0.9003259,0.9592429,0.8952488
A0301_KLGGALQAK_IE-1_CMV_binder_TCR_59546,0,0.8995863,0.9425563,0.82589686
A0301_KLGGALQAK_IE-1_CMV_binder_TCR_59553,0,0.8986155,0.9554432,0.8023965
A0301_KLGGALQAK_IE-1_CMV_binder_TCR_5960,0,0.9005529,0.9249111,0.94910336
A0301_KLGGALQAK_IE-1_CMV_binder_TCR_59601,0,0.8942273,0.92847353,0.8253041
A0301_KLGGALQAK_IE-1_CMV_binder_TCR_59606,0,0.89871854,0.95598936,0.79955333
A0301_KLGGALQAK_IE-1_CMV_binder_TCR_59649,0,0.89288986,0.87810534,0.4824228
A0301_KLGGALQAK_IE-1_CMV_binder_TCR_59658,0,0.8977021,0.9147137,0.6928482
A0301_KLGGALQAK_IE-1_CMV_binder_TCR_5966,0,0.89858896,0.93184257,0.7593977
A0301_KLGGALQAK_IE-1_CMV_binder_TCR_5968,0,0.89937043,0.94504714,0.78883153
A0301_KLGGALQAK_IE-1_CMV_binder_TCR_59683,0,0.8990006,0.9084741,0.6606871
A0301_KLGGALQAK_IE-1_CMV_binder_TCR_59712,0,0.89583766,0.9160129,0.69217575
A0301_KLGGALQAK_IE-1_CMV_binder_TCR_59728,0,0.8988093,0.88570046,0.6453538
A0301_KLGGALQAK_IE-1_CMV_binder_TCR_59742,1,0.89565,0.894159,0.7117373
A0301_KLGGALQAK_IE-1_CMV_binder_TCR_59758,0,0.90030855,0.93694746,0.72686845
A0301_KLGGALQAK_IE-1_CMV_binder_TCR_59779,0,0.9000635,0.93679506,0.80577785
A0301_KLGGALQAK_IE-1_CMV_binder_TCR_59791,1,0.8996826,0.8814202,0.6417846
A0301_KLGGALQAK_IE-1_CMV_binder_TCR_598,0,0.8998611,0.9466276,0.8380234
A0301_KLGGALQAK_IE-1_CMV_binder_TCR_59808,0,0.89790994,0.92221683,0.6556016
A0301_KLGGALQAK_IE-1_CMV_binder_TCR_59811,0,0.8958039,0.938937,0.69774324
A0301_KLGGALQAK_IE-1_CMV_binder_TCR_59818,0,0.89787334,0.9009636,0.6856264
A0301_KLGGALQAK_IE-1_CMV_binder_TCR_59835,0,0.89170474,0.84149855,0.5536009
A0301_KLGGALQAK_IE-1_CMV_binder_TCR_59850,0,0.900469,0.9627238,0.85483503
A0301_KLGGALQAK_IE-1_CMV_binder_TCR_59859,0,0.89790076,0.9656286,0.8110829
A0301_KLGGALQAK_IE-1_CMV_binder_TCR_59863,0,0.8997002,0.9533097,0.82836866
A0301_KLGGALQAK_IE-1_CMV_binder_TCR_59909,0,0.8972387,0.9542463,0.8527905
A0301_KLGGALQAK_IE-1_CMV_binder_TCR_59936,0,0.89369327,0.87477714,0.52459437
A0301_KLGGALQAK_IE-1_CMV_binder_TCR_59961,0,0.9010114,0.9589692,0.87617683
A0301_KLGGALQAK_IE-1_CMV_binder_TCR_5997,0,0.8956402,0.9471056,0.7409017
A0301_KLGGALQAK_IE-1_CMV_binder_TCR_5998,1,0.900757,0.96086246,0.8989203
A0301_KLGGALQAK_IE-1_CMV_binder_TCR_59982,1,0.89757377,0.9530472,0.8362225
A0301_KLGGALQAK_IE-1_CMV_binder_TCR_59992,0,0.8986239,0.9616958,0.8153542
A0301_KLGGALQAK_IE-1_CMV_binder_TCR_60013,0,0.8964954,0.95647955,0.7946677
A0301_KLGGALQAK_IE-1_CMV_binder_TCR_60032,1,0.8961022,0.954128,0.6856362
A0301_KLGGALQAK_IE-1_CMV_binder_TCR_60035,0,0.8981603,0.961887,0.87460786
A0301_KLGGALQAK_IE-1_CMV_binder_TCR_60040,0,0.8991712,0.9511582,0.74810666
A0301_KLGGALQAK_IE-1_CMV_binder_TCR_60051,0,0.89539754,0.9506035,0.7607531
A0301_KLGGALQAK_IE-1_CMV_binder_TCR_60052,0,0.89938945,0.97232085,0.76065856
A0301_KLGGALQAK_IE-1_CMV_binder_TCR_60074,0,0.8983851,0.93236506,0.80190223
A0301_KLGGALQAK_IE-1_CMV_binder_TCR_60136,0,0.8968781,0.87997395,0.80456924
A0301_KLGGALQAK_IE-1_CMV_binder_TCR_60154,0,0.898459,0.9551509,0.82412314
A0301_KLGGALQAK_IE-1_CMV_binder_TCR_60157,0,0.90335804,0.9481791,0.79007107
A0301_KLGGALQAK_IE-1_CMV_binder_TCR_60163,1,0.89754903,0.9110704,0.85554105
A0301_KLGGALQAK_IE-1_CMV_binder_TCR_60166,0,0.8978641,0.9528752,0.86096746
A0301_KLGGALQAK_IE-1_CMV_binder_TCR_6018,0,0.8952009,0.9047635,0.43542504
A0301_KLGGALQAK_IE-1_CMV_binder_TCR_60186,0,0.8954216,0.94896173,0.7945139
A0301_KLGGALQAK_IE-1_CMV_binder_TCR_60222,0,0.8990356,0.96513665,0.84684676
A0301_KLGGALQAK_IE-1_CMV_binder_TCR_60237,0,0.8994883,0.9368846,0.8287055
A0301_KLGGALQAK_IE-1_CMV_binder_TCR_60255,1,0.90074855,0.9446254,0.81636083
A0301_KLGGALQAK_IE-1_CMV_binder_TCR_60281,0,0.90021217,0.9375887,0.8416743
A0301_KLGGALQAK_IE-1_CMV_binder_TCR_60299,1,0.90186673,0.95704114,0.883831
A0301_KLGGALQAK_IE-1_CMV_binder_TCR_60327,0,0.89885044,0.95387095,0.83065534
A0301_KLGGALQAK_IE-1_CMV_binder_TCR_60343,0,0.89421535,0.93264765,0.7947411
A0301_KLGGALQAK_IE-1_CMV_binder_TCR_60359,0,0.8928392,0.902947,0.62201005
A0301_KLGGALQAK_IE-1_CMV_binder_TCR_60362,0,0.9030194,0.9477399,0.8762828
A0301_KLGGALQAK_IE-1_CMV_binder_TCR_6037,0,0.8938163,0.91854,0.5258476
A0301_KLGGALQAK_IE-1_CMV_binder_TCR_60378,0,0.89504397,0.93215734,0.82046986
A0301_KLGGALQAK_IE-1_CMV_binder_TCR_604,0,0.8990237,0.9442305,0.8368285
A0301_KLGGALQAK_IE-1_CMV_binder_TCR_60403,1,0.89644974,0.91455716,0.7799777
A0301_KLGGALQAK_IE-1_CMV_binder_TCR_60430,0,0.8999172,0.9432588,0.7557202
A0301_KLGGALQAK_IE-1_CMV_binder_TCR_60449,1,0.9003815,0.96351033,0.80644214
A0301_KLGGALQAK_IE-1_CMV_binder_TCR_60474,0,0.89959806,0.92507553,0.7068097
A0301_KLGGALQAK_IE-1_CMV_binder_TCR_60496,0,0.9013573,0.9504798,0.8566917
A0301_KLGGALQAK_IE-1_CMV_binder_TCR_60505,0,0.89527446,0.91996115,0.76098937
A0301_KLGGALQAK_IE-1_CMV_binder_TCR_60507,0,0.8999561,0.943022,0.84093
A0301_KLGGALQAK_IE-1_CMV_binder_TCR_60512,0,0.8973565,0.93562615,0.7756045
A0301_KLGGALQAK_IE-1_CMV_binder_TCR_60525,0,0.89354694,0.9367844,0.8073823
A0301_KLGGALQAK_IE-1_CMV_binder_TCR_60559,0,0.8962257,0.95881194,0.7887178
A0301_KLGGALQAK_IE-1_CMV_binder_TCR_60584,0,0.8982787,0.9578067,0.57694423
A0301_KLGGALQAK_IE-1_CMV_binder_TCR_60605,0,0.8993183,0.9515513,0.87588775
A0301_KLGGALQAK_IE-1_CMV_binder_TCR_6061,0,0.90170485,0.9477337,0.8341419
A0301_KLGGALQAK_IE-1_CMV_binder_TCR_60624,0,0.89767146,0.94759655,0.8451528
A0301_KLGGALQAK_IE-1_CMV_binder_TCR_60625,1,0.89682376,0.94562507,0.82401437
A0301_KLGGALQAK_IE-1_CMV_binder_TCR_60646,0,0.8987258,0.9516462,0.810617
A0301_KLGGALQAK_IE-1_CMV_binder_TCR_60671,0,0.9004883,0.93386877,0.8412509
A0301_KLGGALQAK_IE-1_CMV_binder_TCR_60689,0,0.9012719,0.9411194,0.82282746
A0301_KLGGALQAK_IE-1_CMV_binder_TCR_60766,0,0.89576674,0.9358773,0.8651646
A0301_KLGGALQAK_IE-1_CMV_binder_TCR_60777,1,0.90082467,0.9701517,0.90277153
A0301_KLGGALQAK_IE-1_CMV_binder_TCR_60778,1,0.89841366,0.94980955,0.840981
A0301_KLGGALQAK_IE-1_CMV_binder_TCR_60801,0,0.8986051,0.9506031,0.9063851
A0301_KLGGALQAK_IE-1_CMV_binder_TCR_60834,0,0.89693445,0.9219829,0.8457346
A0301_KLGGALQAK_IE-1_CMV_binder_TCR_60874,0,0.8974109,0.947227,0.82856363
A0301_KLGGALQAK_IE-1_CMV_binder_TCR_60875,0,0.89666206,0.9517886,0.80706376
A0301_KLGGALQAK_IE-1_CMV_binder_TCR_60876,0,0.8912615,0.9298284,0.30892375
A0301_KLGGALQAK_IE-1_CMV_binder_TCR_60879,0,0.896691,0.94575536,0.855272
A0301_KLGGALQAK_IE-1_CMV_binder_TCR_60905,1,0.9001106,0.94876736,0.96510094
A0301_KLGGALQAK_IE-1_CMV_binder_TCR_60920,0,0.89658374,0.96080315,0.8884454
A0301_KLGGALQAK_IE-1_CMV_binder_TCR_60933,0,0.89837825,0.96092963,0.81155366
A0301_KLGGALQAK_IE-1_CMV_binder_TCR_60958,0,0.89537865,0.9414282,0.78532755
A0301_KLGGALQAK_IE-1_CMV_binder_TCR_60977,1,0.89819705,0.95333755,0.7613825
A0301_KLGGALQAK_IE-1_CMV_binder_TCR_60978,1,0.901488,0.9385479,0.75003225
A0301_KLGGALQAK_IE-1_CMV_binder_TCR_60983,0,0.9003348,0.9464643,0.8304648
A0301_KLGGALQAK_IE-1_CMV_binder_TCR_61010,1,0.9015401,0.9492637,0.8499302
A0301_KLGGALQAK_IE-1_CMV_binder_TCR_61019,0,0.89845294,0.9432314,0.83814776
A0301_KLGGALQAK_IE-1_CMV_binder_TCR_61020,0,0.89758587,0.94241136,0.799875
A0301_KLGGALQAK_IE-1_CMV_binder_TCR_61060,0,0.89761144,0.9579132,0.8140584
A0301_KLGGALQAK_IE-1_CMV_binder_TCR_6108,0,0.89455163,0.93549615,0.8419387
A0301_KLGGALQAK_IE-1_CMV_binder_TCR_6109,0,0.90134686,0.94121987,0.830757
A0301_KLGGALQAK_IE-1_CMV_binder_TCR_61092,0,0.8959309,0.9449022,0.8229792
A0301_KLGGALQAK_IE-1_CMV_binder_TCR_61094,0,0.8971253,0.9574792,0.8572947
A0301_KLGGALQAK_IE-1_CMV_binder_TCR_6111,0,0.9047159,0.9505656,0.88661736
A0301_KLGGALQAK_IE-1_CMV_binder_TCR_61186,0,0.8944739,0.9441603,0.81863344
A0301_KLGGALQAK_IE-1_CMV_binder_TCR_61195,0,0.8978492,0.9290284,0.90294945
A0301_KLGGALQAK_IE-1_CMV_binder_TCR_6130,0,0.89675725,0.9526714,0.7652467
A0301_KLGGALQAK_IE-1_CMV_binder_TCR_6132,0,0.898431,0.8888152,0.7139331
A0301_KLGGALQAK_IE-1_CMV_binder_TCR_61328,0,0.89948416,0.9491334,0.8164456
A0301_KLGGALQAK_IE-1_CMV_binder_TCR_6134,1,0.90078723,0.95529264,0.8316469
A0301_KLGGALQAK_IE-1_CMV_binder_TCR_61388,0,0.89850324,0.9371591,0.81148547
A0301_KLGGALQAK_IE-1_CMV_binder_TCR_61409,0,0.89502937,0.9540675,0.742576
A0301_KLGGALQAK_IE-1_CMV_binder_TCR_61465,0,0.89616793,0.9534532,0.8549259
A0301_KLGGALQAK_IE-1_CMV_binder_TCR_61469,0,0.8966824,0.9513271,0.8405911
A0301_KLGGALQAK_IE-1_CMV_binder_TCR_61479,0,0.8975203,0.94002086,0.85947347
A0301_KLGGALQAK_IE-1_CMV_binder_TCR_61518,1,0.90180093,0.9644212,0.8585849
A0301_KLGGALQAK_IE-1_CMV_binder_TCR_61540,0,0.89874816,0.96953535,0.8247864
A0301_KLGGALQAK_IE-1_CMV_binder_TCR_61560,0,0.8959943,0.95244956,0.82148397
A0301_KLGGALQAK_IE-1_CMV_binder_TCR_61591,0,0.88906217,0.889625,0.52970415
A0301_KLGGALQAK_IE-1_CMV_binder_TCR_61606,0,0.8991504,0.95420706,0.89265436
A0301_KLGGALQAK_IE-1_CMV_binder_TCR_61617,0,0.8934572,0.89162976,0.74506503
A0301_KLGGALQAK_IE-1_CMV_binder_TCR_61620,0,0.8965012,0.958886,0.77837056
A0301_KLGGALQAK_IE-1_CMV_binder_TCR_61634,0,0.8981143,0.94477224,0.7905344
A0301_KLGGALQAK_IE-1_CMV_binder_TCR_61662,0,0.8951118,0.88679445,0.6571227
A0301_KLGGALQAK_IE-1_CMV_binder_TCR_61697,0,0.9015309,0.9750533,0.8713837
A0301_KLGGALQAK_IE-1_CMV_binder_TCR_61741,0,0.90358484,0.9638017,0.8188601
A0301_KLGGALQAK_IE-1_CMV_binder_TCR_61760,0,0.89846563,0.94545,0.9047087
A0301_KLGGALQAK_IE-1_CMV_binder_TCR_61794,0,0.893528,0.912993,0.7983591
A0301_KLGGALQAK_IE-1_CMV_binder_TCR_61850,0,0.9019555,0.9515641,0.8375555
A0301_KLGGALQAK_IE-1_CMV_binder_TCR_61851,0,0.9022424,0.9575185,0.883432
A0301_KLGGALQAK_IE-1_CMV_binder_TCR_61857,0,0.8993173,0.93383086,0.8143057
A0301_KLGGALQAK_IE-1_CMV_binder_TCR_61867,0,0.8958868,0.9417774,0.9211479
A0301_KLGGALQAK_IE-1_CMV_binder_TCR_61977,0,0.8985566,0.9506087,0.84395355
A0301_KLGGALQAK_IE-1_CMV_binder_TCR_62007,0,0.8979784,0.9224853,0.7269229
A0301_KLGGALQAK_IE-1_CMV_binder_TCR_62012,0,0.8994748,0.95365554,0.8419896
A0301_KLGGALQAK_IE-1_CMV_binder_TCR_6202,1,0.89621085,0.9128506,0.79279065
A0301_KLGGALQAK_IE-1_CMV_binder_TCR_6203,0,0.8995181,0.9333536,0.8133909
A0301_KLGGALQAK_IE-1_CMV_binder_TCR_62032,0,0.9010181,0.954934,0.8624101
A0301_KLGGALQAK_IE-1_CMV_binder_TCR_62044,0,0.89762527,0.95489204,0.8717632
A0301_KLGGALQAK_IE-1_CMV_binder_TCR_62068,0,0.89741105,0.9142113,0.7535258
A0301_KLGGALQAK_IE-1_CMV_binder_TCR_62072,0,0.8969973,0.9596149,0.72246456
A0301_KLGGALQAK_IE-1_CMV_binder_TCR_62082,0,0.8970219,0.89623576,0.61485803
A0301_KLGGALQAK_IE-1_CMV_binder_TCR_62108,0,0.90336233,0.9649322,0.8383739
A0301_KLGGALQAK_IE-1_CMV_binder_TCR_6211,0,0.8967681,0.95369804,0.87495786
A0301_KLGGALQAK_IE-1_CMV_binder_TCR_62116,0,0.898283,0.9395264,0.80395305
A0301_KLGGALQAK_IE-1_CMV_binder_TCR_62126,1,0.8975132,0.9422726,0.8356123
A0301_KLGGALQAK_IE-1_CMV_binder_TCR_6213,0,0.89870214,0.9284189,0.82610506
A0301_KLGGALQAK_IE-1_CMV_binder_TCR_62138,0,0.89518684,0.9529101,0.77079225
A0301_KLGGALQAK_IE-1_CMV_binder_TCR_6215,0,0.9005161,0.9625823,0.89276266
A0301_KLGGALQAK_IE-1_CMV_binder_TCR_62165,0,0.900704,0.95271045,0.8601252
A0301_KLGGALQAK_IE-1_CMV_binder_TCR_62232,0,0.89821976,0.93746644,0.81743413
A0301_KLGGALQAK_IE-1_CMV_binder_TCR_62242,0,0.89664584,0.9227813,0.718652
A0301_KLGGALQAK_IE-1_CMV_binder_TCR_62263,1,0.89866394,0.9636085,0.8458718
A0301_KLGGALQAK_IE-1_CMV_binder_TCR_62280,1,0.8969521,0.93092316,0.80805486
A0301_KLGGALQAK_IE-1_CMV_binder_TCR_62304,1,0.90209454,0.94697696,0.8061611
A0301_KLGGALQAK_IE-1_CMV_binder_TCR_62305,0,0.90176046,0.92479295,0.5666236
A0301_KLGGALQAK_IE-1_CMV_binder_TCR_62308,0,0.8968754,0.9494894,0.77681273
A0301_KLGGALQAK_IE-1_CMV_binder_TCR_62319,0,0.89936197,0.9518305,0.812746
A0301_KLGGALQAK_IE-1_CMV_binder_TCR_62347,0,0.90247697,0.95794165,0.8221123
A0301_KLGGALQAK_IE-1_CMV_binder_TCR_62358,0,0.8987491,0.96746296,0.9216757
A0301_KLGGALQAK_IE-1_CMV_binder_TCR_62385,1,0.9012229,0.954868,0.81812143
A0301_KLGGALQAK_IE-1_CMV_binder_TCR_62388,0,0.89668065,0.9449626,0.7805112
A0301_KLGGALQAK_IE-1_CMV_binder_TCR_62422,0,0.90079594,0.96032226,0.9049064
A0301_KLGGALQAK_IE-1_CMV_binder_TCR_62430,0,0.89894134,0.96457344,0.8404575
A0301_KLGGALQAK_IE-1_CMV_binder_TCR_62437,0,0.89604026,0.9616635,0.9375444
A0301_KLGGALQAK_IE-1_CMV_binder_TCR_6247,0,0.8988592,0.9420376,0.8229442
A0301_KLGGALQAK_IE-1_CMV_binder_TCR_62493,0,0.89913195,0.949122,0.8472175
A0301_KLGGALQAK_IE-1_CMV_binder_TCR_62509,0,0.9026591,0.9692109,0.80474
A0301_KLGGALQAK_IE-1_CMV_binder_TCR_62516,0,0.899557,0.9680092,0.8355254
A0301_KLGGALQAK_IE-1_CMV_binder_TCR_62545,0,0.8999875,0.9610039,0.83099437
A0301_KLGGALQAK_IE-1_CMV_binder_TCR_62553,0,0.8974673,0.9224162,0.8019162
A0301_KLGGALQAK_IE-1_CMV_binder_TCR_62565,0,0.89534986,0.93464935,0.75699544
A0301_KLGGALQAK_IE-1_CMV_binder_TCR_62567,1,0.9001048,0.96927154,0.8837237
A0301_KLGGALQAK_IE-1_CMV_binder_TCR_62579,1,0.89955014,0.9434972,0.81242615
A0301_KLGGALQAK_IE-1_CMV_binder_TCR_62591,1,0.8989799,0.95954037,0.8306278
A0301_KLGGALQAK_IE-1_CMV_binder_TCR_62599,0,0.90054023,0.958043,0.8227395
A0301_KLGGALQAK_IE-1_CMV_binder_TCR_62600,1,0.89513564,0.9144138,0.75732046
A0301_KLGGALQAK_IE-1_CMV_binder_TCR_62608,1,0.89493203,0.9287558,0.8054275
A0301_KLGGALQAK_IE-1_CMV_binder_TCR_62687,0,0.89808935,0.9606821,0.78397804
A0301_KLGGALQAK_IE-1_CMV_binder_TCR_62711,0,0.8961728,0.9460827,0.7967955
A0301_KLGGALQAK_IE-1_CMV_binder_TCR_62727,0,0.89963645,0.9578624,0.8503536
A0301_KLGGALQAK_IE-1_CMV_binder_TCR_62728,0,0.8989727,0.96035874,0.8721095
A0301_KLGGALQAK_IE-1_CMV_binder_TCR_62733,0,0.8947692,0.958477,0.825241
A0301_KLGGALQAK_IE-1_CMV_binder_TCR_62741,0,0.9036629,0.9635112,0.83777905
A0301_KLGGALQAK_IE-1_CMV_binder_TCR_6276,0,0.9037554,0.9279976,0.8328528
A0301_KLGGALQAK_IE-1_CMV_binder_TCR_62770,0,0.8963003,0.9521502,0.8734023
A0301_KLGGALQAK_IE-1_CMV_binder_TCR_62777,0,0.89710736,0.963702,0.8438769
A0301_KLGGALQAK_IE-1_CMV_binder_TCR_62805,0,0.89673126,0.940461,0.6374559
A0301_KLGGALQAK_IE-1_CMV_binder_TCR_6283,0,0.8987339,0.94193673,0.90620935
A0301_KLGGALQAK_IE-1_CMV_binder_TCR_62859,0,0.9011028,0.95960206,0.85853076
A0301_KLGGALQAK_IE-1_CMV_binder_TCR_6291,0,0.89823896,0.8706276,0.68785274
A0301_KLGGALQAK_IE-1_CMV_binder_TCR_62915,0,0.8993403,0.9636739,0.82075745
A0301_KLGGALQAK_IE-1_CMV_binder_TCR_62930,0,0.90182924,0.9736051,0.8506181
A0301_KLGGALQAK_IE-1_CMV_binder_TCR_62947,0,0.8998419,0.9477313,0.84390455
A0301_KLGGALQAK_IE-1_CMV_binder_TCR_62954,1,0.89606,0.9080872,0.6276706
A0301_KLGGALQAK_IE-1_CMV_binder_TCR_62961,0,0.8941401,0.9633796,0.7451946
A0301_KLGGALQAK_IE-1_CMV_binder_TCR_62967,0,0.8990685,0.95775694,0.83118373
A0301_KLGGALQAK_IE-1_CMV_binder_TCR_62969,0,0.8948177,0.93690383,0.6390065
A0301_KLGGALQAK_IE-1_CMV_binder_TCR_6297,0,0.89514416,0.93313694,0.78959066
A0301_KLGGALQAK_IE-1_CMV_binder_TCR_62980,0,0.89901835,0.93476677,0.81871307
A0301_KLGGALQAK_IE-1_CMV_binder_TCR_62982,0,0.8983498,0.950926,0.83474725
A0301_KLGGALQAK_IE-1_CMV_binder_TCR_62994,0,0.89926547,0.93542385,0.7684615
A0301_KLGGALQAK_IE-1_CMV_binder_TCR_62996,1,0.89916706,0.92820305,0.7451729
A0301_KLGGALQAK_IE-1_CMV_binder_TCR_62997,0,0.90438884,0.9642044,0.7915074
A0301_KLGGALQAK_IE-1_CMV_binder_TCR_63027,0,0.89854217,0.96348244,0.8084963
A0301_KLGGALQAK_IE-1_CMV_binder_TCR_63049,0,0.9010662,0.95662576,0.7651314
A0301_KLGGALQAK_IE-1_CMV_binder_TCR_63076,0,0.8961864,0.9646927,0.82901686
A0301_KLGGALQAK_IE-1_CMV_binder_TCR_63077,0,0.8972084,0.95753115,0.8431093
A0301_KLGGALQAK_IE-1_CMV_binder_TCR_63099,0,0.9006462,0.9402654,0.81061494
A0301_KLGGALQAK_IE-1_CMV_binder_TCR_63106,0,0.8953511,0.93280685,0.803606
A0301_KLGGALQAK_IE-1_CMV_binder_TCR_63120,0,0.90122753,0.9628062,0.8648355
A0301_KLGGALQAK_IE-1_CMV_binder_TCR_63121,0,0.89875484,0.96437,0.88445264
A0301_KLGGALQAK_IE-1_CMV_binder_TCR_63133,0,0.8942127,0.9415035,0.800289
A0301_KLGGALQAK_IE-1_CMV_binder_TCR_6314,0,0.89984375,0.9093206,0.7982165
A0301_KLGGALQAK_IE-1_CMV_binder_TCR_63159,0,0.9019742,0.954677,0.79283124
A0301_KLGGALQAK_IE-1_CMV_binder_TCR_63206,0,0.8980777,0.9374502,0.79290766
A0301_KLGGALQAK_IE-1_CMV_binder_TCR_6322,0,0.89923674,0.9385394,0.8424257
A0301_KLGGALQAK_IE-1_CMV_binder_TCR_63240,0,0.8976207,0.95252615,0.78998834
A0301_KLGGALQAK_IE-1_CMV_binder_TCR_63241,0,0.89880294,0.9294457,0.82738096
A0301_KLGGALQAK_IE-1_CMV_binder_TCR_6326,0,0.89951146,0.9308878,0.78832316
A0301_KLGGALQAK_IE-1_CMV_binder_TCR_63275,0,0.89966977,0.9245913,0.8213398
A0301_KLGGALQAK_IE-1_CMV_binder_TCR_63284,0,0.8978569,0.9725255,0.8891629
A0301_KLGGALQAK_IE-1_CMV_binder_TCR_6332,1,0.9001823,0.9204007,0.7819731
A0301_KLGGALQAK_IE-1_CMV_binder_TCR_63339,0,0.90035343,0.9611279,0.81824785
A0301_KLGGALQAK_IE-1_CMV_binder_TCR_63362,0,0.89863646,0.9577323,0.8077324
A0301_KLGGALQAK_IE-1_CMV_binder_TCR_6337,0,0.8986386,0.8870807,0.76133
A0301_KLGGALQAK_IE-1_CMV_binder_TCR_63372,0,0.8950364,0.9483443,0.6960019
A0301_KLGGALQAK_IE-1_CMV_binder_TCR_63402,0,0.90199447,0.97844887,0.85541826
A0301_KLGGALQAK_IE-1_CMV_binder_TCR_6341,0,0.8925602,0.91659343,0.5109568
A0301_KLGGALQAK_IE-1_CMV_binder_TCR_63413,0,0.89893985,0.97376597,0.91085374
A0301_KLGGALQAK_IE-1_CMV_binder_TCR_6345,0,0.9031907,0.97027844,0.9391893
A0301_KLGGALQAK_IE-1_CMV_binder_TCR_63471,0,0.90055823,0.956025,0.80726624
A0301_KLGGALQAK_IE-1_CMV_binder_TCR_63474,0,0.90111053,0.9661282,0.86395776
A0301_KLGGALQAK_IE-1_CMV_binder_TCR_63479,0,0.8930826,0.90268,0.66699773
A0301_KLGGALQAK_IE-1_CMV_binder_TCR_63491,0,0.9000165,0.9739624,0.8991316
A0301_KLGGALQAK_IE-1_CMV_binder_TCR_63511,0,0.8959266,0.93434674,0.66637594
A0301_KLGGALQAK_IE-1_CMV_binder_TCR_63527,0,0.89837825,0.9599926,0.801672
A0301_KLGGALQAK_IE-1_CMV_binder_TCR_63529,0,0.89963514,0.9675916,0.7661857
A0301_KLGGALQAK_IE-1_CMV_binder_TCR_63540,0,0.89749074,0.9537549,0.79366076
A0301_KLGGALQAK_IE-1_CMV_binder_TCR_63547,0,0.8950369,0.92649776,0.7683387
A0301_KLGGALQAK_IE-1_CMV_binder_TCR_63558,1,0.90274733,0.96847725,0.8778794
A0301_KLGGALQAK_IE-1_CMV_binder_TCR_63559,0,0.89570856,0.93812585,0.7737407
A0301_KLGGALQAK_IE-1_CMV_binder_TCR_63561,0,0.8979535,0.93735737,0.79664475
A0301_KLGGALQAK_IE-1_CMV_binder_TCR_63583,0,0.89960176,0.95598567,0.8414345
A0301_KLGGALQAK_IE-1_CMV_binder_TCR_63600,0,0.9004807,0.9571459,0.8619635
A0301_KLGGALQAK_IE-1_CMV_binder_TCR_63624,0,0.8986798,0.9515989,0.7767898
A0301_KLGGALQAK_IE-1_CMV_binder_TCR_63708,0,0.89689964,0.94395083,0.8347126
A0301_KLGGALQAK_IE-1_CMV_binder_TCR_63732,0,0.89788663,0.93025005,0.8156725
A0301_KLGGALQAK_IE-1_CMV_binder_TCR_63733,0,0.89559025,0.9377977,0.8745879
A0301_KLGGALQAK_IE-1_CMV_binder_TCR_63745,1,0.9017869,0.93875986,0.8133515
A0301_KLGGALQAK_IE-1_CMV_binder_TCR_63746,1,0.8938298,0.95965254,0.76756746
A0301_KLGGALQAK_IE-1_CMV_binder_TCR_63754,1,0.9011253,0.94725543,0.8707675
A0301_KLGGALQAK_IE-1_CMV_binder_TCR_63774,0,0.8982551,0.91809237,0.84046286
A0301_KLGGALQAK_IE-1_CMV_binder_TCR_63780,0,0.9009206,0.9578898,0.82590884
A0301_KLGGALQAK_IE-1_CMV_binder_TCR_63794,0,0.90260154,0.97113466,0.9158287
A0301_KLGGALQAK_IE-1_CMV_binder_TCR_63806,1,0.9012917,0.9618513,0.84204507
A0301_KLGGALQAK_IE-1_CMV_binder_TCR_63829,0,0.8990793,0.9566084,0.8663957
A0301_KLGGALQAK_IE-1_CMV_binder_TCR_63901,0,0.89584476,0.92342114,0.7715964
A0301_KLGGALQAK_IE-1_CMV_binder_TCR_63907,0,0.8945012,0.8901243,0.51356447
A0301_KLGGALQAK_IE-1_CMV_binder_TCR_63913,0,0.9009604,0.9392742,0.80365324
A0301_KLGGALQAK_IE-1_CMV_binder_TCR_63963,0,0.8996182,0.96421427,0.82040054
A0301_KLGGALQAK_IE-1_CMV_binder_TCR_63971,1,0.8958596,0.9053024,0.74628186
A0301_KLGGALQAK_IE-1_CMV_binder_TCR_640,0,0.8984735,0.95891714,0.87531
A0301_KLGGALQAK_IE-1_CMV_binder_TCR_64001,0,0.8928678,0.9414591,0.7662716
A0301_KLGGALQAK_IE-1_CMV_binder_TCR_64026,0,0.8949328,0.94894767,0.7141958
A0301_KLGGALQAK_IE-1_CMV_binder_TCR_64034,0,0.89760095,0.94389075,0.65149176
A0301_KLGGALQAK_IE-1_CMV_binder_TCR_64038,0,0.89478457,0.9613831,0.7171966
A0301_KLGGALQAK_IE-1_CMV_binder_TCR_64118,1,0.9000078,0.96031356,0.91416025
A0301_KLGGALQAK_IE-1_CMV_binder_TCR_64129,0,0.89978796,0.96230596,0.7988907
A0301_KLGGALQAK_IE-1_CMV_binder_TCR_64134,0,0.89765495,0.9506391,0.8444656
A0301_KLGGALQAK_IE-1_CMV_binder_TCR_64155,0,0.9026232,0.9431128,0.8451128
A0301_KLGGALQAK_IE-1_CMV_binder_TCR_64162,0,0.8998431,0.95332533,0.8661933
A0301_KLGGALQAK_IE-1_CMV_binder_TCR_64175,0,0.9033051,0.95676035,0.8615897
A0301_KLGGALQAK_IE-1_CMV_binder_TCR_64239,0,0.8976105,0.9625418,0.88540524
A0301_KLGGALQAK_IE-1_CMV_binder_TCR_6430,0,0.90087837,0.93946,0.8515992
A0301_KLGGALQAK_IE-1_CMV_binder_TCR_64363,1,0.8991268,0.9513354,0.8508465
A0301_KLGGALQAK_IE-1_CMV_binder_TCR_64376,0,0.897735,0.95761544,0.83035415
A0301_KLGGALQAK_IE-1_CMV_binder_TCR_6438,0,0.90029985,0.9345874,0.72332865
A0301_KLGGALQAK_IE-1_CMV_binder_TCR_64388,0,0.90001327,0.9532323,0.7846404
A0301_KLGGALQAK_IE-1_CMV_binder_TCR_64390,0,0.8970894,0.9672463,0.87832075
A0301_KLGGALQAK_IE-1_CMV_binder_TCR_64394,0,0.8998685,0.9546704,0.79665756
A0301_KLGGALQAK_IE-1_CMV_binder_TCR_64434,0,0.89632434,0.96569085,0.7697272
A0301_KLGGALQAK_IE-1_CMV_binder_TCR_64435,0,0.89260036,0.9531265,0.68571
A0301_KLGGALQAK_IE-1_CMV_binder_TCR_64466,0,0.9014503,0.96545094,0.8048251
A0301_KLGGALQAK_IE-1_CMV_binder_TCR_64473,1,0.89423907,0.9409614,0.7043831
A0301_KLGGALQAK_IE-1_CMV_binder_TCR_64551,0,0.89416146,0.9314466,0.5185217
A0301_KLGGALQAK_IE-1_CMV_binder_TCR_64570,0,0.8934457,0.916468,0.7882049
A0301_KLGGALQAK_IE-1_CMV_binder_TCR_64601,0,0.89574736,0.90631366,0.7678506
A0301_KLGGALQAK_IE-1_CMV_binder_TCR_64661,0,0.89426506,0.9470607,0.7911634
A0301_KLGGALQAK_IE-1_CMV_binder_TCR_64703,0,0.9011042,0.9651229,0.79866844
A0301_KLGGALQAK_IE-1_CMV_binder_TCR_64711,1,0.9032754,0.96694964,0.83742505
A0301_KLGGALQAK_IE-1_CMV_binder_TCR_64780,1,0.8990805,0.95735645,0.8003114
A0301_KLGGALQAK_IE-1_CMV_binder_TCR_64795,0,0.8973081,0.9529442,0.72540176
A0301_KLGGALQAK_IE-1_CMV_binder_TCR_648,0,0.90431046,0.95836455,0.8864226
A0301_KLGGALQAK_IE-1_CMV_binder_TCR_64801,0,0.89459765,0.92664737,0.805619
A0301_KLGGALQAK_IE-1_CMV_binder_TCR_64823,0,0.89737535,0.9578909,0.791794
A0301_KLGGALQAK_IE-1_CMV_binder_TCR_64824,1,0.8903501,0.9240809,0.68507236
A0301_KLGGALQAK_IE-1_CMV_binder_TCR_64832,0,0.8984608,0.95028776,0.834021
A0301_KLGGALQAK_IE-1_CMV_binder_TCR_64833,0,0.89754623,0.93038297,0.7981959
A0301_KLGGALQAK_IE-1_CMV_binder_TCR_64841,0,0.9007644,0.9486317,0.8231822
A0301_KLGGALQAK_IE-1_CMV_binder_TCR_64861,0,0.899263,0.9491783,0.80739194
A0301_KLGGALQAK_IE-1_CMV_binder_TCR_64948,0,0.89879835,0.96168643,0.85982877
A0301_KLGGALQAK_IE-1_CMV_binder_TCR_64984,0,0.89933074,0.9545583,0.84244555
A0301_KLGGALQAK_IE-1_CMV_binder_TCR_65000,1,0.8930224,0.9145284,0.733761
A0301_KLGGALQAK_IE-1_CMV_binder_TCR_65029,0,0.9008086,0.9409577,0.8833764
A0301_KLGGALQAK_IE-1_CMV_binder_TCR_6503,1,0.9003737,0.9500078,0.8115055
A0301_KLGGALQAK_IE-1_CMV_binder_TCR_65036,0,0.90083134,0.95242447,0.85466945
A0301_KLGGALQAK_IE-1_CMV_binder_TCR_6504,0,0.8986392,0.9275674,0.7165518
A0301_KLGGALQAK_IE-1_CMV_binder_TCR_65042,0,0.89895695,0.9644344,0.8341613
A0301_KLGGALQAK_IE-1_CMV_binder_TCR_65112,0,0.8969605,0.9628661,0.8397644
A0301_KLGGALQAK_IE-1_CMV_binder_TCR_65118,0,0.90126055,0.9760202,0.92729807
A0301_KLGGALQAK_IE-1_CMV_binder_TCR_6514,1,0.89905274,0.94420403,0.8400556
A0301_KLGGALQAK_IE-1_CMV_binder_TCR_65153,0,0.903934,0.95565283,0.8788973
A0301_KLGGALQAK_IE-1_CMV_binder_TCR_65157,0,0.8915857,0.8833394,0.80469924
A0301_KLGGALQAK_IE-1_CMV_binder_TCR_65163,0,0.90197235,0.9553158,0.8757269
A0301_KLGGALQAK_IE-1_CMV_binder_TCR_65177,0,0.8925826,0.9517447,0.65805155
A0301_KLGGALQAK_IE-1_CMV_binder_TCR_65196,0,0.9031005,0.959227,0.8875102
A0301_KLGGALQAK_IE-1_CMV_binder_TCR_65200,1,0.90128934,0.94177604,0.83583885
A0301_KLGGALQAK_IE-1_CMV_binder_TCR_65218,1,0.9002958,0.93825716,0.88908106
A0301_KLGGALQAK_IE-1_CMV_binder_TCR_65237,0,0.8988334,0.9468677,0.801494
A0301_KLGGALQAK_IE-1_CMV_binder_TCR_6524,0,0.89733124,0.9304107,0.7035827
A0301_KLGGALQAK_IE-1_CMV_binder_TCR_65258,0,0.898003,0.9308725,0.81437224
A0301_KLGGALQAK_IE-1_CMV_binder_TCR_65335,0,0.90174884,0.95825934,0.89689463
A0301_KLGGALQAK_IE-1_CMV_binder_TCR_65339,1,0.901293,0.9669125,0.8526152
A0301_KLGGALQAK_IE-1_CMV_binder_TCR_65353,0,0.89513266,0.9489812,0.8291071
A0301_KLGGALQAK_IE-1_CMV_binder_TCR_65373,0,0.8995021,0.96319747,0.8570702
A0301_KLGGALQAK_IE-1_CMV_binder_TCR_65384,1,0.8991663,0.938442,0.68147564
A0301_KLGGALQAK_IE-1_CMV_binder_TCR_65395,0,0.8957554,0.9449316,0.82004327
A0301_KLGGALQAK_IE-1_CMV_binder_TCR_65402,0,0.8954215,0.9230377,0.67457324
A0301_KLGGALQAK_IE-1_CMV_binder_TCR_65407,0,0.8982364,0.9353853,0.7690947
A0301_KLGGALQAK_IE-1_CMV_binder_TCR_65425,0,0.8945373,0.93858004,0.738502
A0301_KLGGALQAK_IE-1_CMV_binder_TCR_65433,0,0.9027376,0.96477306,0.8484784
A0301_KLGGALQAK_IE-1_CMV_binder_TCR_65446,0,0.9030525,0.9552613,0.8594117
A0301_KLGGALQAK_IE-1_CMV_binder_TCR_65453,0,0.897169,0.93311495,0.79807466
A0301_KLGGALQAK_IE-1_CMV_binder_TCR_65467,0,0.89779246,0.9586493,0.79748034
A0301_KLGGALQAK_IE-1_CMV_binder_TCR_65496,1,0.8939539,0.9478505,0.74316704
A0301_KLGGALQAK_IE-1_CMV_binder_TCR_65498,0,0.8920874,0.90760106,0.7732488
A0301_KLGGALQAK_IE-1_CMV_binder_TCR_65514,0,0.8954645,0.95766467,0.81684554
A0301_KLGGALQAK_IE-1_CMV_binder_TCR_65531,0,0.8968918,0.9368715,0.7926551
A0301_KLGGALQAK_IE-1_CMV_binder_TCR_65540,1,0.8967426,0.9430965,0.8044207
A0301_KLGGALQAK_IE-1_CMV_binder_TCR_65541,0,0.9031265,0.9720116,0.8196061
A0301_KLGGALQAK_IE-1_CMV_binder_TCR_65581,0,0.8995312,0.9618739,0.80774385
A0301_KLGGALQAK_IE-1_CMV_binder_TCR_65611,0,0.9057927,0.9762166,0.8577165
A0301_KLGGALQAK_IE-1_CMV_binder_TCR_65613,0,0.8974839,0.95539564,0.820755
A0301_KLGGALQAK_IE-1_CMV_binder_TCR_65629,0,0.89739597,0.9627343,0.82715994
A0301_KLGGALQAK_IE-1_CMV_binder_TCR_65688,0,0.8995238,0.9668675,0.8568326
A0301_KLGGALQAK_IE-1_CMV_binder_TCR_65719,0,0.8929649,0.9320198,0.6975042
A0301_KLGGALQAK_IE-1_CMV_binder_TCR_65730,0,0.9001188,0.94804466,0.81346095
A0301_KLGGALQAK_IE-1_CMV_binder_TCR_65738,0,0.8955639,0.92464197,0.7491634
A0301_KLGGALQAK_IE-1_CMV_binder_TCR_65752,1,0.9022931,0.9622563,0.848605
A0301_KLGGALQAK_IE-1_CMV_binder_TCR_6579,0,0.898488,0.9437003,0.81323457
A0301_KLGGALQAK_IE-1_CMV_binder_TCR_65795,0,0.9027378,0.95925474,0.84768504
A0301_KLGGALQAK_IE-1_CMV_binder_TCR_65811,0,0.89967686,0.94957894,0.6244886
A0301_KLGGALQAK_IE-1_CMV_binder_TCR_65824,0,0.8985957,0.95795196,0.8567591
A0301_KLGGALQAK_IE-1_CMV_binder_TCR_65857,0,0.8994385,0.96078324,0.88367116
A0301_KLGGALQAK_IE-1_CMV_binder_TCR_65889,0,0.89842755,0.9592871,0.88016397
A0301_KLGGALQAK_IE-1_CMV_binder_TCR_65900,0,0.89944863,0.962719,0.7848896
A0301_KLGGALQAK_IE-1_CMV_binder_TCR_65912,0,0.89781374,0.948701,0.8103232
A0301_KLGGALQAK_IE-1_CMV_binder_TCR_65913,0,0.89306843,0.93991745,0.6283689
A0301_KLGGALQAK_IE-1_CMV_binder_TCR_6592,0,0.9011862,0.92304903,0.81462926
A0301_KLGGALQAK_IE-1_CMV_binder_TCR_65924,0,0.8943229,0.9401556,0.75568676
A0301_KLGGALQAK_IE-1_CMV_binder_TCR_65936,0,0.8969132,0.9539448,0.7459953
A0301_KLGGALQAK_IE-1_CMV_binder_TCR_65966,0,0.8949096,0.95118034,0.7747931
A0301_KLGGALQAK_IE-1_CMV_binder_TCR_66006,0,0.89564675,0.9606905,0.83834344
A0301_KLGGALQAK_IE-1_CMV_binder_TCR_66017,0,0.90091586,0.955634,0.82028526
A0301_KLGGALQAK_IE-1_CMV_binder_TCR_66028,0,0.9022038,0.9652754,0.8389169
A0301_KLGGALQAK_IE-1_CMV_binder_TCR_66044,0,0.8998366,0.9660088,0.7753328
A0301_KLGGALQAK_IE-1_CMV_binder_TCR_66084,0,0.90076846,0.96534324,0.91039646
A0301_KLGGALQAK_IE-1_CMV_binder_TCR_66096,0,0.9009385,0.97457755,0.88635266
A0301_KLGGALQAK_IE-1_CMV_binder_TCR_661,0,0.9008559,0.96752244,0.8146598
A0301_KLGGALQAK_IE-1_CMV_binder_TCR_66114,0,0.90251946,0.95653206,0.66743135
A0301_KLGGALQAK_IE-1_CMV_binder_TCR_66123,0,0.89936227,0.9648139,0.8575913
A0301_KLGGALQAK_IE-1_CMV_binder_TCR_66131,0,0.8985689,0.95369375,0.7253645
A0301_KLGGALQAK_IE-1_CMV_binder_TCR_66135,0,0.89550287,0.94356704,0.8891662
A0301_KLGGALQAK_IE-1_CMV_binder_TCR_66146,0,0.90119326,0.97339994,0.78115624
A0301_KLGGALQAK_IE-1_CMV_binder_TCR_66158,0,0.89868903,0.9429582,0.84178585
A0301_KLGGALQAK_IE-1_CMV_binder_TCR_66159,1,0.897681,0.935678,0.83558357
A0301_KLGGALQAK_IE-1_CMV_binder_TCR_66164,1,0.9009073,0.9453024,0.81119204
A0301_KLGGALQAK_IE-1_CMV_binder_TCR_66169,0,0.90367156,0.9550401,0.84523547
A0301_KLGGALQAK_IE-1_CMV_binder_TCR_66216,0,0.9014879,0.9384926,0.83206683
A0301_KLGGALQAK_IE-1_CMV_binder_TCR_66223,0,0.89708906,0.95125824,0.853423
A0301_KLGGALQAK_IE-1_CMV_binder_TCR_66235,0,0.9019874,0.97168666,0.89790034
A0301_KLGGALQAK_IE-1_CMV_binder_TCR_66245,0,0.89912903,0.95863366,0.8777111
A0301_KLGGALQAK_IE-1_CMV_binder_TCR_66321,0,0.901773,0.9418033,0.7589984
A0301_KLGGALQAK_IE-1_CMV_binder_TCR_66339,0,0.8964026,0.9640942,0.8010834
A0301_KLGGALQAK_IE-1_CMV_binder_TCR_66374,0,0.8972803,0.9672377,0.7853987
A0301_KLGGALQAK_IE-1_CMV_binder_TCR_66397,1,0.8966712,0.96097463,0.9580092
A0301_KLGGALQAK_IE-1_CMV_binder_TCR_66401,0,0.89848,0.9565822,0.74679697
A0301_KLGGALQAK_IE-1_CMV_binder_TCR_66422,0,0.9017924,0.96387786,0.8075263
A0301_KLGGALQAK_IE-1_CMV_binder_TCR_66432,1,0.89660186,0.94404835,0.7927818
A0301_KLGGALQAK_IE-1_CMV_binder_TCR_66447,1,0.89942485,0.94828695,0.8246546
A0301_KLGGALQAK_IE-1_CMV_binder_TCR_66448,0,0.89725286,0.9408413,0.68423265
A0301_KLGGALQAK_IE-1_CMV_binder_TCR_66452,0,0.90029556,0.9572202,0.8471171
A0301_KLGGALQAK_IE-1_CMV_binder_TCR_66458,0,0.89555365,0.9428875,0.65663725
A0301_KLGGALQAK_IE-1_CMV_binder_TCR_66464,0,0.90266573,0.97703314,0.8650809
A0301_KLGGALQAK_IE-1_CMV_binder_TCR_66510,0,0.8982464,0.9469278,0.8141336
A0301_KLGGALQAK_IE-1_CMV_binder_TCR_66525,0,0.8998841,0.96046233,0.84602356
A0301_KLGGALQAK_IE-1_CMV_binder_TCR_66527,0,0.89860016,0.9635379,0.9194398
A0301_KLGGALQAK_IE-1_CMV_binder_TCR_66552,0,0.9001216,0.96728367,0.9061945
A0301_KLGGALQAK_IE-1_CMV_binder_TCR_66563,0,0.9020129,0.9674065,0.8589157
A0301_KLGGALQAK_IE-1_CMV_binder_TCR_6657,0,0.8967958,0.94649905,0.74366415
A0301_KLGGALQAK_IE-1_CMV_binder_TCR_66572,0,0.89499336,0.949679,0.8467501
A0301_KLGGALQAK_IE-1_CMV_binder_TCR_66574,1,0.8991749,0.9422061,0.81605697
A0301_KLGGALQAK_IE-1_CMV_binder_TCR_666,1,0.9037369,0.9489498,0.82633966
A0301_KLGGALQAK_IE-1_CMV_binder_TCR_6660,0,0.8935814,0.93951267,0.70626026
A0301_KLGGALQAK_IE-1_CMV_binder_TCR_66605,0,0.89848286,0.9508712,0.8155609
A0301_KLGGALQAK_IE-1_CMV_binder_TCR_66637,0,0.901044,0.96569055,0.8800953
A0301_KLGGALQAK_IE-1_CMV_binder_TCR_66644,0,0.89817417,0.9370759,0.7994993
A0301_KLGGALQAK_IE-1_CMV_binder_TCR_66645,0,0.90056837,0.9526816,0.87247145
A0301_KLGGALQAK_IE-1_CMV_binder_TCR_66648,0,0.9012742,0.9445767,0.8199319
A0301_KLGGALQAK_IE-1_CMV_binder_TCR_66680,0,0.89875335,0.97156143,0.84874535
A0301_KLGGALQAK_IE-1_CMV_binder_TCR_66789,0,0.89863706,0.94827527,0.8723297
A0301_KLGGALQAK_IE-1_CMV_binder_TCR_6679,1,0.901245,0.96542937,0.8282464
A0301_KLGGALQAK_IE-1_CMV_binder_TCR_668,0,0.9001811,0.95592487,0.8160031
A0301_KLGGALQAK_IE-1_CMV_binder_TCR_66802,0,0.89806396,0.93487465,0.8745139
A0301_KLGGALQAK_IE-1_CMV_binder_TCR_66816,0,0.89492154,0.9517411,0.80389893
A0301_KLGGALQAK_IE-1_CMV_binder_TCR_6687,0,0.8985792,0.93649614,0.8103991
A0301_KLGGALQAK_IE-1_CMV_binder_TCR_66882,0,0.901622,0.9654796,0.847268
A0301_KLGGALQAK_IE-1_CMV_binder_TCR_66904,0,0.9002662,0.95329607,0.83212614
A0301_KLGGALQAK_IE-1_CMV_binder_TCR_66932,0,0.9000377,0.96051294,0.809255
A0301_KLGGALQAK_IE-1_CMV_binder_TCR_678,0,0.89544755,0.9557862,0.79177475
A0301_KLGGALQAK_IE-1_CMV_binder_TCR_6796,1,0.89907557,0.96078706,0.8040846
A0301_KLGGALQAK_IE-1_CMV_binder_TCR_6799,0,0.8975278,0.95206994,0.88072556
A0301_KLGGALQAK_IE-1_CMV_binder_TCR_68,0,0.89968854,0.93752605,0.8770884
A0301_KLGGALQAK_IE-1_CMV_binder_TCR_6823,0,0.89612055,0.9290753,0.8047799
A0301_KLGGALQAK_IE-1_CMV_binder_TCR_6834,1,0.89874405,0.95519876,0.75679284
A0301_KLGGALQAK_IE-1_CMV_binder_TCR_685,0,0.8948116,0.9679013,0.9094388
A0301_KLGGALQAK_IE-1_CMV_binder_TCR_6870,0,0.8951538,0.94481117,0.79034895
A0301_KLGGALQAK_IE-1_CMV_binder_TCR_6880,1,0.8975516,0.92975855,0.69391584
A0301_KLGGALQAK_IE-1_CMV_binder_TCR_689,0,0.8881382,0.89270073,0.75364697
A0301_KLGGALQAK_IE-1_CMV_binder_TCR_6915,0,0.8944404,0.917692,0.59496033
A0301_KLGGALQAK_IE-1_CMV_binder_TCR_6916,0,0.8911537,0.8365185,0.031538505
A0301_KLGGALQAK_IE-1_CMV_binder_TCR_6961,1,0.8991776,0.9580433,0.84223056
A0301_KLGGALQAK_IE-1_CMV_binder_TCR_6977,0,0.89635843,0.9224916,0.5960719
A0301_KLGGALQAK_IE-1_CMV_binder_TCR_699,1,0.8989363,0.9549112,0.8366276
A0301_KLGGALQAK_IE-1_CMV_binder_TCR_7078,0,0.8985622,0.9688793,0.83993936
A0301_KLGGALQAK_IE-1_CMV_binder_TCR_7082,0,0.89532185,0.91360533,0.709253
A0301_KLGGALQAK_IE-1_CMV_binder_TCR_7095,1,0.89757156,0.940816,0.6830668
A0301_KLGGALQAK_IE-1_CMV_binder_TCR_7107,1,0.89758694,0.9615572,0.83940893
A0301_KLGGALQAK_IE-1_CMV_binder_TCR_712,1,0.9000338,0.9546218,0.8487326
A0301_KLGGALQAK_IE-1_CMV_binder_TCR_7138,0,0.89681,0.93471414,0.80236363
A0301_KLGGALQAK_IE-1_CMV_binder_TCR_7163,0,0.89887923,0.94800776,0.7152865
A0301_KLGGALQAK_IE-1_CMV_binder_TCR_7165,0,0.8966753,0.91166055,0.67015034
A0301_KLGGALQAK_IE-1_CMV_binder_TCR_7223,1,0.8955241,0.94747317,0.7130485
A0301_KLGGALQAK_IE-1_CMV_binder_TCR_7232,1,0.9018709,0.96185493,0.8271187
A0301_KLGGALQAK_IE-1_CMV_binder_TCR_7253,1,0.8967987,0.96387315,0.9340073
A0301_KLGGALQAK_IE-1_CMV_binder_TCR_7280,1,0.8983549,0.8885275,0.7597309
A0301_KLGGALQAK_IE-1_CMV_binder_TCR_7307,0,0.9026935,0.97063375,0.8762328
A0301_KLGGALQAK_IE-1_CMV_binder_TCR_7319,0,0.90220314,0.9714578,0.8212498
A0301_KLGGALQAK_IE-1_CMV_binder_TCR_735,0,0.8942453,0.96390504,0.8556633
A0301_KLGGALQAK_IE-1_CMV_binder_TCR_7358,0,0.9027239,0.9706095,0.79273456
A0301_KLGGALQAK_IE-1_CMV_binder_TCR_740,1,0.8930191,0.9504524,0.86509955
A0301_KLGGALQAK_IE-1_CMV_binder_TCR_7442,0,0.90505666,0.9813379,0.99368036
A0301_KLGGALQAK_IE-1_CMV_binder_TCR_7449,0,0.8962183,0.9600606,0.8368691
A0301_KLGGALQAK_IE-1_CMV_binder_TCR_7468,0,0.8950239,0.9589123,0.7864338
A0301_KLGGALQAK_IE-1_CMV_binder_TCR_7493,0,0.89871246,0.94000137,0.86358607
A0301_KLGGALQAK_IE-1_CMV_binder_TCR_752,1,0.89695275,0.94963044,0.80704826
A0301_KLGGALQAK_IE-1_CMV_binder_TCR_7520,0,0.8905952,0.9077104,0.4959117
A0301_KLGGALQAK_IE-1_CMV_binder_TCR_7533,0,0.89781445,0.95532995,0.8125794
A0301_KLGGALQAK_IE-1_CMV_binder_TCR_7536,0,0.8975219,0.934837,0.7960562
A0301_KLGGALQAK_IE-1_CMV_binder_TCR_754,1,0.9006625,0.94861156,0.86295944
A0301_KLGGALQAK_IE-1_CMV_binder_TCR_7548,0,0.89517856,0.95944184,0.84567934
A0301_KLGGALQAK_IE-1_CMV_binder_TCR_7550,0,0.8967371,0.966846,0.8768722
A0301_KLGGALQAK_IE-1_CMV_binder_TCR_757,1,0.8957706,0.95669043,0.80320203
A0301_KLGGALQAK_IE-1_CMV_binder_TCR_7574,1,0.9005578,0.97219455,0.8808225
A0301_KLGGALQAK_IE-1_CMV_binder_TCR_7577,0,0.89640546,0.9519591,0.7657164
A0301_KLGGALQAK_IE-1_CMV_binder_TCR_7584,0,0.90286326,0.9795441,0.8401649
A0301_KLGGALQAK_IE-1_CMV_binder_TCR_7625,0,0.9019405,0.96910894,0.760701
A0301_KLGGALQAK_IE-1_CMV_binder_TCR_7643,1,0.90059185,0.971475,0.7982509
A0301_KLGGALQAK_IE-1_CMV_binder_TCR_7659,1,0.9009752,0.9555305,0.87407064
A0301_KLGGALQAK_IE-1_CMV_binder_TCR_768,1,0.8980252,0.9511495,0.84806734
A0301_KLGGALQAK_IE-1_CMV_binder_TCR_7712,0,0.90238386,0.9673538,0.79827595
A0301_KLGGALQAK_IE-1_CMV_binder_TCR_7714,0,0.9003739,0.95671934,0.81765765
A0301_KLGGALQAK_IE-1_CMV_binder_TCR_7729,0,0.89996076,0.96192586,0.8310704
A0301_KLGGALQAK_IE-1_CMV_binder_TCR_7745,0,0.895351,0.95042515,0.8076679
A0301_KLGGALQAK_IE-1_CMV_binder_TCR_7746,0,0.8994007,0.96844345,0.83951724
A0301_KLGGALQAK_IE-1_CMV_binder_TCR_7770,0,0.9040207,0.971845,0.86213887
A0301_KLGGALQAK_IE-1_CMV_binder_TCR_7778,0,0.90345836,0.9645331,0.8325977
A0301_KLGGALQAK_IE-1_CMV_binder_TCR_7784,0,0.89447135,0.93824863,0.7023917
A0301_KLGGALQAK_IE-1_CMV_binder_TCR_7803,1,0.9023453,0.9633929,0.82256544
A0301_KLGGALQAK_IE-1_CMV_binder_TCR_783,0,0.896229,0.93571496,0.77794087
A0301_KLGGALQAK_IE-1_CMV_binder_TCR_7860,0,0.8995216,0.9634507,0.7956367
A0301_KLGGALQAK_IE-1_CMV_binder_TCR_7930,0,0.9007489,0.97999185,0.8571159
A0301_KLGGALQAK_IE-1_CMV_binder_TCR_7963,0,0.89942485,0.92031693,0.78540474
A0301_KLGGALQAK_IE-1_CMV_binder_TCR_7993,0,0.9017312,0.9642527,0.845489
A0301_KLGGALQAK_IE-1_CMV_binder_TCR_7995,0,0.89907634,0.9609698,0.794678
A0301_KLGGALQAK_IE-1_CMV_binder_TCR_7997,0,0.90063953,0.9482578,0.7934983
A0301_KLGGALQAK_IE-1_CMV_binder_TCR_8005,0,0.899514,0.9594442,0.85118073
A0301_KLGGALQAK_IE-1_CMV_binder_TCR_8007,0,0.897266,0.96567696,0.85528123
A0301_KLGGALQAK_IE-1_CMV_binder_TCR_8008,0,0.90135276,0.9653186,0.84558624
A0301_KLGGALQAK_IE-1_CMV_binder_TCR_8038,0,0.89542747,0.9203198,0.71546143
A0301_KLGGALQAK_IE-1_CMV_binder_TCR_8045,1,0.8962823,0.94071966,0.68821555
A0301_KLGGALQAK_IE-1_CMV_binder_TCR_8064,1,0.9005256,0.96815926,0.792308
A0301_KLGGALQAK_IE-1_CMV_binder_TCR_8085,0,0.89772844,0.94133544,0.8173656
A0301_KLGGALQAK_IE-1_CMV_binder_TCR_8089,1,0.9026765,0.9609268,0.86245364
A0301_KLGGALQAK_IE-1_CMV_binder_TCR_8099,0,0.8994524,0.9510052,0.91984266
A0301_KLGGALQAK_IE-1_CMV_binder_TCR_8114,0,0.89921314,0.9635252,0.87040514
A0301_KLGGALQAK_IE-1_CMV_binder_TCR_8124,0,0.8952488,0.9402144,0.82253385
A0301_KLGGALQAK_IE-1_CMV_binder_TCR_8149,0,0.8989652,0.9529605,0.7954411
A0301_KLGGALQAK_IE-1_CMV_binder_TCR_8178,0,0.89736205,0.9378348,0.86739355
A0301_KLGGALQAK_IE-1_CMV_binder_TCR_8189,1,0.90236616,0.9564756,0.8538827
A0301_KLGGALQAK_IE-1_CMV_binder_TCR_8201,0,0.8981439,0.94552565,0.75137883
A0301_KLGGALQAK_IE-1_CMV_binder_TCR_8211,0,0.9049235,0.97086537,0.8271369
A0301_KLGGALQAK_IE-1_CMV_binder_TCR_8216,0,0.8956668,0.94975615,0.8407537
A0301_KLGGALQAK_IE-1_CMV_binder_TCR_823,1,0.89825237,0.96830755,0.9080408
A0301_KLGGALQAK_IE-1_CMV_binder_TCR_8232,0,0.90307736,0.9496002,0.86001337
A0301_KLGGALQAK_IE-1_CMV_binder_TCR_8259,0,0.9059506,0.98068625,0.8609058
A0301_KLGGALQAK_IE-1_CMV_binder_TCR_8271,1,0.9021087,0.9747745,0.8472853
A0301_KLGGALQAK_IE-1_CMV_binder_TCR_830,0,0.8995252,0.9457897,0.8907435
A0301_KLGGALQAK_IE-1_CMV_binder_TCR_8339,1,0.8991168,0.97722477,0.8458281
A0301_KLGGALQAK_IE-1_CMV_binder_TCR_8363,0,0.8997228,0.9480041,0.77056926
A0301_KLGGALQAK_IE-1_CMV_binder_TCR_8387,1,0.9000437,0.950711,0.79428834
A0301_KLGGALQAK_IE-1_CMV_binder_TCR_8428,0,0.90165365,0.9706872,0.8354384
A0301_KLGGALQAK_IE-1_CMV_binder_TCR_8432,1,0.89979315,0.9548694,0.81955224
A0301_KLGGALQAK_IE-1_CMV_binder_TCR_8445,0,0.9018506,0.9710562,0.81351906
A0301_KLGGALQAK_IE-1_CMV_binder_TCR_8457,1,0.900866,0.96203834,0.87445533
A0301_KLGGALQAK_IE-1_CMV_binder_TCR_8461,0,0.8990082,0.9596572,0.8108598
A0301_KLGGALQAK_IE-1_CMV_binder_TCR_8467,1,0.8949079,0.94756615,0.76024914
A0301_KLGGALQAK_IE-1_CMV_binder_TCR_8500,0,0.8968009,0.9506535,0.8752233
A0301_KLGGALQAK_IE-1_CMV_binder_TCR_8505,0,0.89655215,0.94193274,0.79747987
A0301_KLGGALQAK_IE-1_CMV_binder_TCR_8529,0,0.89906055,0.9595349,0.82026523
A0301_KLGGALQAK_IE-1_CMV_binder_TCR_8530,0,0.89923567,0.9558061,0.90142494
A0301_KLGGALQAK_IE-1_CMV_binder_TCR_8564,1,0.8971921,0.955182,0.83272356
A0301_KLGGALQAK_IE-1_CMV_binder_TCR_8567,0,0.8933866,0.94122505,0.8372323
A0301_KLGGALQAK_IE-1_CMV_binder_TCR_8592,1,0.89881355,0.9416726,0.8259385
A0301_KLGGALQAK_IE-1_CMV_binder_TCR_8642,1,0.89971066,0.9540202,0.78302735
A0301_KLGGALQAK_IE-1_CMV_binder_TCR_8675,1,0.9016521,0.9502041,0.7729355
A0301_KLGGALQAK_IE-1_CMV_binder_TCR_8684,0,0.8990152,0.9638387,0.8638701
A0301_KLGGALQAK_IE-1_CMV_binder_TCR_8700,0,0.9009544,0.9558777,0.83984965
A0301_KLGGALQAK_IE-1_CMV_binder_TCR_8724,0,0.89864814,0.9639257,0.9005439
A0301_KLGGALQAK_IE-1_CMV_binder_TCR_8725,0,0.9016932,0.96553135,0.86170477
A0301_KLGGALQAK_IE-1_CMV_binder_TCR_8726,0,0.8964646,0.9476428,0.7749934
A0301_KLGGALQAK_IE-1_CMV_binder_TCR_8740,0,0.9003769,0.9689707,0.84106725
A0301_KLGGALQAK_IE-1_CMV_binder_TCR_8748,0,0.8975604,0.9334933,0.84668815
A0301_KLGGALQAK_IE-1_CMV_binder_TCR_8754,0,0.90030676,0.95010144,0.8943348
A0301_KLGGALQAK_IE-1_CMV_binder_TCR_8768,0,0.89884937,0.9178415,0.80904436
A0301_KLGGALQAK_IE-1_CMV_binder_TCR_8772,0,0.8994938,0.9506842,0.8126617
A0301_KLGGALQAK_IE-1_CMV_binder_TCR_8793,1,0.9022339,0.9756408,0.84270316
A0301_KLGGALQAK_IE-1_CMV_binder_TCR_8806,0,0.8947241,0.9195568,0.76237917
A0301_KLGGALQAK_IE-1_CMV_binder_TCR_8873,0,0.8955372,0.9690214,0.79077065
A0301_KLGGALQAK_IE-1_CMV_binder_TCR_8893,0,0.89356065,0.94590074,0.77019817
A0301_KLGGALQAK_IE-1_CMV_binder_TCR_8906,1,0.899976,0.9495428,0.88807535
A0301_KLGGALQAK_IE-1_CMV_binder_TCR_8915,1,0.8947794,0.95130754,0.8392223
A0301_KLGGALQAK_IE-1_CMV_binder_TCR_8931,0,0.8970156,0.9519668,0.8075784
A0301_KLGGALQAK_IE-1_CMV_binder_TCR_8959,0,0.8999735,0.9478746,0.8406408
A0301_KLGGALQAK_IE-1_CMV_binder_TCR_8970,0,0.89393955,0.95521325,0.7200944
A0301_KLGGALQAK_IE-1_CMV_binder_TCR_8975,0,0.90093505,0.9689413,0.89311796
A0301_KLGGALQAK_IE-1_CMV_binder_TCR_8980,0,0.89659715,0.9422317,0.8528481
A0301_KLGGALQAK_IE-1_CMV_binder_TCR_9005,0,0.90056884,0.96879566,0.85904545
A0301_KLGGALQAK_IE-1_CMV_binder_TCR_9033,1,0.89988536,0.95793456,0.8468815
A0301_KLGGALQAK_IE-1_CMV_binder_TCR_9068,0,0.8978061,0.95375305,0.8428704
A0301_KLGGALQAK_IE-1_CMV_binder_TCR_907,0,0.90200996,0.971901,0.8177636
A0301_KLGGALQAK_IE-1_CMV_binder_TCR_9074,0,0.8978983,0.9367647,0.72853816
A0301_KLGGALQAK_IE-1_CMV_binder_TCR_9083,0,0.8992307,0.9373066,0.73717
A0301_KLGGALQAK_IE-1_CMV_binder_TCR_9111,0,0.89996094,0.96780574,0.8211712
A0301_KLGGALQAK_IE-1_CMV_binder_TCR_9136,0,0.89528275,0.9429825,0.8073448
A0301_KLGGALQAK_IE-1_CMV_binder_TCR_9154,0,0.8972151,0.9467794,0.8099645
A0301_KLGGALQAK_IE-1_CMV_binder_TCR_92,0,0.9020611,0.9608259,0.73886925
A0301_KLGGALQAK_IE-1_CMV_binder_TCR_9208,0,0.8984069,0.9555105,0.79587036
A0301_KLGGALQAK_IE-1_CMV_binder_TCR_9209,0,0.90040946,0.9626501,0.82343143
A0301_KLGGALQAK_IE-1_CMV_binder_TCR_9228,0,0.8999371,0.9594261,0.8322276
A0301_KLGGALQAK_IE-1_CMV_binder_TCR_9233,1,0.89985234,0.9697261,0.8933785
A0301_KLGGALQAK_IE-1_CMV_binder_TCR_9377,0,0.89982,0.9651312,0.83767325
A0301_KLGGALQAK_IE-1_CMV_binder_TCR_9385,0,0.897114,0.9632788,0.850461
A0301_KLGGALQAK_IE-1_CMV_binder_TCR_9386,0,0.8972274,0.9219002,0.76755655
A0301_KLGGALQAK_IE-1_CMV_binder_TCR_9405,0,0.89498115,0.9407539,0.7594709
A0301_KLGGALQAK_IE-1_CMV_binder_TCR_9412,1,0.8978741,0.95260876,0.82746994
A0301_KLGGALQAK_IE-1_CMV_binder_TCR_9425,0,0.89959496,0.9307169,0.81326145
A0301_KLGGALQAK_IE-1_CMV_binder_TCR_9441,0,0.90346795,0.96447253,0.8906349
A0301_KLGGALQAK_IE-1_CMV_binder_TCR_9448,0,0.90198183,0.97491765,0.82954925
A0301_KLGGALQAK_IE-1_CMV_binder_TCR_9458,1,0.89917964,0.9632572,0.84976625
A0301_KLGGALQAK_IE-1_CMV_binder_TCR_948,0,0.9025611,0.98113364,0.90503114
A0301_KLGGALQAK_IE-1_CMV_binder_TCR_9480,0,0.89985764,0.9761953,0.8707281
A0301_KLGGALQAK_IE-1_CMV_binder_TCR_9493,0,0.8963308,0.95276415,0.8594349
A0301_KLGGALQAK_IE-1_CMV_binder_TCR_9501,0,0.8936332,0.9386091,0.8853322
A0301_KLGGALQAK_IE-1_CMV_binder_TCR_9504,0,0.9016234,0.94380885,0.852005
A0301_KLGGALQAK_IE-1_CMV_binder_TCR_951,1,0.8989832,0.95725256,0.8433455
A0301_KLGGALQAK_IE-1_CMV_binder_TCR_9544,0,0.8963993,0.9591182,0.68773556
A0301_KLGGALQAK_IE-1_CMV_binder_TCR_9577,0,0.8997412,0.9693495,0.8444677
A0301_KLGGALQAK_IE-1_CMV_binder_TCR_9582,0,0.90052,0.96030325,0.80787975
A0301_KLGGALQAK_IE-1_CMV_binder_TCR_960,0,0.89987355,0.9734797,0.80492663
A0301_KLGGALQAK_IE-1_CMV_binder_TCR_9609,0,0.8996246,0.9721299,0.7446616
A0301_KLGGALQAK_IE-1_CMV_binder_TCR_9658,0,0.90042204,0.9392119,0.8355216
A0301_KLGGALQAK_IE-1_CMV_binder_TCR_9670,0,0.8990277,0.9554809,0.8548877
A0301_KLGGALQAK_IE-1_CMV_binder_TCR_968,0,0.89946747,0.9241867,0.62016785
A0301_KLGGALQAK_IE-1_CMV_binder_TCR_9725,0,0.8985353,0.9345979,0.78766155
A0301_KLGGALQAK_IE-1_CMV_binder_TCR_9737,0,0.8931149,0.93513405,0.85103
A0301_KLGGALQAK_IE-1_CMV_binder_TCR_9759,0,0.89450556,0.9230826,0.7532849
A0301_KLGGALQAK_IE-1_CMV_binder_TCR_9765,0,0.8996112,0.9445418,0.8136432
A0301_KLGGALQAK_IE-1_CMV_binder_TCR_9770,0,0.8982696,0.95439106,0.76599294
A0301_KLGGALQAK_IE-1_CMV_binder_TCR_9773,0,0.89742124,0.9564339,0.95245194
A0301_KLGGALQAK_IE-1_CMV_binder_TCR_9799,0,0.90131545,0.96426266,0.89680815
A0301_KLGGALQAK_IE-1_CMV_binder_TCR_9802,0,0.89477026,0.92628187,0.70377856
A0301_KLGGALQAK_IE-1_CMV_binder_TCR_9819,1,0.8955958,0.952349,0.7921821
A0301_KLGGALQAK_IE-1_CMV_binder_TCR_9822,0,0.89751273,0.9524096,0.86780244
A0301_KLGGALQAK_IE-1_CMV_binder_TCR_9845,1,0.8947631,0.9582164,0.8491479
A0301_KLGGALQAK_IE-1_CMV_binder_TCR_9857,0,0.89308345,0.93233764,0.8026886
A0301_KLGGALQAK_IE-1_CMV_binder_TCR_9859,0,0.895875,0.9561854,0.58548063
A0301_KLGGALQAK_IE-1_CMV_binder_TCR_9892,1,0.8975368,0.9524165,0.81581587
A0301_KLGGALQAK_IE-1_CMV_binder_TCR_9919,0,0.8961458,0.9290651,0.84914064
A0301_KLGGALQAK_IE-1_CMV_binder_TCR_9922,0,0.89642507,0.9648712,0.80636555
A0301_KLGGALQAK_IE-1_CMV_binder_TCR_9945,0,0.898183,0.9317127,0.81118494
A0301_KLGGALQAK_IE-1_CMV_binder_TCR_9963,0,0.897708,0.95159537,0.8221295
A0301_KLGGALQAK_IE-1_CMV_binder_TCR_9988,0,0.8964487,0.9328863,0.8244399
A0301_KLGGALQAK_IE-1_CMV_binder_TCR_9997,0,0.8979253,0.9633302,0.861912
A2402_AYAQKIFKI_IE-1_CMV_binder_TCR_10016,0,0.7472286,0.009696271,1.9346254e-08
A2402_AYAQKIFKI_IE-1_CMV_binder_TCR_10053,0,0.74150926,0.0008167898,2.6154592e-10
A2402_AYAQKIFKI_IE-1_CMV_binder_TCR_10057,0,0.7436905,0.0005907313,1.6644178e-08
A2402_AYAQKIFKI_IE-1_CMV_binder_TCR_10061,0,0.741556,0.00030235908,5.307098e-10
A2402_AYAQKIFKI_IE-1_CMV_binder_TCR_10113,0,0.7374362,0.00048418308,1.4715229e-10
A2402_AYAQKIFKI_IE-1_CMV_binder_TCR_10160,0,0.7468421,0.00016268707,1.9361543e-07
A2402_AYAQKIFKI_IE-1_CMV_binder_TCR_10174,0,0.7451356,0.0018684054,1.1942929e-07
A2402_AYAQKIFKI_IE-1_CMV_binder_TCR_10257,0,0.7497618,0.0010754424,1.3054319e-07
A2402_AYAQKIFKI_IE-1_CMV_binder_TCR_10279,0,0.7412636,0.002679238,1.2684266e-06
A2402_AYAQKIFKI_IE-1_CMV_binder_TCR_10304,0,0.7490519,0.00067252107,0.0004295834
A2402_AYAQKIFKI_IE-1_CMV_binder_TCR_10311,0,0.7409298,0.00040818067,6.787645e-11
A2402_AYAQKIFKI_IE-1_CMV_binder_TCR_10324,0,0.7434291,0.00010123945,1.4640089e-10
A2402_AYAQKIFKI_IE-1_CMV_binder_TCR_10346,0,0.74863255,0.00038286654,2.222931e-06
A2402_AYAQKIFKI_IE-1_CMV_binder_TCR_10351,0,0.7427336,0.0011894158,7.27805e-08
A2402_AYAQKIFKI_IE-1_CMV_binder_TCR_10361,0,0.74447083,0.00046822,3.1984443e-11
A2402_AYAQKIFKI_IE-1_CMV_binder_TCR_10411,0,0.742702,0.00043048445,6.216459e-14
A2402_AYAQKIFKI_IE-1_CMV_binder_TCR_10441,0,0.7383028,0.0039343215,0.00036524097
A2402_AYAQKIFKI_IE-1_CMV_binder_TCR_1045,0,0.7456509,0.0012857327,3.4524771e-06
A2402_AYAQKIFKI_IE-1_CMV_binder_TCR_10454,0,0.74253947,0.001077539,3.355016e-08
A2402_AYAQKIFKI_IE-1_CMV_binder_TCR_10514,0,0.75142485,0.0003541001,9.860893e-10
A2402_AYAQKIFKI_IE-1_CMV_binder_TCR_10544,0,0.74453783,0.00078020134,3.7904105e-10
A2402_AYAQKIFKI_IE-1_CMV_binder_TCR_1056,0,0.74065304,0.00022962928,8.7418416e-16
A2402_AYAQKIFKI_IE-1_CMV_binder_TCR_10588,0,0.7434343,0.0040936647,2.0205318e-05
A2402_AYAQKIFKI_IE-1_CMV_binder_TCR_10657,0,0.75345206,0.00071196206,3.9391663e-09
A2402_AYAQKIFKI_IE-1_CMV_binder_TCR_10672,0,0.7530106,0.0013532554,5.531612e-08
A2402_AYAQKIFKI_IE-1_CMV_binder_TCR_10745,0,0.7393112,0.00023575495,3.7239047e-09
A2402_AYAQKIFKI_IE-1_CMV_binder_TCR_10749,0,0.74688834,0.0021081846,2.9835873e-11
A2402_AYAQKIFKI_IE-1_CMV_binder_TCR_10761,0,0.7482463,0.0007072348,3.302993e-13
A2402_AYAQKIFKI_IE-1_CMV_binder_TCR_10847,0,0.7445447,0.00012213802,3.697613e-08
A2402_AYAQKIFKI_IE-1_CMV_binder_TCR_10859,0,0.7510993,0.007183565,2.7804888e-06
A2402_AYAQKIFKI_IE-1_CMV_binder_TCR_10883,0,0.7454759,0.001401068,6.166899e-06
A2402_AYAQKIFKI_IE-1_CMV_binder_TCR_10924,0,0.7434907,0.00024554407,6.6604944e-09
A2402_AYAQKIFKI_IE-1_CMV_binder_TCR_10957,0,0.7430014,0.00031723524,3.3741238e-10
A2402_AYAQKIFKI_IE-1_CMV_binder_TCR_10961,0,0.7475027,0.00023388081,1.2286998e-13
A2402_AYAQKIFKI_IE-1_CMV_binder_TCR_10976,0,0.7429662,0.008085997,5.073719e-05
A2402_AYAQKIFKI_IE-1_CMV_binder_TCR_10995,0,0.749273,0.00017587196,1.497049e-15
A2402_AYAQKIFKI_IE-1_CMV_binder_TCR_11022,0,0.74242234,0.0006741831,9.5468605e-11
A2402_AYAQKIFKI_IE-1_CMV_binder_TCR_11047,0,0.7443,0.0006598972,3.369019e-13
A2402_AYAQKIFKI_IE-1_CMV_binder_TCR_11062,0,0.7485115,0.0004270047,6.855324e-08
A2402_AYAQKIFKI_IE-1_CMV_binder_TCR_11072,0,0.74254453,0.00025723982,2.2659117e-09
A2402_AYAQKIFKI_IE-1_CMV_binder_TCR_11074,0,0.7491054,0.000109547225,9.507568e-12
A2402_AYAQKIFKI_IE-1_CMV_binder_TCR_1108,0,0.74319494,0.00074563944,1.835167e-08
A2402_AYAQKIFKI_IE-1_CMV_binder_TCR_11121,0,0.7532753,0.000687154,3.4446e-13
A2402_AYAQKIFKI_IE-1_CMV_binder_TCR_11167,0,0.74448043,0.0009951366,4.2789345e-09
A2402_AYAQKIFKI_IE-1_CMV_binder_TCR_11189,0,0.7491235,0.00058389705,1.3477445e-07
A2402_AYAQKIFKI_IE-1_CMV_binder_TCR_11210,0,0.7438316,0.0008003828,1.4615836e-11
A2402_AYAQKIFKI_IE-1_CMV_binder_TCR_11218,0,0.75224775,0.00034455315,2.4076963e-10
A2402_AYAQKIFKI_IE-1_CMV_binder_TCR_11224,0,0.7430161,0.0003540073,2.8918907e-07
A2402_AYAQKIFKI_IE-1_CMV_binder_TCR_11235,0,0.7505782,0.0062211184,0.0013818311
A2402_AYAQKIFKI_IE-1_CMV_binder_TCR_11272,0,0.74820536,0.001341397,2.7499516e-07
A2402_AYAQKIFKI_IE-1_CMV_binder_TCR_11291,0,0.7483818,0.0005920358,2.4295593e-06
A2402_AYAQKIFKI_IE-1_CMV_binder_TCR_11307,0,0.75183463,0.0010844573,3.499876e-15
A2402_AYAQKIFKI_IE-1_CMV_binder_TCR_11360,0,0.7472094,0.000489746,6.744098e-09
A2402_AYAQKIFKI_IE-1_CMV_binder_TCR_11366,0,0.7504087,0.00044137894,3.2304577e-09
A2402_AYAQKIFKI_IE-1_CMV_binder_TCR_11369,0,0.7440658,0.00048778878,3.1644884e-06
A2402_AYAQKIFKI_IE-1_CMV_binder_TCR_11371,0,0.74206364,0.001080096,1.5724696e-09
A2402_AYAQKIFKI_IE-1_CMV_binder_TCR_11417,0,0.7481571,0.03229772,1.5579784e-07
A2402_AYAQKIFKI_IE-1_CMV_binder_TCR_11471,0,0.7450779,0.00037167553,1.1106081e-08
A2402_AYAQKIFKI_IE-1_CMV_binder_TCR_11496,0,0.7418408,0.0005473264,3.9899896e-05
A2402_AYAQKIFKI_IE-1_CMV_binder_TCR_11512,0,0.7455092,0.00079657923,5.7414667e-08
A2402_AYAQKIFKI_IE-1_CMV_binder_TCR_1156,0,0.74088234,0.00045721108,4.2155233e-12
A2402_AYAQKIFKI_IE-1_CMV_binder_TCR_11566,0,0.74179816,0.0011373997,1.25461265e-05
A2402_AYAQKIFKI_IE-1_CMV_binder_TCR_11597,1,0.7405986,0.0004453555,8.821159e-10
A2402_AYAQKIFKI_IE-1_CMV_binder_TCR_11616,0,0.74703723,0.0003542163,3.9260692e-09
A2402_AYAQKIFKI_IE-1_CMV_binder_TCR_11628,0,0.7507382,0.0011072853,7.660011e-06
A2402_AYAQKIFKI_IE-1_CMV_binder_TCR_11665,0,0.74250793,0.0022175226,8.8686614e-11
A2402_AYAQKIFKI_IE-1_CMV_binder_TCR_11674,0,0.7414942,0.001998674,1.39845e-09
A2402_AYAQKIFKI_IE-1_CMV_binder_TCR_1169,0,0.74957126,0.00024739603,6.047204e-13
A2402_AYAQKIFKI_IE-1_CMV_binder_TCR_11695,0,0.74909025,0.00016479447,1.0173062e-08
A2402_AYAQKIFKI_IE-1_CMV_binder_TCR_11705,0,0.75642157,0.0060533523,1.3387772e-07
A2402_AYAQKIFKI_IE-1_CMV_binder_TCR_1175,0,0.74136585,0.0004403241,1.1682358e-15
A2402_AYAQKIFKI_IE-1_CMV_binder_TCR_11790,0,0.74376553,0.00024411874,3.1660385e-15
A2402_AYAQKIFKI_IE-1_CMV_binder_TCR_11814,0,0.7403395,0.0007441991,1.5966111e-09
A2402_AYAQKIFKI_IE-1_CMV_binder_TCR_11819,0,0.74828017,0.00041655026,1.3841593e-10
A2402_AYAQKIFKI_IE-1_CMV_binder_TCR_11845,0,0.7458987,0.0010228164,3.9816046e-06
A2402_AYAQKIFKI_IE-1_CMV_binder_TCR_11846,0,0.7413876,0.0015905488,8.190566e-12
A2402_AYAQKIFKI_IE-1_CMV_binder_TCR_11871,0,0.74530065,0.00023714436,1.3527878e-12
A2402_AYAQKIFKI_IE-1_CMV_binder_TCR_11929,0,0.74539894,0.0034822458,9.452866e-09
A2402_AYAQKIFKI_IE-1_CMV_binder_TCR_11935,0,0.7438764,0.00015051098,1.28904e-07
A2402_AYAQKIFKI_IE-1_CMV_binder_TCR_11949,0,0.7423701,0.00011758683,0.00013320366
A2402_AYAQKIFKI_IE-1_CMV_binder_TCR_11975,0,0.74550223,0.0005857191,4.3319424e-09
A2402_AYAQKIFKI_IE-1_CMV_binder_TCR_12029,0,0.7441342,0.00013969507,1.07595526e-13
A2402_AYAQKIFKI_IE-1_CMV_binder_TCR_12077,0,0.74600375,0.00018459877,5.218955e-09
A2402_AYAQKIFKI_IE-1_CMV_binder_TCR_12123,0,0.74727243,0.00027805852,1.2377783e-11
A2402_AYAQKIFKI_IE-1_CMV_binder_TCR_12159,0,0.74571747,0.0037682143,4.9380156e-07
A2402_AYAQKIFKI_IE-1_CMV_binder_TCR_12170,0,0.7456333,0.002415164,4.5242794e-07
A2402_AYAQKIFKI_IE-1_CMV_binder_TCR_12185,0,0.7507434,0.0012084369,4.056913e-09
A2402_AYAQKIFKI_IE-1_CMV_binder_TCR_1221,0,0.7376457,0.00010528298,6.5253483e-15
A2402_AYAQKIFKI_IE-1_CMV_binder_TCR_12220,0,0.74027574,0.0202188,1.0229195e-05
A2402_AYAQKIFKI_IE-1_CMV_binder_TCR_12225,0,0.74012685,0.0020858552,1.6428207e-10
A2402_AYAQKIFKI_IE-1_CMV_binder_TCR_12238,0,0.7436576,0.00070840307,0.00010317835
A2402_AYAQKIFKI_IE-1_CMV_binder_TCR_12242,0,0.74074054,0.017064165,1.0633131e-06
A2402_AYAQKIFKI_IE-1_CMV_binder_TCR_12243,0,0.74431413,0.0009849233,3.8479504e-07
A2402_AYAQKIFKI_IE-1_CMV_binder_TCR_12252,0,0.7463555,0.00058040116,8.020998e-09
A2402_AYAQKIFKI_IE-1_CMV_binder_TCR_12260,0,0.7426551,0.0008148774,1.1778415e-06
A2402_AYAQKIFKI_IE-1_CMV_binder_TCR_12295,0,0.74522936,0.00054253906,1.2606465e-05
A2402_AYAQKIFKI_IE-1_CMV_binder_TCR_12304,0,0.7480483,0.0006373461,9.0819384e-07
A2402_AYAQKIFKI_IE-1_CMV_binder_TCR_12330,0,0.7478871,0.00024430943,6.9959853e-13
A2402_AYAQKIFKI_IE-1_CMV_binder_TCR_12358,0,0.7435735,0.000750683,2.0520216e-07
A2402_AYAQKIFKI_IE-1_CMV_binder_TCR_12367,0,0.74375135,0.00016797324,5.4817228e-08
A2402_AYAQKIFKI_IE-1_CMV_binder_TCR_1238,0,0.7412415,0.00014636749,9.44622e-12
A2402_AYAQKIFKI_IE-1_CMV_binder_TCR_12404,0,0.7490952,0.0074743778,5.3422605e-06
A2402_AYAQKIFKI_IE-1_CMV_binder_TCR_12419,0,0.74726737,0.00028305233,2.739725e-09
A2402_AYAQKIFKI_IE-1_CMV_binder_TCR_12438,0,0.7508179,0.0003417388,8.687123e-07
A2402_AYAQKIFKI_IE-1_CMV_binder_TCR_1245,0,0.74599725,0.0008800249,4.7988546e-10
A2402_AYAQKIFKI_IE-1_CMV_binder_TCR_12469,0,0.74610615,0.0005698446,7.0547453e-06
A2402_AYAQKIFKI_IE-1_CMV_binder_TCR_12495,0,0.74963415,0.0011507543,2.0841267e-06
A2402_AYAQKIFKI_IE-1_CMV_binder_TCR_12530,0,0.75361735,0.001374311,4.9818777e-06
A2402_AYAQKIFKI_IE-1_CMV_binder_TCR_12537,0,0.74294573,0.00070112833,0.001619127
A2402_AYAQKIFKI_IE-1_CMV_binder_TCR_1259,0,0.7455674,0.0027197653,1.5932586e-09
A2402_AYAQKIFKI_IE-1_CMV_binder_TCR_12632,0,0.7533899,0.0014061561,4.100629e-07
A2402_AYAQKIFKI_IE-1_CMV_binder_TCR_12637,0,0.7516788,0.0005483763,1.6532274e-05
A2402_AYAQKIFKI_IE-1_CMV_binder_TCR_12640,0,0.74896455,0.00017181467,8.775609e-11
A2402_AYAQKIFKI_IE-1_CMV_binder_TCR_12662,0,0.7491879,0.00012974163,1.3943736e-11
A2402_AYAQKIFKI_IE-1_CMV_binder_TCR_12666,0,0.7422183,0.0004973197,4.4726674e-13
A2402_AYAQKIFKI_IE-1_CMV_binder_TCR_12677,0,0.74991316,0.00087576563,2.4792263e-07
A2402_AYAQKIFKI_IE-1_CMV_binder_TCR_12700,0,0.7478099,0.0007608928,2.7518588e-06
A2402_AYAQKIFKI_IE-1_CMV_binder_TCR_12707,0,0.74714845,0.0046388684,1.687118e-06
A2402_AYAQKIFKI_IE-1_CMV_binder_TCR_1272,0,0.74808264,0.00026298017,1.7811153e-08
A2402_AYAQKIFKI_IE-1_CMV_binder_TCR_12768,0,0.74273086,0.00018715818,5.6646976e-10
A2402_AYAQKIFKI_IE-1_CMV_binder_TCR_12934,0,0.74973714,0.00042183176,7.739792e-12
A2402_AYAQKIFKI_IE-1_CMV_binder_TCR_12958,0,0.7421789,0.0004670312,1.3899035e-09
A2402_AYAQKIFKI_IE-1_CMV_binder_TCR_12966,0,0.74152744,0.00052975037,4.5798556e-06
A2402_AYAQKIFKI_IE-1_CMV_binder_TCR_12979,0,0.7469816,0.0004177974,1.3494655e-05
A2402_AYAQKIFKI_IE-1_CMV_binder_TCR_12983,0,0.74453217,0.001505431,4.6507346e-08
A2402_AYAQKIFKI_IE-1_CMV_binder_TCR_13014,0,0.7497741,0.00016798236,1.3772018e-10
A2402_AYAQKIFKI_IE-1_CMV_binder_TCR_13033,0,0.7454061,0.00032967058,1.0153789e-09
A2402_AYAQKIFKI_IE-1_CMV_binder_TCR_13034,0,0.75087047,0.000413217,6.03832e-07
A2402_AYAQKIFKI_IE-1_CMV_binder_TCR_13075,0,0.74536765,0.0006865842,1.2349724e-06
A2402_AYAQKIFKI_IE-1_CMV_binder_TCR_13105,0,0.74277234,0.00029656722,5.1549365e-09
A2402_AYAQKIFKI_IE-1_CMV_binder_TCR_13111,0,0.7435221,0.00025309747,1.0763134e-05
A2402_AYAQKIFKI_IE-1_CMV_binder_TCR_13114,0,0.74171025,0.00070983515,0.0014483236
A2402_AYAQKIFKI_IE-1_CMV_binder_TCR_13119,0,0.7477524,0.00019600934,5.4806407e-07
A2402_AYAQKIFKI_IE-1_CMV_binder_TCR_13125,0,0.7411134,0.00013111153,4.4105057e-08
A2402_AYAQKIFKI_IE-1_CMV_binder_TCR_13128,0,0.7405058,0.0005492286,7.662191e-09
A2402_AYAQKIFKI_IE-1_CMV_binder_TCR_13148,0,0.74589324,0.0004962358,3.9124995e-10
A2402_AYAQKIFKI_IE-1_CMV_binder_TCR_13169,0,0.74700755,0.0006574566,6.81653e-05
A2402_AYAQKIFKI_IE-1_CMV_binder_TCR_13211,0,0.7399534,0.00023098965,5.685535e-10
A2402_AYAQKIFKI_IE-1_CMV_binder_TCR_13263,0,0.74272126,0.0015937042,5.997818e-07
A2402_AYAQKIFKI_IE-1_CMV_binder_TCR_13304,0,0.7453314,0.00048545512,2.5803118e-07
A2402_AYAQKIFKI_IE-1_CMV_binder_TCR_13315,0,0.7400696,0.00019627638,1.0472359e-07
A2402_AYAQKIFKI_IE-1_CMV_binder_TCR_13328,0,0.7482062,0.001320274,3.9609752e-10
A2402_AYAQKIFKI_IE-1_CMV_binder_TCR_13336,0,0.73970205,0.0045423065,5.1943694e-05
A2402_AYAQKIFKI_IE-1_CMV_binder_TCR_13346,0,0.7452115,0.00023680656,4.023323e-09
A2402_AYAQKIFKI_IE-1_CMV_binder_TCR_13382,0,0.74646634,0.0018001915,0.00028390932
A2402_AYAQKIFKI_IE-1_CMV_binder_TCR_1339,0,0.74585557,0.00036021724,2.062575e-07
A2402_AYAQKIFKI_IE-1_CMV_binder_TCR_13425,0,0.74535996,0.00063310825,5.1640536e-11
A2402_AYAQKIFKI_IE-1_CMV_binder_TCR_13429,0,0.7405265,0.004056876,0.0059054224
A2402_AYAQKIFKI_IE-1_CMV_binder_TCR_13435,0,0.74407876,0.0014532338,4.6127562e-07
A2402_AYAQKIFKI_IE-1_CMV_binder_TCR_13469,0,0.7503381,0.00079307257,6.2592136e-12
A2402_AYAQKIFKI_IE-1_CMV_binder_TCR_13509,0,0.73888236,0.0004203101,5.4444844e-11
A2402_AYAQKIFKI_IE-1_CMV_binder_TCR_1352,0,0.74879175,0.00053096307,2.410991e-10
A2402_AYAQKIFKI_IE-1_CMV_binder_TCR_13544,0,0.743511,0.00037717953,1.03696564e-07
A2402_AYAQKIFKI_IE-1_CMV_binder_TCR_13561,0,0.7485265,0.005334983,1.2293976e-06
A2402_AYAQKIFKI_IE-1_CMV_binder_TCR_13602,0,0.74406356,0.0003827118,1.4878639e-05
A2402_AYAQKIFKI_IE-1_CMV_binder_TCR_13612,0,0.7476062,0.008586484,0.00032937934
A2402_AYAQKIFKI_IE-1_CMV_binder_TCR_13645,0,0.7463256,0.06437984,0.042129334
A2402_AYAQKIFKI_IE-1_CMV_binder_TCR_13651,0,0.7433569,0.00028131218,3.6353754e-06
A2402_AYAQKIFKI_IE-1_CMV_binder_TCR_13656,0,0.7450388,0.0049763424,0.00041947074
A2402_AYAQKIFKI_IE-1_CMV_binder_TCR_13663,0,0.74622095,0.005059359,4.2675624e-10
A2402_AYAQKIFKI_IE-1_CMV_binder_TCR_13671,0,0.7501254,0.0004308868,2.4392382e-06
A2402_AYAQKIFKI_IE-1_CMV_binder_TCR_13722,0,0.7411456,0.009663127,5.929462e-08
A2402_AYAQKIFKI_IE-1_CMV_binder_TCR_13756,0,0.7490724,0.0023289577,0.0010960073
A2402_AYAQKIFKI_IE-1_CMV_binder_TCR_13769,0,0.7478112,0.001604847,4.0347977e-06
A2402_AYAQKIFKI_IE-1_CMV_binder_TCR_13780,0,0.7502719,0.0026287232,2.8991638e-08
A2402_AYAQKIFKI_IE-1_CMV_binder_TCR_13814,0,0.74633193,0.00048261115,4.997586e-08
A2402_AYAQKIFKI_IE-1_CMV_binder_TCR_13846,0,0.7432891,0.0072355485,4.489238e-07
A2402_AYAQKIFKI_IE-1_CMV_binder_TCR_13862,0,0.7445096,0.00028632593,1.9339713e-07
A2402_AYAQKIFKI_IE-1_CMV_binder_TCR_13868,0,0.74301624,0.0012423346,1.0721332e-06
A2402_AYAQKIFKI_IE-1_CMV_binder_TCR_13870,0,0.74641746,0.0019201831,0.00024684353
A2402_AYAQKIFKI_IE-1_CMV_binder_TCR_13882,0,0.748118,0.008450876,0.28704667
A2402_AYAQKIFKI_IE-1_CMV_binder_TCR_1390,0,0.7461794,0.00031331938,1.0494042e-13
A2402_AYAQKIFKI_IE-1_CMV_binder_TCR_13907,0,0.7452823,0.00014882202,1.7762375e-11
A2402_AYAQKIFKI_IE-1_CMV_binder_TCR_13911,0,0.7454202,0.00048489252,4.6929915e-11
A2402_AYAQKIFKI_IE-1_CMV_binder_TCR_1392,0,0.7410056,0.00035516746,4.5230104e-12
A2402_AYAQKIFKI_IE-1_CMV_binder_TCR_13929,0,0.74354655,0.00061505026,1.4322771e-09
A2402_AYAQKIFKI_IE-1_CMV_binder_TCR_13966,0,0.74441713,0.0046310676,0.00011754603
A2402_AYAQKIFKI_IE-1_CMV_binder_TCR_13970,0,0.7532016,0.00017690986,2.6702067e-13
A2402_AYAQKIFKI_IE-1_CMV_binder_TCR_13979,0,0.742599,0.00020449697,3.9444092e-15
A2402_AYAQKIFKI_IE-1_CMV_binder_TCR_14007,0,0.7458258,0.00026428976,1.2038348e-06
A2402_AYAQKIFKI_IE-1_CMV_binder_TCR_14008,0,0.74646974,0.0019492899,2.8453365e-05
A2402_AYAQKIFKI_IE-1_CMV_binder_TCR_14037,0,0.7478603,0.0011521423,0.0030433987
A2402_AYAQKIFKI_IE-1_CMV_binder_TCR_14045,0,0.75091285,0.0053122654,1.5053548e-05
A2402_AYAQKIFKI_IE-1_CMV_binder_TCR_14090,0,0.7478082,0.00010186084,2.0496074e-10
A2402_AYAQKIFKI_IE-1_CMV_binder_TCR_14096,0,0.75221044,0.0015823368,1.04359685e-07
A2402_AYAQKIFKI_IE-1_CMV_binder_TCR_14108,0,0.74673146,0.00090467307,2.489934e-07
A2402_AYAQKIFKI_IE-1_CMV_binder_TCR_14120,0,0.743729,0.004548257,8.285356e-09
A2402_AYAQKIFKI_IE-1_CMV_binder_TCR_14132,0,0.7508723,0.0055146273,3.694278e-05
A2402_AYAQKIFKI_IE-1_CMV_binder_TCR_14180,0,0.7441518,0.0018740881,4.095005e-07
A2402_AYAQKIFKI_IE-1_CMV_binder_TCR_14195,0,0.7453649,0.001611741,2.3479336e-13
A2402_AYAQKIFKI_IE-1_CMV_binder_TCR_14204,0,0.74894303,0.0015900143,8.366217e-06
A2402_AYAQKIFKI_IE-1_CMV_binder_TCR_14206,0,0.7398048,0.0057385303,6.917773e-06
A2402_AYAQKIFKI_IE-1_CMV_binder_TCR_14245,0,0.7480126,0.0006218781,1.6911696e-09
A2402_AYAQKIFKI_IE-1_CMV_binder_TCR_14252,0,0.7480335,0.00077467575,3.7653714e-05
A2402_AYAQKIFKI_IE-1_CMV_binder_TCR_14256,0,0.7498348,0.00038232052,3.9143767e-08
A2402_AYAQKIFKI_IE-1_CMV_binder_TCR_14264,0,0.7563795,0.0037201534,0.0039429264
A2402_AYAQKIFKI_IE-1_CMV_binder_TCR_14287,0,0.7481477,0.00097581523,2.532819e-06
A2402_AYAQKIFKI_IE-1_CMV_binder_TCR_14322,0,0.75069934,0.00013286977,1.1510626e-16
A2402_AYAQKIFKI_IE-1_CMV_binder_TCR_14328,0,0.7437308,0.0037535857,1.3743795e-12
A2402_AYAQKIFKI_IE-1_CMV_binder_TCR_14427,0,0.7474151,0.013706252,1.2516548e-05
A2402_AYAQKIFKI_IE-1_CMV_binder_TCR_14433,0,0.74808514,0.00036238547,3.609425e-11
A2402_AYAQKIFKI_IE-1_CMV_binder_TCR_14445,0,0.74483585,0.00036110188,1.9841134e-07
A2402_AYAQKIFKI_IE-1_CMV_binder_TCR_14459,0,0.7470835,0.030750066,0.51073277
A2402_AYAQKIFKI_IE-1_CMV_binder_TCR_14460,0,0.748131,0.0008610524,0.015734399
A2402_AYAQKIFKI_IE-1_CMV_binder_TCR_14468,0,0.7478973,0.0048721824,0.0013838183
A2402_AYAQKIFKI_IE-1_CMV_binder_TCR_14495,0,0.7451929,0.00062148285,5.435478e-06
A2402_AYAQKIFKI_IE-1_CMV_binder_TCR_145,0,0.7488521,0.0007111863,8.998084e-08
A2402_AYAQKIFKI_IE-1_CMV_binder_TCR_14514,0,0.74752253,0.00030105372,3.0014053e-08
A2402_AYAQKIFKI_IE-1_CMV_binder_TCR_14534,0,0.7457462,0.0038112665,2.4637679e-05
A2402_AYAQKIFKI_IE-1_CMV_binder_TCR_14539,0,0.7460979,0.0004953577,1.3321089e-07
A2402_AYAQKIFKI_IE-1_CMV_binder_TCR_14569,0,0.74102664,0.0058275764,3.3584145e-06
A2402_AYAQKIFKI_IE-1_CMV_binder_TCR_14583,0,0.7450028,0.00052715896,1.6975369e-08
A2402_AYAQKIFKI_IE-1_CMV_binder_TCR_14599,0,0.7410841,0.0010741124,9.263465e-06
A2402_AYAQKIFKI_IE-1_CMV_binder_TCR_14647,0,0.7423291,0.013467503,7.9873076e-05
A2402_AYAQKIFKI_IE-1_CMV_binder_TCR_14679,0,0.7530632,0.0005515274,2.8175707e-05
A2402_AYAQKIFKI_IE-1_CMV_binder_TCR_14685,0,0.74409354,0.0011928254,1.8364244e-06
A2402_AYAQKIFKI_IE-1_CMV_binder_TCR_14689,0,0.7493014,0.003527685,1.551302e-05
A2402_AYAQKIFKI_IE-1_CMV_binder_TCR_14704,0,0.7398587,0.0018867492,6.2186557e-13
A2402_AYAQKIFKI_IE-1_CMV_binder_TCR_14708,0,0.74534506,0.0014956362,2.2989095e-09
A2402_AYAQKIFKI_IE-1_CMV_binder_TCR_14731,0,0.7511301,0.0009560908,2.6584514e-14
A2402_AYAQKIFKI_IE-1_CMV_binder_TCR_14774,0,0.7419485,0.0028472603,5.5486043e-07
A2402_AYAQKIFKI_IE-1_CMV_binder_TCR_14791,0,0.7508119,0.009404138,3.7506954e-06
A2402_AYAQKIFKI_IE-1_CMV_binder_TCR_14852,0,0.747776,0.005001582,4.1914197e-07
A2402_AYAQKIFKI_IE-1_CMV_binder_TCR_14863,0,0.75125676,0.00044606332,3.2184755e-05
A2402_AYAQKIFKI_IE-1_CMV_binder_TCR_14867,0,0.74192005,0.0035137818,0.00012662819
A2402_AYAQKIFKI_IE-1_CMV_binder_TCR_14965,0,0.7513727,0.0009733143,8.713426e-08
A2402_AYAQKIFKI_IE-1_CMV_binder_TCR_14976,0,0.74763924,0.00019868181,7.014949e-12
A2402_AYAQKIFKI_IE-1_CMV_binder_TCR_14979,0,0.74131763,0.00038695234,2.6503027e-12
A2402_AYAQKIFKI_IE-1_CMV_binder_TCR_15035,0,0.7475746,0.0003707427,3.128197e-12
A2402_AYAQKIFKI_IE-1_CMV_binder_TCR_15044,0,0.74517435,0.0004027854,2.6683043e-08
A2402_AYAQKIFKI_IE-1_CMV_binder_TCR_15052,0,0.74835205,0.00048785596,6.4886825e-07
A2402_AYAQKIFKI_IE-1_CMV_binder_TCR_15083,0,0.74731034,8.693809e-05,2.3996651e-09
A2402_AYAQKIFKI_IE-1_CMV_binder_TCR_1513,0,0.74461186,0.0011005449,6.90554e-10
A2402_AYAQKIFKI_IE-1_CMV_binder_TCR_15207,0,0.747451,0.0006130613,7.146157e-13
A2402_AYAQKIFKI_IE-1_CMV_binder_TCR_15209,0,0.74590933,0.0006684615,2.2260564e-12
A2402_AYAQKIFKI_IE-1_CMV_binder_TCR_15219,0,0.74910945,0.0005755871,7.112982e-15
A2402_AYAQKIFKI_IE-1_CMV_binder_TCR_15226,0,0.7468073,0.0010781818,1.2776035e-06
A2402_AYAQKIFKI_IE-1_CMV_binder_TCR_15228,0,0.74543524,0.019957481,1.9158101e-06
A2402_AYAQKIFKI_IE-1_CMV_binder_TCR_15250,0,0.7437514,0.005340494,8.953741e-12
A2402_AYAQKIFKI_IE-1_CMV_binder_TCR_15268,0,0.7471107,0.0003881216,5.0025886e-07
A2402_AYAQKIFKI_IE-1_CMV_binder_TCR_15278,0,0.74491626,0.0024713932,1.3022879e-05
A2402_AYAQKIFKI_IE-1_CMV_binder_TCR_15285,0,0.7482031,0.0004413629,1.9972428e-17
A2402_AYAQKIFKI_IE-1_CMV_binder_TCR_15287,0,0.7449986,0.00041580282,1.3536323e-15
A2402_AYAQKIFKI_IE-1_CMV_binder_TCR_15291,0,0.743467,0.00047981535,2.6895252e-11
A2402_AYAQKIFKI_IE-1_CMV_binder_TCR_15325,0,0.7451977,0.0018507413,8.9035914e-30
A2402_AYAQKIFKI_IE-1_CMV_binder_TCR_15327,0,0.7460198,0.002357457,1.6229284e-11
A2402_AYAQKIFKI_IE-1_CMV_binder_TCR_15335,0,0.74392855,0.00020144065,8.432486e-11
A2402_AYAQKIFKI_IE-1_CMV_binder_TCR_15357,0,0.7486164,0.0020822077,6.174089e-09
A2402_AYAQKIFKI_IE-1_CMV_binder_TCR_15381,0,0.7432234,0.00042015742,6.472583e-10
A2402_AYAQKIFKI_IE-1_CMV_binder_TCR_1549,0,0.74718773,0.0001933064,5.2720966e-06
A2402_AYAQKIFKI_IE-1_CMV_binder_TCR_15553,0,0.74557745,0.0011083406,2.5472027e-06
A2402_AYAQKIFKI_IE-1_CMV_binder_TCR_15571,0,0.75303733,0.0016713797,4.8376267e-05
A2402_AYAQKIFKI_IE-1_CMV_binder_TCR_1559,0,0.7440984,0.001949829,8.638856e-09
A2402_AYAQKIFKI_IE-1_CMV_binder_TCR_15600,0,0.74411976,0.00051994034,3.1621568e-08
A2402_AYAQKIFKI_IE-1_CMV_binder_TCR_15619,0,0.7450237,0.010564072,1.0604826e-10
A2402_AYAQKIFKI_IE-1_CMV_binder_TCR_15623,0,0.7488018,0.00012189856,1.9431493e-16
A2402_AYAQKIFKI_IE-1_CMV_binder_TCR_15669,0,0.7464015,0.00022919335,1.2085844e-06
A2402_AYAQKIFKI_IE-1_CMV_binder_TCR_15683,0,0.73835707,0.0017765446,2.8807916e-08
A2402_AYAQKIFKI_IE-1_CMV_binder_TCR_15697,0,0.74481034,0.00042199384,4.593228e-09
A2402_AYAQKIFKI_IE-1_CMV_binder_TCR_15704,0,0.7398631,0.00034104066,2.4960062e-07
A2402_AYAQKIFKI_IE-1_CMV_binder_TCR_15729,0,0.7441387,0.0007571872,5.056115e-06
A2402_AYAQKIFKI_IE-1_CMV_binder_TCR_15762,0,0.7407978,0.0002435747,7.021499e-11
A2402_AYAQKIFKI_IE-1_CMV_binder_TCR_15784,0,0.74436766,0.00050112366,1.9563142e-08
A2402_AYAQKIFKI_IE-1_CMV_binder_TCR_15853,0,0.7413588,0.0007795314,1.8999656e-12
A2402_AYAQKIFKI_IE-1_CMV_binder_TCR_1587,0,0.7491769,0.00012128521,7.301398e-11
A2402_AYAQKIFKI_IE-1_CMV_binder_TCR_15894,0,0.7453566,0.0055711637,0.0001832023
A2402_AYAQKIFKI_IE-1_CMV_binder_TCR_15922,0,0.7458025,0.0003688348,2.270178e-08
A2402_AYAQKIFKI_IE-1_CMV_binder_TCR_15967,0,0.7500548,0.0010402427,2.6108802e-09
A2402_AYAQKIFKI_IE-1_CMV_binder_TCR_15971,0,0.74157095,0.0033227182,1.5987989e-07
A2402_AYAQKIFKI_IE-1_CMV_binder_TCR_16008,0,0.7428232,0.00045025675,9.8388e-10
A2402_AYAQKIFKI_IE-1_CMV_binder_TCR_16013,0,0.7416261,0.00075843907,5.7144203e-05
A2402_AYAQKIFKI_IE-1_CMV_binder_TCR_16020,0,0.7462364,0.0005849492,7.828041e-08
A2402_AYAQKIFKI_IE-1_CMV_binder_TCR_16031,0,0.7452645,0.0013067431,2.7901579e-06
A2402_AYAQKIFKI_IE-1_CMV_binder_TCR_16040,0,0.7393914,0.0002478328,5.7231745e-07
A2402_AYAQKIFKI_IE-1_CMV_binder_TCR_1605,0,0.75085956,0.00019381857,6.713571e-11
A2402_AYAQKIFKI_IE-1_CMV_binder_TCR_1607,0,0.75363606,0.0011319127,2.5431202e-06
A2402_AYAQKIFKI_IE-1_CMV_binder_TCR_16097,0,0.7468275,0.008100509,5.699079e-07
A2402_AYAQKIFKI_IE-1_CMV_binder_TCR_16126,0,0.74085504,0.025381459,8.454137e-06
A2402_AYAQKIFKI_IE-1_CMV_binder_TCR_16131,0,0.74261224,0.0022988948,1.4337504e-05
A2402_AYAQKIFKI_IE-1_CMV_binder_TCR_16138,0,0.74918133,0.0011595103,5.8975875e-06
A2402_AYAQKIFKI_IE-1_CMV_binder_TCR_16176,0,0.7424275,0.00054157496,0.0002572038
A2402_AYAQKIFKI_IE-1_CMV_binder_TCR_1620,0,0.748214,6.892957e-05,2.4737385e-16
A2402_AYAQKIFKI_IE-1_CMV_binder_TCR_16204,0,0.7458502,0.01638604,5.1439813e-05
A2402_AYAQKIFKI_IE-1_CMV_binder_TCR_16224,0,0.7420089,0.001603093,3.0449312e-06
A2402_AYAQKIFKI_IE-1_CMV_binder_TCR_16260,0,0.7469506,0.00021650543,5.0659123e-14
A2402_AYAQKIFKI_IE-1_CMV_binder_TCR_16299,0,0.74821925,0.0016565748,0.0019700853
A2402_AYAQKIFKI_IE-1_CMV_binder_TCR_1634,0,0.74834174,0.00041975392,4.2828513e-10
A2402_AYAQKIFKI_IE-1_CMV_binder_TCR_16372,0,0.7448792,0.004229958,5.7014923e-08
A2402_AYAQKIFKI_IE-1_CMV_binder_TCR_16375,0,0.7449142,0.00051050994,1.9953995e-06
A2402_AYAQKIFKI_IE-1_CMV_binder_TCR_16394,0,0.7468444,0.0006523482,1.5547339e-09
A2402_AYAQKIFKI_IE-1_CMV_binder_TCR_16410,0,0.749225,0.013111643,4.7303207e-08
A2402_AYAQKIFKI_IE-1_CMV_binder_TCR_16425,0,0.7438962,0.00037314853,3.704216e-14
A2402_AYAQKIFKI_IE-1_CMV_binder_TCR_16426,0,0.748552,0.00013422764,3.659884e-12
A2402_AYAQKIFKI_IE-1_CMV_binder_TCR_16427,0,0.753127,0.0004269384,1.1658997e-13
A2402_AYAQKIFKI_IE-1_CMV_binder_TCR_16429,0,0.7511657,0.00027632038,7.2660135e-11
A2402_AYAQKIFKI_IE-1_CMV_binder_TCR_16431,0,0.7483239,0.0020301647,1.5755887e-06
A2402_AYAQKIFKI_IE-1_CMV_binder_TCR_16444,0,0.75123197,0.0039012046,3.7015994e-08
A2402_AYAQKIFKI_IE-1_CMV_binder_TCR_16463,0,0.7448311,0.0011061319,3.4334862e-05
A2402_AYAQKIFKI_IE-1_CMV_binder_TCR_16469,0,0.7481009,0.00023753132,2.937868e-08
A2402_AYAQKIFKI_IE-1_CMV_binder_TCR_16540,0,0.7444034,0.000432469,1.02312525e-14
A2402_AYAQKIFKI_IE-1_CMV_binder_TCR_16546,0,0.74243355,0.000494304,8.518248e-06
A2402_AYAQKIFKI_IE-1_CMV_binder_TCR_16547,0,0.7461322,0.0040581906,1.5285176e-09
A2402_AYAQKIFKI_IE-1_CMV_binder_TCR_16572,0,0.74307066,0.002588309,8.847217e-05
A2402_AYAQKIFKI_IE-1_CMV_binder_TCR_16669,0,0.74440235,0.00040664268,1.992852e-09
A2402_AYAQKIFKI_IE-1_CMV_binder_TCR_16670,0,0.74683565,0.0010313247,1.6366386e-05
A2402_AYAQKIFKI_IE-1_CMV_binder_TCR_16677,0,0.7460333,0.0031987533,1.797293e-06
A2402_AYAQKIFKI_IE-1_CMV_binder_TCR_16733,0,0.74834096,0.012823828,0.11350594
A2402_AYAQKIFKI_IE-1_CMV_binder_TCR_16750,0,0.74422115,0.0007771393,1.1156506e-08
A2402_AYAQKIFKI_IE-1_CMV_binder_TCR_16812,0,0.74981624,0.002852317,2.319844e-10
A2402_AYAQKIFKI_IE-1_CMV_binder_TCR_16831,0,0.7385983,0.0002374294,2.5274173e-12
A2402_AYAQKIFKI_IE-1_CMV_binder_TCR_16851,0,0.74660736,0.0013780291,5.135476e-09
A2402_AYAQKIFKI_IE-1_CMV_binder_TCR_16875,0,0.748838,0.0028938719,7.285764e-07
A2402_AYAQKIFKI_IE-1_CMV_binder_TCR_16894,0,0.74634016,0.0002503433,3.8261298e-08
A2402_AYAQKIFKI_IE-1_CMV_binder_TCR_16895,0,0.74804646,0.004528032,2.0515354e-06
A2402_AYAQKIFKI_IE-1_CMV_binder_TCR_1693,0,0.7441363,0.0024640732,3.7126515e-08
A2402_AYAQKIFKI_IE-1_CMV_binder_TCR_1695,0,0.7469953,0.00080699206,3.194529e-08
A2402_AYAQKIFKI_IE-1_CMV_binder_TCR_16958,0,0.7479328,0.0005931821,1.0464667e-06
A2402_AYAQKIFKI_IE-1_CMV_binder_TCR_17004,0,0.7434881,0.008279761,1.7439613e-13
A2402_AYAQKIFKI_IE-1_CMV_binder_TCR_17036,0,0.7453303,0.00070495496,1.5572301e-16
A2402_AYAQKIFKI_IE-1_CMV_binder_TCR_17045,0,0.7479999,0.0013549995,4.3292827e-09
A2402_AYAQKIFKI_IE-1_CMV_binder_TCR_17122,0,0.7423456,0.0013714005,6.8970046e-08
A2402_AYAQKIFKI_IE-1_CMV_binder_TCR_1715,0,0.74210805,0.005755379,8.3169825e-06
A2402_AYAQKIFKI_IE-1_CMV_binder_TCR_17165,0,0.7437308,0.0006681959,6.108583e-07
A2402_AYAQKIFKI_IE-1_CMV_binder_TCR_1719,0,0.7464321,0.0016368025,1.3838276e-06
A2402_AYAQKIFKI_IE-1_CMV_binder_TCR_172,0,0.7449437,0.00013623806,2.4867251e-08
A2402_AYAQKIFKI_IE-1_CMV_binder_TCR_17239,0,0.7511385,0.00037686076,5.586248e-12
A2402_AYAQKIFKI_IE-1_CMV_binder_TCR_17246,0,0.7483912,0.0047433805,1.0975898e-15
A2402_AYAQKIFKI_IE-1_CMV_binder_TCR_17255,0,0.7494095,0.0013739773,1.4924547e-07
A2402_AYAQKIFKI_IE-1_CMV_binder_TCR_17259,0,0.74760497,0.0010421477,2.1092456e-11
A2402_AYAQKIFKI_IE-1_CMV_binder_TCR_17333,0,0.74420625,0.0014050364,1.9021982e-28
A2402_AYAQKIFKI_IE-1_CMV_binder_TCR_17348,0,0.74480283,0.00027432255,5.4562008e-11
A2402_AYAQKIFKI_IE-1_CMV_binder_TCR_1735,0,0.7415957,0.00016649236,8.9813185e-11
A2402_AYAQKIFKI_IE-1_CMV_binder_TCR_17350,0,0.7489936,0.00011585502,3.3887869e-12
A2402_AYAQKIFKI_IE-1_CMV_binder_TCR_17375,0,0.75210994,0.00052765093,1.4954982e-06
A2402_AYAQKIFKI_IE-1_CMV_binder_TCR_17390,0,0.7450029,0.0006655105,9.513995e-11
A2402_AYAQKIFKI_IE-1_CMV_binder_TCR_17407,0,0.7447018,0.0012281828,3.9840756e-11
A2402_AYAQKIFKI_IE-1_CMV_binder_TCR_1742,0,0.74275607,0.0008915115,1.1238372e-11
A2402_AYAQKIFKI_IE-1_CMV_binder_TCR_1745,0,0.74158126,0.0002851148,1.459013e-06
A2402_AYAQKIFKI_IE-1_CMV_binder_TCR_17471,0,0.74879616,0.0008891454,3.0413915e-07
A2402_AYAQKIFKI_IE-1_CMV_binder_TCR_1748,0,0.747757,0.0027964422,1.089046e-08
A2402_AYAQKIFKI_IE-1_CMV_binder_TCR_17493,0,0.7498327,0.0063524125,2.100052e-08
A2402_AYAQKIFKI_IE-1_CMV_binder_TCR_17501,0,0.75225633,0.0020296818,2.7727195e-08
A2402_AYAQKIFKI_IE-1_CMV_binder_TCR_17523,0,0.75020725,0.0029977115,0.0017053182
A2402_AYAQKIFKI_IE-1_CMV_binder_TCR_17593,0,0.7460876,0.00046930724,7.733753e-13
A2402_AYAQKIFKI_IE-1_CMV_binder_TCR_17601,0,0.7501872,0.00029142786,1.41497845e-08
A2402_AYAQKIFKI_IE-1_CMV_binder_TCR_17608,0,0.7496041,0.0024584292,3.4602035e-05
A2402_AYAQKIFKI_IE-1_CMV_binder_TCR_17625,0,0.7466242,0.00032287606,1.2428023e-08
A2402_AYAQKIFKI_IE-1_CMV_binder_TCR_17648,0,0.7422255,0.00039041866,5.879048e-11
A2402_AYAQKIFKI_IE-1_CMV_binder_TCR_17678,0,0.7488539,0.00077867525,6.712618e-09
A2402_AYAQKIFKI_IE-1_CMV_binder_TCR_17681,0,0.74534255,0.00011569373,5.6149665e-18
A2402_AYAQKIFKI_IE-1_CMV_binder_TCR_17690,0,0.75442755,0.0011600406,2.2237077e-10
A2402_AYAQKIFKI_IE-1_CMV_binder_TCR_17699,0,0.74147946,0.00010086586,3.5889386e-12
A2402_AYAQKIFKI_IE-1_CMV_binder_TCR_17719,0,0.74359363,0.01080439,6.542944e-05
A2402_AYAQKIFKI_IE-1_CMV_binder_TCR_17722,0,0.7430225,0.00025331136,1.9085143e-13
A2402_AYAQKIFKI_IE-1_CMV_binder_TCR_1773,0,0.7404115,0.0018458766,3.094543e-12
A2402_AYAQKIFKI_IE-1_CMV_binder_TCR_17762,0,0.74580824,0.0016180868,6.7016637e-10
A2402_AYAQKIFKI_IE-1_CMV_binder_TCR_17766,0,0.7468332,0.0001906484,3.5356516e-11
A2402_AYAQKIFKI_IE-1_CMV_binder_TCR_17775,0,0.7483824,0.0009976508,1.8759049e-06
A2402_AYAQKIFKI_IE-1_CMV_binder_TCR_17794,0,0.744214,0.009391672,2.9895503e-08
A2402_AYAQKIFKI_IE-1_CMV_binder_TCR_17807,0,0.74507177,0.00026877224,1.8068869e-09
A2402_AYAQKIFKI_IE-1_CMV_binder_TCR_17809,0,0.7459305,0.0018462376,1.4609395e-05
A2402_AYAQKIFKI_IE-1_CMV_binder_TCR_17816,0,0.7413939,0.0013963864,8.63344e-12
A2402_AYAQKIFKI_IE-1_CMV_binder_TCR_17837,0,0.74319845,0.0005818864,6.2017323e-12
A2402_AYAQKIFKI_IE-1_CMV_binder_TCR_17854,0,0.75459415,0.00014335608,1.9713795e-08
A2402_AYAQKIFKI_IE-1_CMV_binder_TCR_17871,0,0.7427985,0.019027041,6.051794e-05
A2402_AYAQKIFKI_IE-1_CMV_binder_TCR_17897,0,0.7468647,0.0003181178,2.1081027e-08
A2402_AYAQKIFKI_IE-1_CMV_binder_TCR_17905,0,0.74858826,0.0013107555,1.375357e-07
A2402_AYAQKIFKI_IE-1_CMV_binder_TCR_17938,0,0.7455274,0.0006096697,1.6882738e-11
A2402_AYAQKIFKI_IE-1_CMV_binder_TCR_17955,0,0.7515176,0.00291257,1.9960593e-05
A2402_AYAQKIFKI_IE-1_CMV_binder_TCR_17977,0,0.7379835,0.009109766,1.8884334e-08
A2402_AYAQKIFKI_IE-1_CMV_binder_TCR_17979,0,0.74715966,0.00030650478,2.2715041e-15
A2402_AYAQKIFKI_IE-1_CMV_binder_TCR_1798,0,0.74134564,0.00014473274,6.4973655e-08
A2402_AYAQKIFKI_IE-1_CMV_binder_TCR_17990,0,0.74594116,0.0052517396,0.0002608725
A2402_AYAQKIFKI_IE-1_CMV_binder_TCR_17993,0,0.7483711,5.864247e-05,2.0052111e-11
A2402_AYAQKIFKI_IE-1_CMV_binder_TCR_180,0,0.74606043,8.447414e-05,2.708063e-10
A2402_AYAQKIFKI_IE-1_CMV_binder_TCR_18058,0,0.74561,0.00020565961,6.1903286e-08
A2402_AYAQKIFKI_IE-1_CMV_binder_TCR_18082,0,0.7491257,0.0002011683,2.373315e-06
A2402_AYAQKIFKI_IE-1_CMV_binder_TCR_18095,0,0.7423186,0.0013854633,2.9908771e-05
A2402_AYAQKIFKI_IE-1_CMV_binder_TCR_18114,0,0.73547584,0.00068794197,0.00024689015
A2402_AYAQKIFKI_IE-1_CMV_binder_TCR_18135,0,0.7437336,0.00036278678,2.2575543e-05
A2402_AYAQKIFKI_IE-1_CMV_binder_TCR_18136,0,0.7460641,0.0039087515,6.128796e-07
A2402_AYAQKIFKI_IE-1_CMV_binder_TCR_18195,0,0.7447604,0.0001376394,9.384859e-11
A2402_AYAQKIFKI_IE-1_CMV_binder_TCR_18198,0,0.7434347,0.0005073122,2.90374e-12
A2402_AYAQKIFKI_IE-1_CMV_binder_TCR_18209,0,0.7418249,0.009960955,4.4080093e-19
A2402_AYAQKIFKI_IE-1_CMV_binder_TCR_18236,0,0.7427744,0.0021519514,1.4393288e-05
A2402_AYAQKIFKI_IE-1_CMV_binder_TCR_18243,0,0.7421948,0.002021147,2.4992764e-07
A2402_AYAQKIFKI_IE-1_CMV_binder_TCR_18249,0,0.7475863,0.0009220264,5.092759e-10
A2402_AYAQKIFKI_IE-1_CMV_binder_TCR_18253,0,0.74274284,0.0068851653,1.2576137e-18
A2402_AYAQKIFKI_IE-1_CMV_binder_TCR_18301,0,0.7483281,0.0011671592,1.1206811e-09
A2402_AYAQKIFKI_IE-1_CMV_binder_TCR_18308,0,0.7406376,7.260812e-05,4.1539385e-15
A2402_AYAQKIFKI_IE-1_CMV_binder_TCR_18326,0,0.7522502,0.00021956363,1.9678488e-15
A2402_AYAQKIFKI_IE-1_CMV_binder_TCR_18334,0,0.7420093,0.030602213,9.825192e-06
A2402_AYAQKIFKI_IE-1_CMV_binder_TCR_18357,0,0.7512873,0.0021845629,3.0031671e-05
A2402_AYAQKIFKI_IE-1_CMV_binder_TCR_18410,0,0.7495252,0.0013011409,8.906573e-05
A2402_AYAQKIFKI_IE-1_CMV_binder_TCR_18411,0,0.7403654,0.0044930233,1.5975502e-08
A2402_AYAQKIFKI_IE-1_CMV_binder_TCR_18420,0,0.74930644,0.04580607,4.8764454e-05
A2402_AYAQKIFKI_IE-1_CMV_binder_TCR_18422,0,0.75212383,0.0029189333,0.0005853868
A2402_AYAQKIFKI_IE-1_CMV_binder_TCR_1845,0,0.7477331,0.0014273906,1.3338759e-07
A2402_AYAQKIFKI_IE-1_CMV_binder_TCR_18455,0,0.7456808,0.018257705,0.0006738803
A2402_AYAQKIFKI_IE-1_CMV_binder_TCR_18567,0,0.7437883,0.007715912,0.007997795
A2402_AYAQKIFKI_IE-1_CMV_binder_TCR_18602,0,0.7408292,0.0003341091,5.9029325e-08
A2402_AYAQKIFKI_IE-1_CMV_binder_TCR_18628,0,0.7432499,0.02364225,0.00011368434
A2402_AYAQKIFKI_IE-1_CMV_binder_TCR_1863,0,0.74643093,0.0009610321,4.28022e-11
A2402_AYAQKIFKI_IE-1_CMV_binder_TCR_18662,0,0.7491105,0.0036198776,0.0014202954
A2402_AYAQKIFKI_IE-1_CMV_binder_TCR_18669,0,0.7478472,0.000135848,1.2070398e-06
A2402_AYAQKIFKI_IE-1_CMV_binder_TCR_18689,0,0.7430638,0.00025831457,6.862742e-08
A2402_AYAQKIFKI_IE-1_CMV_binder_TCR_1870,0,0.74316305,0.004299541,1.8932553e-08
A2402_AYAQKIFKI_IE-1_CMV_binder_TCR_18707,0,0.7448781,0.001589754,2.563189e-05
A2402_AYAQKIFKI_IE-1_CMV_binder_TCR_18787,0,0.7374004,0.0019365915,5.3685653e-07
A2402_AYAQKIFKI_IE-1_CMV_binder_TCR_18822,0,0.74923396,0.14723347,3.919035e-21
A2402_AYAQKIFKI_IE-1_CMV_binder_TCR_1884,0,0.73984855,0.0008614866,1.3673712e-05
A2402_AYAQKIFKI_IE-1_CMV_binder_TCR_18883,0,0.7555593,0.0036906272,0.00017166679
A2402_AYAQKIFKI_IE-1_CMV_binder_TCR_18900,0,0.74513274,0.00035272347,3.2912735e-07
A2402_AYAQKIFKI_IE-1_CMV_binder_TCR_18901,0,0.7420631,0.0028715858,7.867617e-08
A2402_AYAQKIFKI_IE-1_CMV_binder_TCR_18919,0,0.7437538,0.0025514911,0.13278662
A2402_AYAQKIFKI_IE-1_CMV_binder_TCR_18941,0,0.74312854,0.0013295611,0.00048639072
A2402_AYAQKIFKI_IE-1_CMV_binder_TCR_18947,0,0.7386077,0.00091138453,6.029154e-10
A2402_AYAQKIFKI_IE-1_CMV_binder_TCR_18960,0,0.75176734,0.00025625114,2.207174e-09
A2402_AYAQKIFKI_IE-1_CMV_binder_TCR_18980,0,0.7470441,0.00054176396,1.485916e-07
A2402_AYAQKIFKI_IE-1_CMV_binder_TCR_19007,0,0.7472131,0.015515444,4.8472637e-05
A2402_AYAQKIFKI_IE-1_CMV_binder_TCR_19024,0,0.74460125,0.0025595606,2.8072452e-07
A2402_AYAQKIFKI_IE-1_CMV_binder_TCR_19027,0,0.74852926,0.0013979685,7.0347386e-07
A2402_AYAQKIFKI_IE-1_CMV_binder_TCR_1903,0,0.7448479,0.0017828394,0.00023733506
A2402_AYAQKIFKI_IE-1_CMV_binder_TCR_19045,0,0.7411256,0.00026789142,4.5818964e-13
A2402_AYAQKIFKI_IE-1_CMV_binder_TCR_19063,0,0.74138325,0.00076619646,2.7448478e-11
A2402_AYAQKIFKI_IE-1_CMV_binder_TCR_19072,0,0.7418297,0.0004802446,9.1928975e-08
A2402_AYAQKIFKI_IE-1_CMV_binder_TCR_1910,0,0.7463956,0.00097260467,4.356394e-09
A2402_AYAQKIFKI_IE-1_CMV_binder_TCR_19127,0,0.7425705,0.00072283327,6.702201e-06
A2402_AYAQKIFKI_IE-1_CMV_binder_TCR_19163,0,0.7422798,0.00012782583,3.3179117e-14
A2402_AYAQKIFKI_IE-1_CMV_binder_TCR_19214,0,0.73929656,0.02129227,2.1357396e-09
A2402_AYAQKIFKI_IE-1_CMV_binder_TCR_19239,0,0.75128734,0.0004926024,4.261483e-07
A2402_AYAQKIFKI_IE-1_CMV_binder_TCR_19245,0,0.74344313,0.008980148,3.1594536e-07
A2402_AYAQKIFKI_IE-1_CMV_binder_TCR_19251,0,0.7464872,0.0010101065,6.352256e-05
A2402_AYAQKIFKI_IE-1_CMV_binder_TCR_19253,0,0.7472546,0.000253436,2.1378546e-13
A2402_AYAQKIFKI_IE-1_CMV_binder_TCR_19255,0,0.74432194,0.007920668,0.0035392847
A2402_AYAQKIFKI_IE-1_CMV_binder_TCR_19262,0,0.7387801,0.00036918942,6.115473e-07
A2402_AYAQKIFKI_IE-1_CMV_binder_TCR_1928,0,0.7484167,0.010532404,6.992927e-10
A2402_AYAQKIFKI_IE-1_CMV_binder_TCR_19296,0,0.7489284,0.000160157,1.0469383e-11
A2402_AYAQKIFKI_IE-1_CMV_binder_TCR_19309,0,0.742451,0.005731366,0.008515231
A2402_AYAQKIFKI_IE-1_CMV_binder_TCR_19330,0,0.7426014,0.0008845073,1.01485175e-05
A2402_AYAQKIFKI_IE-1_CMV_binder_TCR_19337,0,0.7428949,0.0007057511,1.4436343e-07
A2402_AYAQKIFKI_IE-1_CMV_binder_TCR_19351,0,0.7469812,0.0010795472,9.314803e-07
A2402_AYAQKIFKI_IE-1_CMV_binder_TCR_19362,0,0.7418854,0.0010051673,3.0420126e-09
A2402_AYAQKIFKI_IE-1_CMV_binder_TCR_19382,0,0.7465348,0.0013988834,5.6627872e-05
A2402_AYAQKIFKI_IE-1_CMV_binder_TCR_19409,0,0.7396361,0.003286714,0.0015288049
A2402_AYAQKIFKI_IE-1_CMV_binder_TCR_19446,0,0.7414725,0.00068384374,2.0402628e-07
A2402_AYAQKIFKI_IE-1_CMV_binder_TCR_19491,0,0.74223125,0.0008149866,2.153673e-07
A2402_AYAQKIFKI_IE-1_CMV_binder_TCR_19522,0,0.74832606,0.0014087033,0.0002934839
A2402_AYAQKIFKI_IE-1_CMV_binder_TCR_19537,0,0.7560351,0.0004296608,3.7169363e-09
A2402_AYAQKIFKI_IE-1_CMV_binder_TCR_19561,0,0.7463103,0.00053026003,3.6906282e-09
A2402_AYAQKIFKI_IE-1_CMV_binder_TCR_19569,0,0.7502662,0.00021873119,5.335036e-11
A2402_AYAQKIFKI_IE-1_CMV_binder_TCR_19624,0,0.7722681,0.0032699208,6.350038e-08
A2402_AYAQKIFKI_IE-1_CMV_binder_TCR_19664,0,0.74664646,0.00027414112,4.4137926e-07
A2402_AYAQKIFKI_IE-1_CMV_binder_TCR_19682,0,0.74700326,9.196258e-05,2.6954362e-11
A2402_AYAQKIFKI_IE-1_CMV_binder_TCR_19688,0,0.75286376,0.00041173428,1.7887482e-08
A2402_AYAQKIFKI_IE-1_CMV_binder_TCR_19703,0,0.7452262,0.0010743687,4.023891e-05
A2402_AYAQKIFKI_IE-1_CMV_binder_TCR_19705,0,0.74356204,0.0004918407,8.475108e-10
A2402_AYAQKIFKI_IE-1_CMV_binder_TCR_19715,0,0.74946713,0.00081629853,8.339856e-05
A2402_AYAQKIFKI_IE-1_CMV_binder_TCR_19730,0,0.74148107,0.0001059581,2.3551063e-16
A2402_AYAQKIFKI_IE-1_CMV_binder_TCR_19748,0,0.74686813,0.00017252879,2.2872067e-08
A2402_AYAQKIFKI_IE-1_CMV_binder_TCR_19750,0,0.74178284,0.001368912,6.007461e-09
A2402_AYAQKIFKI_IE-1_CMV_binder_TCR_19805,0,0.74196285,0.0021871263,2.8765679e-09
A2402_AYAQKIFKI_IE-1_CMV_binder_TCR_19806,0,0.74791557,0.0005505801,3.8315595e-10
A2402_AYAQKIFKI_IE-1_CMV_binder_TCR_19840,0,0.7476673,0.00012620796,5.5922396e-08
A2402_AYAQKIFKI_IE-1_CMV_binder_TCR_19845,0,0.74578726,0.00042198217,9.6092795e-12
A2402_AYAQKIFKI_IE-1_CMV_binder_TCR_19846,0,0.74173874,0.00019415058,1.717655e-08
A2402_AYAQKIFKI_IE-1_CMV_binder_TCR_19856,0,0.7405174,0.00050659076,2.6566938e-09
A2402_AYAQKIFKI_IE-1_CMV_binder_TCR_19897,0,0.74036,0.00012825965,5.382154e-18
A2402_AYAQKIFKI_IE-1_CMV_binder_TCR_19924,0,0.7488689,0.0010829474,2.5126136e-08
A2402_AYAQKIFKI_IE-1_CMV_binder_TCR_19967,0,0.74342775,0.0005969199,1.4249885e-12
A2402_AYAQKIFKI_IE-1_CMV_binder_TCR_19971,0,0.7406531,0.027096875,1.1979254e-06
A2402_AYAQKIFKI_IE-1_CMV_binder_TCR_19974,0,0.74321973,0.0012310416,7.8314233e-10
A2402_AYAQKIFKI_IE-1_CMV_binder_TCR_19988,0,0.74830395,0.005476147,1.844217e-06
A2402_AYAQKIFKI_IE-1_CMV_binder_TCR_20079,0,0.74996734,0.0011091158,0.019897263
A2402_AYAQKIFKI_IE-1_CMV_binder_TCR_20083,0,0.7459641,0.0013674417,4.939165e-08
A2402_AYAQKIFKI_IE-1_CMV_binder_TCR_20117,0,0.7460111,0.00061459496,1.1117637e-11
A2402_AYAQKIFKI_IE-1_CMV_binder_TCR_20168,0,0.7414724,0.00035763453,3.8050334e-11
A2402_AYAQKIFKI_IE-1_CMV_binder_TCR_20199,0,0.7442826,0.0007189144,4.2592724e-08
A2402_AYAQKIFKI_IE-1_CMV_binder_TCR_2023,0,0.74409926,0.010354285,2.1008654e-08
A2402_AYAQKIFKI_IE-1_CMV_binder_TCR_20256,0,0.7445862,0.0006934412,1.8351222e-05
A2402_AYAQKIFKI_IE-1_CMV_binder_TCR_20261,0,0.7538406,0.0043418068,0.0001862279
A2402_AYAQKIFKI_IE-1_CMV_binder_TCR_20265,0,0.7394422,0.00087497436,8.58053e-12
A2402_AYAQKIFKI_IE-1_CMV_binder_TCR_20314,0,0.7479462,0.0029411088,1.255056e-08
A2402_AYAQKIFKI_IE-1_CMV_binder_TCR_2032,0,0.7463051,0.0071449676,0.00010133682
A2402_AYAQKIFKI_IE-1_CMV_binder_TCR_20354,0,0.74650043,0.0042125303,3.7619295e-06
A2402_AYAQKIFKI_IE-1_CMV_binder_TCR_2036,0,0.74418765,0.0024781958,3.1580024e-05
A2402_AYAQKIFKI_IE-1_CMV_binder_TCR_20371,0,0.7458484,0.00086559774,2.7232758e-10
A2402_AYAQKIFKI_IE-1_CMV_binder_TCR_20433,0,0.74118406,0.012178497,0.00057456625
A2402_AYAQKIFKI_IE-1_CMV_binder_TCR_20495,0,0.7416635,0.00012537313,2.5206123e-18
A2402_AYAQKIFKI_IE-1_CMV_binder_TCR_20498,0,0.74388105,0.0004928612,1.3708368e-09
A2402_AYAQKIFKI_IE-1_CMV_binder_TCR_20510,0,0.74653965,0.0010390264,4.2738517e-07
A2402_AYAQKIFKI_IE-1_CMV_binder_TCR_20515,0,0.74879277,0.00040912224,3.9954662e-07
A2402_AYAQKIFKI_IE-1_CMV_binder_TCR_20522,0,0.7458388,0.00064804894,5.118741e-07
A2402_AYAQKIFKI_IE-1_CMV_binder_TCR_20554,0,0.74548644,0.00020600857,1.1215134e-06
A2402_AYAQKIFKI_IE-1_CMV_binder_TCR_20564,0,0.74352235,0.002905946,2.623806e-12
A2402_AYAQKIFKI_IE-1_CMV_binder_TCR_20606,0,0.74317896,0.00019509587,1.3854595e-09
A2402_AYAQKIFKI_IE-1_CMV_binder_TCR_20617,0,0.74147266,0.0006878741,3.576077e-13
A2402_AYAQKIFKI_IE-1_CMV_binder_TCR_20625,0,0.7421208,0.00018529022,1.9621987e-13
A2402_AYAQKIFKI_IE-1_CMV_binder_TCR_20640,0,0.74818164,0.0066554598,3.769676e-05
A2402_AYAQKIFKI_IE-1_CMV_binder_TCR_20644,0,0.7521925,0.00094897475,5.7044054e-09
A2402_AYAQKIFKI_IE-1_CMV_binder_TCR_20647,0,0.74316216,0.0014866841,2.48079e-06
A2402_AYAQKIFKI_IE-1_CMV_binder_TCR_20679,0,0.7437897,0.00069924555,8.787497e-08
A2402_AYAQKIFKI_IE-1_CMV_binder_TCR_20688,0,0.7450954,0.001270545,8.316113e-07
A2402_AYAQKIFKI_IE-1_CMV_binder_TCR_20711,0,0.7508124,0.025727982,2.4204065e-12
A2402_AYAQKIFKI_IE-1_CMV_binder_TCR_20712,0,0.7493222,0.00024705872,2.1841724e-05
A2402_AYAQKIFKI_IE-1_CMV_binder_TCR_20714,0,0.75001967,0.0020603095,6.738436e-07
A2402_AYAQKIFKI_IE-1_CMV_binder_TCR_20723,0,0.7445803,0.00023181678,7.007651e-11
A2402_AYAQKIFKI_IE-1_CMV_binder_TCR_20727,0,0.7541709,0.002245581,2.2921318e-09
A2402_AYAQKIFKI_IE-1_CMV_binder_TCR_20750,0,0.74059415,0.00053595164,7.2644724e-08
A2402_AYAQKIFKI_IE-1_CMV_binder_TCR_20800,0,0.7424929,0.0008108318,3.5397253e-08
A2402_AYAQKIFKI_IE-1_CMV_binder_TCR_20814,0,0.74589264,0.00018465634,4.3603396e-14
A2402_AYAQKIFKI_IE-1_CMV_binder_TCR_20819,0,0.7468115,0.002731533,7.239972e-09
A2402_AYAQKIFKI_IE-1_CMV_binder_TCR_20847,0,0.7426218,0.00090571225,8.611544e-06
A2402_AYAQKIFKI_IE-1_CMV_binder_TCR_20862,0,0.7443066,0.00075352157,2.5320694e-05
A2402_AYAQKIFKI_IE-1_CMV_binder_TCR_20905,0,0.74693125,0.0005392552,4.4379394e-08
A2402_AYAQKIFKI_IE-1_CMV_binder_TCR_20917,0,0.75010586,0.00045821854,8.9768226e-13
A2402_AYAQKIFKI_IE-1_CMV_binder_TCR_20933,0,0.74683917,0.00021326888,1.9802864e-10
A2402_AYAQKIFKI_IE-1_CMV_binder_TCR_20937,0,0.7468599,0.00020357521,3.745079e-14
A2402_AYAQKIFKI_IE-1_CMV_binder_TCR_20962,0,0.7492109,0.00033050354,6.367188e-08
A2402_AYAQKIFKI_IE-1_CMV_binder_TCR_20987,0,0.73947036,0.00024176999,6.4230547e-15
A2402_AYAQKIFKI_IE-1_CMV_binder_TCR_21033,0,0.74615586,0.00074390415,8.06048e-05
A2402_AYAQKIFKI_IE-1_CMV_binder_TCR_21059,0,0.74235594,0.0013938216,2.146779e-07
A2402_AYAQKIFKI_IE-1_CMV_binder_TCR_21081,0,0.752681,0.0008399368,7.0276843e-07
A2402_AYAQKIFKI_IE-1_CMV_binder_TCR_21105,0,0.74751973,0.0023003411,1.4616662e-06
A2402_AYAQKIFKI_IE-1_CMV_binder_TCR_21111,0,0.74431175,0.0016325224,1.6859198e-07
A2402_AYAQKIFKI_IE-1_CMV_binder_TCR_21169,0,0.74400765,0.003840701,5.1876757e-08
A2402_AYAQKIFKI_IE-1_CMV_binder_TCR_21182,0,0.7450912,0.00050662603,6.7750625e-07
A2402_AYAQKIFKI_IE-1_CMV_binder_TCR_21186,0,0.7481579,0.0002586273,3.917732e-11
A2402_AYAQKIFKI_IE-1_CMV_binder_TCR_21214,0,0.74354094,0.0035929282,3.7719513e-08
A2402_AYAQKIFKI_IE-1_CMV_binder_TCR_21276,0,0.74060595,0.0007210719,7.831487e-09
A2402_AYAQKIFKI_IE-1_CMV_binder_TCR_21282,0,0.74424917,0.0011172732,7.0381575e-13
A2402_AYAQKIFKI_IE-1_CMV_binder_TCR_21299,0,0.74235123,0.0012698421,7.3839095e-07
A2402_AYAQKIFKI_IE-1_CMV_binder_TCR_21359,0,0.74807507,0.00040725953,2.2481914e-10
A2402_AYAQKIFKI_IE-1_CMV_binder_TCR_21369,0,0.7440602,0.00062418915,2.389559e-08
A2402_AYAQKIFKI_IE-1_CMV_binder_TCR_21370,0,0.7436077,0.00068001426,1.9570646e-06
A2402_AYAQKIFKI_IE-1_CMV_binder_TCR_21404,0,0.74645746,0.00086066365,3.374643e-05
A2402_AYAQKIFKI_IE-1_CMV_binder_TCR_21472,0,0.74564624,0.004952505,9.531769e-07
A2402_AYAQKIFKI_IE-1_CMV_binder_TCR_21491,0,0.74468285,0.00077971746,4.9017374e-12
A2402_AYAQKIFKI_IE-1_CMV_binder_TCR_21493,0,0.75215966,0.0016312375,2.7087427e-08
A2402_AYAQKIFKI_IE-1_CMV_binder_TCR_21544,0,0.74377966,0.00036031788,1.8372438e-08
A2402_AYAQKIFKI_IE-1_CMV_binder_TCR_21561,0,0.74629813,0.00024973252,1.0972245e-05
A2402_AYAQKIFKI_IE-1_CMV_binder_TCR_21581,0,0.74650025,0.0001837746,8.340076e-12
A2402_AYAQKIFKI_IE-1_CMV_binder_TCR_21582,0,0.74305564,7.776566e-05,6.757124e-14
A2402_AYAQKIFKI_IE-1_CMV_binder_TCR_21629,0,0.7451687,0.00092691724,1.409316e-07
A2402_AYAQKIFKI_IE-1_CMV_binder_TCR_21633,0,0.7461035,0.0005544303,9.4691525e-11
A2402_AYAQKIFKI_IE-1_CMV_binder_TCR_21640,0,0.74754983,0.00043586356,4.7291476e-08
A2402_AYAQKIFKI_IE-1_CMV_binder_TCR_21676,0,0.7408699,0.0020379042,2.5254554e-09
A2402_AYAQKIFKI_IE-1_CMV_binder_TCR_21727,0,0.747512,0.0005641142,2.546389e-06
A2402_AYAQKIFKI_IE-1_CMV_binder_TCR_21742,0,0.7425521,0.001682353,7.986234e-05
A2402_AYAQKIFKI_IE-1_CMV_binder_TCR_21765,0,0.7466987,0.056940824,8.3868785e-05
A2402_AYAQKIFKI_IE-1_CMV_binder_TCR_21766,0,0.74542,0.0005973103,2.1505719e-11
A2402_AYAQKIFKI_IE-1_CMV_binder_TCR_21796,0,0.74651086,0.0008544689,1.9216545e-08
A2402_AYAQKIFKI_IE-1_CMV_binder_TCR_21836,0,0.73763204,0.0010138912,1.5226814e-08
A2402_AYAQKIFKI_IE-1_CMV_binder_TCR_21838,0,0.7450692,0.000105050225,3.307816e-13
A2402_AYAQKIFKI_IE-1_CMV_binder_TCR_21856,0,0.7430725,0.001218574,1.601474e-06
A2402_AYAQKIFKI_IE-1_CMV_binder_TCR_21868,0,0.7447111,0.0024288427,2.094922e-07
A2402_AYAQKIFKI_IE-1_CMV_binder_TCR_21938,0,0.75052947,0.00025915846,7.468731e-11
A2402_AYAQKIFKI_IE-1_CMV_binder_TCR_21941,0,0.7477792,7.6254735e-05,2.0847142e-09
A2402_AYAQKIFKI_IE-1_CMV_binder_TCR_21956,0,0.7458178,0.001548354,3.042127e-05
A2402_AYAQKIFKI_IE-1_CMV_binder_TCR_21975,0,0.74823046,0.0026895746,1.4977503e-07
A2402_AYAQKIFKI_IE-1_CMV_binder_TCR_22021,0,0.7477967,0.00052409206,9.245768e-13
A2402_AYAQKIFKI_IE-1_CMV_binder_TCR_22036,0,0.7437772,0.0009063899,4.893558e-14
A2402_AYAQKIFKI_IE-1_CMV_binder_TCR_22044,0,0.7403604,0.002211215,5.881894e-12
A2402_AYAQKIFKI_IE-1_CMV_binder_TCR_2206,0,0.7404566,0.00021942134,9.4100964e-15
A2402_AYAQKIFKI_IE-1_CMV_binder_TCR_22067,0,0.747251,0.00023247728,2.809784e-07
A2402_AYAQKIFKI_IE-1_CMV_binder_TCR_22084,0,0.7449044,0.004393254,0.0031571006
A2402_AYAQKIFKI_IE-1_CMV_binder_TCR_22090,0,0.74299115,0.00046418604,1.7114122e-08
A2402_AYAQKIFKI_IE-1_CMV_binder_TCR_22110,0,0.7467358,0.0045653554,7.3276547e-06
A2402_AYAQKIFKI_IE-1_CMV_binder_TCR_22122,0,0.74799377,0.00012586113,1.1838657e-15
A2402_AYAQKIFKI_IE-1_CMV_binder_TCR_22137,0,0.7441908,0.009782176,1.5948054e-10
A2402_AYAQKIFKI_IE-1_CMV_binder_TCR_22142,0,0.74306196,0.00014621251,9.511545e-15
A2402_AYAQKIFKI_IE-1_CMV_binder_TCR_22144,0,0.7397796,0.0009365693,7.27254e-12
A2402_AYAQKIFKI_IE-1_CMV_binder_TCR_22157,0,0.7388113,0.0002822864,7.6141094e-07
A2402_AYAQKIFKI_IE-1_CMV_binder_TCR_22169,0,0.74872327,0.00050474546,2.1119793e-05
A2402_AYAQKIFKI_IE-1_CMV_binder_TCR_22176,0,0.74439186,0.00093146553,8.5221694e-07
A2402_AYAQKIFKI_IE-1_CMV_binder_TCR_22177,0,0.74927205,0.00021047928,3.715602e-10
A2402_AYAQKIFKI_IE-1_CMV_binder_TCR_22198,0,0.7483015,0.0011560759,3.3426517e-05
A2402_AYAQKIFKI_IE-1_CMV_binder_TCR_222,0,0.7475537,0.00067469187,1.5415532e-08
A2402_AYAQKIFKI_IE-1_CMV_binder_TCR_22210,0,0.7462074,0.004077284,0.0010444188
A2402_AYAQKIFKI_IE-1_CMV_binder_TCR_22213,0,0.7439883,0.0002731554,9.253986e-10
A2402_AYAQKIFKI_IE-1_CMV_binder_TCR_22222,0,0.744455,0.00085877004,1.2156613e-06
A2402_AYAQKIFKI_IE-1_CMV_binder_TCR_22260,0,0.7455149,0.0009468028,1.5666289e-07
A2402_AYAQKIFKI_IE-1_CMV_binder_TCR_22312,0,0.74782574,0.00040483833,1.6840251e-15
A2402_AYAQKIFKI_IE-1_CMV_binder_TCR_22314,0,0.74497384,0.001039677,2.3092698e-11
A2402_AYAQKIFKI_IE-1_CMV_binder_TCR_22316,0,0.7406655,0.00032525067,3.7282452e-10
A2402_AYAQKIFKI_IE-1_CMV_binder_TCR_22327,0,0.7451075,0.0014391061,6.307685e-07
A2402_AYAQKIFKI_IE-1_CMV_binder_TCR_22391,0,0.74859023,0.004679454,1.7400905e-09
A2402_AYAQKIFKI_IE-1_CMV_binder_TCR_22405,0,0.749586,0.009513975,3.8409843e-07
A2402_AYAQKIFKI_IE-1_CMV_binder_TCR_22471,0,0.7462355,0.0002803304,1.3364646e-11
A2402_AYAQKIFKI_IE-1_CMV_binder_TCR_22495,0,0.7447803,0.0007397823,8.751852e-08
A2402_AYAQKIFKI_IE-1_CMV_binder_TCR_22548,0,0.7424306,9.401482e-05,1.084556e-12
A2402_AYAQKIFKI_IE-1_CMV_binder_TCR_22572,0,0.7485772,0.00031538517,9.920254e-15
A2402_AYAQKIFKI_IE-1_CMV_binder_TCR_22596,0,0.7396987,0.00022889549,3.6308625e-12
A2402_AYAQKIFKI_IE-1_CMV_binder_TCR_22650,0,0.743878,0.0010471914,4.4050874e-10
A2402_AYAQKIFKI_IE-1_CMV_binder_TCR_22651,0,0.74722356,0.016773729,7.866791e-06
A2402_AYAQKIFKI_IE-1_CMV_binder_TCR_22652,0,0.7481593,0.2760662,0.00039647034
A2402_AYAQKIFKI_IE-1_CMV_binder_TCR_22690,0,0.75193,0.0014380943,4.6181045e-05
A2402_AYAQKIFKI_IE-1_CMV_binder_TCR_22708,0,0.74508375,0.0011045313,4.2012296e-11
A2402_AYAQKIFKI_IE-1_CMV_binder_TCR_22721,0,0.75305176,0.003920346,0.04962831
A2402_AYAQKIFKI_IE-1_CMV_binder_TCR_22743,0,0.74974024,0.0011719973,7.1183384e-09
A2402_AYAQKIFKI_IE-1_CMV_binder_TCR_22758,0,0.7504618,0.0010804989,5.234882e-06
A2402_AYAQKIFKI_IE-1_CMV_binder_TCR_22763,0,0.7510509,0.0008648698,3.8858157e-06
A2402_AYAQKIFKI_IE-1_CMV_binder_TCR_22772,0,0.7474179,0.0012323299,8.865596e-08
A2402_AYAQKIFKI_IE-1_CMV_binder_TCR_2282,0,0.7459325,5.853095e-05,7.436776e-11
A2402_AYAQKIFKI_IE-1_CMV_binder_TCR_22884,0,0.7496839,0.0010600848,2.2074295e-10
A2402_AYAQKIFKI_IE-1_CMV_binder_TCR_22913,0,0.7412082,0.00026691853,0.00015431806
A2402_AYAQKIFKI_IE-1_CMV_binder_TCR_22956,0,0.7406372,0.0021210406,3.6451513e-06
A2402_AYAQKIFKI_IE-1_CMV_binder_TCR_2297,0,0.75013745,0.00078992656,3.770707e-08
A2402_AYAQKIFKI_IE-1_CMV_binder_TCR_23,0,0.747843,0.0013996889,2.1154963e-07
A2402_AYAQKIFKI_IE-1_CMV_binder_TCR_23020,0,0.74496543,0.0025593317,3.9472994e-05
A2402_AYAQKIFKI_IE-1_CMV_binder_TCR_2303,0,0.7443979,0.0056431713,8.260792e-08
A2402_AYAQKIFKI_IE-1_CMV_binder_TCR_23035,0,0.7451639,0.00061602466,7.097865e-13
A2402_AYAQKIFKI_IE-1_CMV_binder_TCR_23052,0,0.74671274,0.00021674359,2.0709076e-06
A2402_AYAQKIFKI_IE-1_CMV_binder_TCR_23111,0,0.75031453,0.0005325863,5.320334e-10
A2402_AYAQKIFKI_IE-1_CMV_binder_TCR_23130,0,0.74947053,0.009014804,1.8593175e-05
A2402_AYAQKIFKI_IE-1_CMV_binder_TCR_23175,0,0.7464252,0.00028998053,6.802803e-09
A2402_AYAQKIFKI_IE-1_CMV_binder_TCR_23186,0,0.74291813,0.000266146,1.2163155e-10
A2402_AYAQKIFKI_IE-1_CMV_binder_TCR_23205,0,0.74273366,0.00012864609,1.6768855e-07
A2402_AYAQKIFKI_IE-1_CMV_binder_TCR_23223,0,0.74343246,0.00019880195,2.674533e-10
A2402_AYAQKIFKI_IE-1_CMV_binder_TCR_23237,0,0.74849033,0.0017599654,1.0313028e-07
A2402_AYAQKIFKI_IE-1_CMV_binder_TCR_23249,0,0.74254376,0.00055239734,5.912381e-10
A2402_AYAQKIFKI_IE-1_CMV_binder_TCR_23288,0,0.7448071,0.0015579433,3.1835007e-06
A2402_AYAQKIFKI_IE-1_CMV_binder_TCR_23299,0,0.74584293,0.0015548592,6.956581e-05
A2402_AYAQKIFKI_IE-1_CMV_binder_TCR_23348,0,0.7387358,0.00034498933,2.128515e-07
A2402_AYAQKIFKI_IE-1_CMV_binder_TCR_23351,0,0.7474663,0.00046773112,4.7123365e-08
A2402_AYAQKIFKI_IE-1_CMV_binder_TCR_2337,0,0.74444664,0.00089154503,2.8528027e-11
A2402_AYAQKIFKI_IE-1_CMV_binder_TCR_23461,0,0.759618,0.019393696,4.492094e-08
A2402_AYAQKIFKI_IE-1_CMV_binder_TCR_23463,0,0.7426432,0.00015977613,1.1540532e-05
A2402_AYAQKIFKI_IE-1_CMV_binder_TCR_23469,0,0.73943394,0.001195757,1.4646632e-07
A2402_AYAQKIFKI_IE-1_CMV_binder_TCR_2347,0,0.7503603,0.00035979136,8.188205e-09
A2402_AYAQKIFKI_IE-1_CMV_binder_TCR_23472,0,0.75156206,0.043501318,2.0597035e-09
A2402_AYAQKIFKI_IE-1_CMV_binder_TCR_23478,0,0.7448546,0.0010978888,7.2520785e-09
A2402_AYAQKIFKI_IE-1_CMV_binder_TCR_23491,0,0.7428733,0.00015269757,5.5355365e-09
A2402_AYAQKIFKI_IE-1_CMV_binder_TCR_23528,0,0.7467753,0.0004915424,1.1439015e-06
A2402_AYAQKIFKI_IE-1_CMV_binder_TCR_23561,0,0.7433564,0.00045741425,1.8328257e-05
A2402_AYAQKIFKI_IE-1_CMV_binder_TCR_23562,0,0.74401844,0.00055501953,1.3606732e-05
A2402_AYAQKIFKI_IE-1_CMV_binder_TCR_23575,0,0.74143976,0.0029372144,1.0251766e-06
A2402_AYAQKIFKI_IE-1_CMV_binder_TCR_23593,0,0.74239564,0.0018993339,1.0066671e-08
A2402_AYAQKIFKI_IE-1_CMV_binder_TCR_23597,0,0.7456222,0.00089118065,2.907101e-14
A2402_AYAQKIFKI_IE-1_CMV_binder_TCR_23608,0,0.747611,0.00063420314,5.4415386e-07
A2402_AYAQKIFKI_IE-1_CMV_binder_TCR_23629,0,0.7509232,0.0014608713,2.63959e-05
A2402_AYAQKIFKI_IE-1_CMV_binder_TCR_23640,0,0.74856293,0.0012500767,2.568324e-07
A2402_AYAQKIFKI_IE-1_CMV_binder_TCR_23659,0,0.7449821,0.00016852398,1.6585743e-08
A2402_AYAQKIFKI_IE-1_CMV_binder_TCR_2366,0,0.74647784,0.00025855776,1.2333892e-16
A2402_AYAQKIFKI_IE-1_CMV_binder_TCR_23661,0,0.74862736,0.0035160515,3.937239e-05
A2402_AYAQKIFKI_IE-1_CMV_binder_TCR_23665,0,0.7496449,0.00056940643,4.032109e-10
A2402_AYAQKIFKI_IE-1_CMV_binder_TCR_2371,0,0.7453136,0.0020139941,6.7713977e-09
A2402_AYAQKIFKI_IE-1_CMV_binder_TCR_23717,0,0.7436477,0.00089653,6.632914e-11
A2402_AYAQKIFKI_IE-1_CMV_binder_TCR_23724,0,0.75069237,0.00035838436,1.8750346e-09
A2402_AYAQKIFKI_IE-1_CMV_binder_TCR_23742,0,0.745125,0.00068693404,1.9479144e-08
A2402_AYAQKIFKI_IE-1_CMV_binder_TCR_23756,0,0.7392485,0.0010159275,3.1389727e-06
A2402_AYAQKIFKI_IE-1_CMV_binder_TCR_23782,0,0.7434968,0.0006848514,6.7303326e-06
A2402_AYAQKIFKI_IE-1_CMV_binder_TCR_23791,0,0.7442036,0.019082086,3.6209825e-05
A2402_AYAQKIFKI_IE-1_CMV_binder_TCR_238,0,0.7483767,0.00034486566,2.056313e-08
A2402_AYAQKIFKI_IE-1_CMV_binder_TCR_23851,0,0.74716324,0.00035504624,7.373497e-12
A2402_AYAQKIFKI_IE-1_CMV_binder_TCR_23855,0,0.73911625,0.00096642453,2.714869e-10
A2402_AYAQKIFKI_IE-1_CMV_binder_TCR_23871,0,0.7472497,0.0015141765,4.213006e-09
A2402_AYAQKIFKI_IE-1_CMV_binder_TCR_23897,0,0.7478764,0.0023515834,1.9048424e-12
A2402_AYAQKIFKI_IE-1_CMV_binder_TCR_2390,0,0.7451332,0.0070481035,1.8233972e-07
A2402_AYAQKIFKI_IE-1_CMV_binder_TCR_23925,0,0.74909025,0.0007455649,2.3758785e-06
A2402_AYAQKIFKI_IE-1_CMV_binder_TCR_23932,0,0.74350363,0.0007304581,2.1802842e-07
A2402_AYAQKIFKI_IE-1_CMV_binder_TCR_23961,0,0.74624103,0.0009426533,5.569062e-10
A2402_AYAQKIFKI_IE-1_CMV_binder_TCR_24015,0,0.74567896,0.0009876253,2.4033603e-10
A2402_AYAQKIFKI_IE-1_CMV_binder_TCR_24099,0,0.7433605,0.00025713316,1.436482e-09
A2402_AYAQKIFKI_IE-1_CMV_binder_TCR_24100,0,0.7396634,0.0003978215,1.712369e-08
A2402_AYAQKIFKI_IE-1_CMV_binder_TCR_24103,0,0.74729735,0.06666037,0.026238773
A2402_AYAQKIFKI_IE-1_CMV_binder_TCR_24110,0,0.7455361,0.00058539375,2.8197856e-08
A2402_AYAQKIFKI_IE-1_CMV_binder_TCR_24183,0,0.7466153,0.0024125425,5.8875393e-08
A2402_AYAQKIFKI_IE-1_CMV_binder_TCR_24196,0,0.7527704,0.0014400978,1.9667776e-07
A2402_AYAQKIFKI_IE-1_CMV_binder_TCR_24212,0,0.746617,0.0006820422,6.2114256e-09
A2402_AYAQKIFKI_IE-1_CMV_binder_TCR_24235,0,0.74219966,0.00038884341,3.191989e-12
A2402_AYAQKIFKI_IE-1_CMV_binder_TCR_24241,0,0.7525797,0.00015173222,5.712985e-13
A2402_AYAQKIFKI_IE-1_CMV_binder_TCR_24252,0,0.7493097,0.0008937427,1.135724e-06
A2402_AYAQKIFKI_IE-1_CMV_binder_TCR_24283,0,0.74267805,0.009728104,3.335322e-05
A2402_AYAQKIFKI_IE-1_CMV_binder_TCR_24289,0,0.74738616,8.133988e-05,1.1773098e-07
A2402_AYAQKIFKI_IE-1_CMV_binder_TCR_24298,0,0.7436679,0.00057347235,4.3363374e-14
A2402_AYAQKIFKI_IE-1_CMV_binder_TCR_24299,0,0.7435448,0.000885566,3.061838e-10
A2402_AYAQKIFKI_IE-1_CMV_binder_TCR_24338,0,0.7437321,0.0023740884,1.3832305e-05
A2402_AYAQKIFKI_IE-1_CMV_binder_TCR_24339,0,0.7432501,0.001951983,5.570868e-07
A2402_AYAQKIFKI_IE-1_CMV_binder_TCR_24360,0,0.74330175,0.0029411665,0.0032590341
A2402_AYAQKIFKI_IE-1_CMV_binder_TCR_24363,0,0.747482,0.0018120446,1.47593355e-05
A2402_AYAQKIFKI_IE-1_CMV_binder_TCR_24374,0,0.74478126,0.00017431482,2.2183783e-10
A2402_AYAQKIFKI_IE-1_CMV_binder_TCR_24379,0,0.73842406,0.00028450083,1.9708739e-10
A2402_AYAQKIFKI_IE-1_CMV_binder_TCR_24383,0,0.74453056,0.0030168663,1.8517454e-08
A2402_AYAQKIFKI_IE-1_CMV_binder_TCR_24432,0,0.74661404,0.0016912483,4.553323e-05
A2402_AYAQKIFKI_IE-1_CMV_binder_TCR_24434,0,0.73969615,0.00032821982,4.29928e-09
A2402_AYAQKIFKI_IE-1_CMV_binder_TCR_24467,0,0.746272,0.00073372945,5.2058607e-13
A2402_AYAQKIFKI_IE-1_CMV_binder_TCR_24476,0,0.7459615,0.0002938134,4.6959985e-06
A2402_AYAQKIFKI_IE-1_CMV_binder_TCR_24499,0,0.742016,0.057083957,0.0074877148
A2402_AYAQKIFKI_IE-1_CMV_binder_TCR_24503,0,0.7446683,7.825478e-05,3.2419507e-13
A2402_AYAQKIFKI_IE-1_CMV_binder_TCR_24516,0,0.743927,0.015750462,7.673631e-08
A2402_AYAQKIFKI_IE-1_CMV_binder_TCR_24537,0,0.7444547,0.0021670826,7.093184e-09
A2402_AYAQKIFKI_IE-1_CMV_binder_TCR_24546,0,0.74760395,0.0017440817,2.6554425e-09
A2402_AYAQKIFKI_IE-1_CMV_binder_TCR_24576,0,0.74778867,0.0009889483,2.5248916e-13
A2402_AYAQKIFKI_IE-1_CMV_binder_TCR_24586,0,0.74365735,0.005780802,7.3285706e-09
A2402_AYAQKIFKI_IE-1_CMV_binder_TCR_2461,0,0.74164426,0.0007472353,4.4212698e-08
A2402_AYAQKIFKI_IE-1_CMV_binder_TCR_2463,0,0.7476695,0.00933878,6.0285834e-06
A2402_AYAQKIFKI_IE-1_CMV_binder_TCR_24637,0,0.7410953,0.0012058504,7.2232564e-07
A2402_AYAQKIFKI_IE-1_CMV_binder_TCR_2465,0,0.7420551,0.0005642707,9.925577e-14
A2402_AYAQKIFKI_IE-1_CMV_binder_TCR_24678,0,0.74527186,0.0006200006,2.7411374e-12
A2402_AYAQKIFKI_IE-1_CMV_binder_TCR_24684,0,0.74067134,0.00044152956,8.6047405e-11
A2402_AYAQKIFKI_IE-1_CMV_binder_TCR_24688,0,0.74622554,0.00023549233,2.6696556e-10
A2402_AYAQKIFKI_IE-1_CMV_binder_TCR_24707,0,0.7453724,0.00024716454,4.941832e-08
A2402_AYAQKIFKI_IE-1_CMV_binder_TCR_24747,0,0.74888897,0.000108968285,1.1951148e-14
A2402_AYAQKIFKI_IE-1_CMV_binder_TCR_24761,0,0.74603164,0.00046208772,9.984897e-10
A2402_AYAQKIFKI_IE-1_CMV_binder_TCR_24772,0,0.7409882,0.002493303,4.947526e-09
A2402_AYAQKIFKI_IE-1_CMV_binder_TCR_24773,0,0.73761874,0.002686641,0.0005809842
A2402_AYAQKIFKI_IE-1_CMV_binder_TCR_24782,0,0.7414342,0.00019424537,1.419538e-07
A2402_AYAQKIFKI_IE-1_CMV_binder_TCR_24804,0,0.74318475,0.00011292491,3.3834645e-12
A2402_AYAQKIFKI_IE-1_CMV_binder_TCR_24815,0,0.74332166,0.00029312767,5.664805e-14
A2402_AYAQKIFKI_IE-1_CMV_binder_TCR_24817,0,0.7464923,0.003148898,2.3539842e-05
A2402_AYAQKIFKI_IE-1_CMV_binder_TCR_24818,0,0.74182796,0.003025731,0.00016326825
A2402_AYAQKIFKI_IE-1_CMV_binder_TCR_24821,0,0.74142885,0.00042181325,1.6002719e-10
A2402_AYAQKIFKI_IE-1_CMV_binder_TCR_2484,0,0.74504876,0.0033662973,1.6602031e-07
A2402_AYAQKIFKI_IE-1_CMV_binder_TCR_24864,0,0.7471367,0.00069413777,0.00013990076
A2402_AYAQKIFKI_IE-1_CMV_binder_TCR_24899,0,0.7520696,0.06336742,0.080762185
A2402_AYAQKIFKI_IE-1_CMV_binder_TCR_24922,0,0.75008094,0.0003070608,2.3094413e-05
A2402_AYAQKIFKI_IE-1_CMV_binder_TCR_2493,0,0.74561214,0.0005570358,1.7975401e-13
A2402_AYAQKIFKI_IE-1_CMV_binder_TCR_24968,0,0.74619925,0.00037282315,6.570456e-08
A2402_AYAQKIFKI_IE-1_CMV_binder_TCR_24972,0,0.74633616,0.00017948671,5.015731e-07
A2402_AYAQKIFKI_IE-1_CMV_binder_TCR_2499,0,0.73949105,0.0009355285,1.6938973e-06
A2402_AYAQKIFKI_IE-1_CMV_binder_TCR_25043,0,0.75002986,0.016864944,1.07340685e-10
A2402_AYAQKIFKI_IE-1_CMV_binder_TCR_25050,0,0.75223356,0.0016031273,6.429646e-07
A2402_AYAQKIFKI_IE-1_CMV_binder_TCR_25114,0,0.74929863,0.00046341636,2.7407461e-06
A2402_AYAQKIFKI_IE-1_CMV_binder_TCR_25179,0,0.74948287,0.0006715424,6.7350635e-07
A2402_AYAQKIFKI_IE-1_CMV_binder_TCR_25206,0,0.747641,0.00033162555,1.6384372e-17
A2402_AYAQKIFKI_IE-1_CMV_binder_TCR_25263,0,0.74720234,0.0002631126,7.573252e-10
A2402_AYAQKIFKI_IE-1_CMV_binder_TCR_25326,0,0.74489087,0.00030120678,6.4265725e-11
A2402_AYAQKIFKI_IE-1_CMV_binder_TCR_25328,0,0.7414237,0.00025493326,1.1344023e-12
A2402_AYAQKIFKI_IE-1_CMV_binder_TCR_25366,0,0.7443262,0.00042984926,1.1766453e-07
A2402_AYAQKIFKI_IE-1_CMV_binder_TCR_25371,0,0.7453076,0.00034272217,9.2109396e-08
A2402_AYAQKIFKI_IE-1_CMV_binder_TCR_25378,0,0.74910474,0.00032073524,0.0001316673
A2402_AYAQKIFKI_IE-1_CMV_binder_TCR_25384,0,0.749477,0.00018741247,3.498483e-14
A2402_AYAQKIFKI_IE-1_CMV_binder_TCR_25405,0,0.7449059,0.00018162579,1.02240565e-05
A2402_AYAQKIFKI_IE-1_CMV_binder_TCR_2541,0,0.74666977,0.005842943,2.0785161e-07
A2402_AYAQKIFKI_IE-1_CMV_binder_TCR_25469,0,0.7419181,0.00064627844,6.564519e-12
A2402_AYAQKIFKI_IE-1_CMV_binder_TCR_25503,0,0.74185836,0.00012882825,9.136701e-15
A2402_AYAQKIFKI_IE-1_CMV_binder_TCR_25508,0,0.74503833,0.00068062893,3.210974e-08
A2402_AYAQKIFKI_IE-1_CMV_binder_TCR_25510,0,0.7372781,0.00019820443,2.2347167e-13
A2402_AYAQKIFKI_IE-1_CMV_binder_TCR_25514,0,0.7403551,0.0013308882,3.2567057e-10
A2402_AYAQKIFKI_IE-1_CMV_binder_TCR_25526,0,0.74093723,0.00011024893,8.866657e-13
A2402_AYAQKIFKI_IE-1_CMV_binder_TCR_25562,0,0.7380823,0.00067708833,1.6073759e-09
A2402_AYAQKIFKI_IE-1_CMV_binder_TCR_2558,0,0.7473099,0.021558711,2.129229e-08
A2402_AYAQKIFKI_IE-1_CMV_binder_TCR_25589,0,0.74528825,0.0018670299,1.3434527e-10
A2402_AYAQKIFKI_IE-1_CMV_binder_TCR_25596,0,0.7471496,0.0001941278,4.689638e-10
A2402_AYAQKIFKI_IE-1_CMV_binder_TCR_25616,0,0.7412638,0.00021836697,2.0730724e-09
A2402_AYAQKIFKI_IE-1_CMV_binder_TCR_25632,0,0.7437719,0.0001104988,6.1609153e-16
A2402_AYAQKIFKI_IE-1_CMV_binder_TCR_25683,0,0.7413745,0.00031022518,1.1570062e-15
A2402_AYAQKIFKI_IE-1_CMV_binder_TCR_25688,0,0.7461759,0.00023353897,6.711786e-09
A2402_AYAQKIFKI_IE-1_CMV_binder_TCR_25735,0,0.74043834,0.00016802162,3.2138148e-13
A2402_AYAQKIFKI_IE-1_CMV_binder_TCR_25742,0,0.7422781,0.00020698931,5.107537e-13
A2402_AYAQKIFKI_IE-1_CMV_binder_TCR_25744,0,0.7464778,0.00012458788,2.1054935e-07
A2402_AYAQKIFKI_IE-1_CMV_binder_TCR_25762,0,0.74685824,0.0006738199,4.4710256e-11
A2402_AYAQKIFKI_IE-1_CMV_binder_TCR_25780,0,0.7429204,0.00068929023,1.9034057e-18
A2402_AYAQKIFKI_IE-1_CMV_binder_TCR_25782,0,0.74951637,0.00017672694,2.1695012e-09
A2402_AYAQKIFKI_IE-1_CMV_binder_TCR_25793,0,0.7454535,0.0018550325,4.9960043e-08
A2402_AYAQKIFKI_IE-1_CMV_binder_TCR_25816,0,0.7498011,0.0001565608,2.8661416e-12
A2402_AYAQKIFKI_IE-1_CMV_binder_TCR_25846,0,0.74468344,0.00014739015,2.0910818e-09
A2402_AYAQKIFKI_IE-1_CMV_binder_TCR_25847,0,0.7454332,0.00015933704,6.050474e-11
A2402_AYAQKIFKI_IE-1_CMV_binder_TCR_2591,0,0.7475025,0.001043314,2.8539572e-14
A2402_AYAQKIFKI_IE-1_CMV_binder_TCR_25942,0,0.74078184,0.011698664,7.803764e-10
A2402_AYAQKIFKI_IE-1_CMV_binder_TCR_25956,0,0.74747634,0.005367754,1.2166508e-08
A2402_AYAQKIFKI_IE-1_CMV_binder_TCR_25958,0,0.7431703,0.001072689,4.9094194e-08
A2402_AYAQKIFKI_IE-1_CMV_binder_TCR_25980,0,0.7423112,0.0051499223,9.284437e-07
A2402_AYAQKIFKI_IE-1_CMV_binder_TCR_26016,0,0.74344635,0.002185597,2.330058e-09
A2402_AYAQKIFKI_IE-1_CMV_binder_TCR_2604,0,0.74935204,0.002277503,6.094737e-09
A2402_AYAQKIFKI_IE-1_CMV_binder_TCR_26105,0,0.7438579,0.0024860213,7.472831e-12
A2402_AYAQKIFKI_IE-1_CMV_binder_TCR_26110,0,0.7449312,0.0014973647,1.9049388e-10
A2402_AYAQKIFKI_IE-1_CMV_binder_TCR_26126,0,0.7588542,1.6740873e-05,2.8534307e-17
A2402_AYAQKIFKI_IE-1_CMV_binder_TCR_2613,0,0.74554706,0.0005405247,3.0213937e-12
A2402_AYAQKIFKI_IE-1_CMV_binder_TCR_26171,0,0.7454621,0.003901062,4.88552e-07
A2402_AYAQKIFKI_IE-1_CMV_binder_TCR_26179,0,0.7437474,0.001752526,0.00015405077
A2402_AYAQKIFKI_IE-1_CMV_binder_TCR_2619,0,0.7454511,0.00046632104,9.80535e-08
A2402_AYAQKIFKI_IE-1_CMV_binder_TCR_26216,0,0.7482066,0.00024003838,7.0834658e-12
A2402_AYAQKIFKI_IE-1_CMV_binder_TCR_26305,0,0.74429095,0.005391899,2.755878e-05
A2402_AYAQKIFKI_IE-1_CMV_binder_TCR_26314,0,0.7477385,0.0009530504,2.500723e-08
A2402_AYAQKIFKI_IE-1_CMV_binder_TCR_26340,0,0.7401661,0.053360652,0.000774569
A2402_AYAQKIFKI_IE-1_CMV_binder_TCR_26386,0,0.7537875,0.002152361,8.628396e-06
A2402_AYAQKIFKI_IE-1_CMV_binder_TCR_26419,0,0.74720657,0.0006367602,2.0276063e-07
A2402_AYAQKIFKI_IE-1_CMV_binder_TCR_26425,0,0.7429743,0.00022030472,1.5296944e-11
A2402_AYAQKIFKI_IE-1_CMV_binder_TCR_2644,0,0.74804795,0.00038545055,8.781168e-11
A2402_AYAQKIFKI_IE-1_CMV_binder_TCR_26445,1,0.74977434,0.00040070163,7.873209e-10
A2402_AYAQKIFKI_IE-1_CMV_binder_TCR_2648,0,0.75227356,0.00043488454,7.9176193e-10
A2402_AYAQKIFKI_IE-1_CMV_binder_TCR_26488,0,0.7431286,0.010118188,2.371577e-09
A2402_AYAQKIFKI_IE-1_CMV_binder_TCR_2649,0,0.7506704,0.0005340595,2.1148533e-05
A2402_AYAQKIFKI_IE-1_CMV_binder_TCR_26500,0,0.7403375,0.00044196792,2.8143608e-14
A2402_AYAQKIFKI_IE-1_CMV_binder_TCR_26518,0,0.7439011,0.0011559679,4.2208833e-15
A2402_AYAQKIFKI_IE-1_CMV_binder_TCR_26552,0,0.74871385,0.0016383827,1.5117666e-05
A2402_AYAQKIFKI_IE-1_CMV_binder_TCR_2656,0,0.7427888,0.00030187346,2.0806395e-08
A2402_AYAQKIFKI_IE-1_CMV_binder_TCR_26562,0,0.7440735,0.0015038055,1.8609626e-11
A2402_AYAQKIFKI_IE-1_CMV_binder_TCR_2658,0,0.7475541,0.0034161457,9.24063e-06
A2402_AYAQKIFKI_IE-1_CMV_binder_TCR_26582,0,0.74626154,0.001238785,9.0457985e-07
A2402_AYAQKIFKI_IE-1_CMV_binder_TCR_2661,0,0.75004363,0.00031499393,1.3529595e-10
A2402_AYAQKIFKI_IE-1_CMV_binder_TCR_26616,0,0.7454649,0.00047394307,1.3545948e-06
A2402_AYAQKIFKI_IE-1_CMV_binder_TCR_26643,0,0.7489557,0.0013764191,1.7314262e-07
A2402_AYAQKIFKI_IE-1_CMV_binder_TCR_26711,0,0.74552804,0.00014910441,9.846543e-12
A2402_AYAQKIFKI_IE-1_CMV_binder_TCR_26721,0,0.7483289,0.00052217575,2.478872e-13
A2402_AYAQKIFKI_IE-1_CMV_binder_TCR_26732,0,0.7497863,0.048533525,0.00012140764
A2402_AYAQKIFKI_IE-1_CMV_binder_TCR_26754,0,0.74419975,0.00022607198,4.6864884e-11
A2402_AYAQKIFKI_IE-1_CMV_binder_TCR_2676,0,0.75176746,0.00056447426,4.459803e-07
A2402_AYAQKIFKI_IE-1_CMV_binder_TCR_26775,0,0.7554778,0.0013004929,1.7807386e-06
A2402_AYAQKIFKI_IE-1_CMV_binder_TCR_26788,0,0.7497683,0.0003849864,1.1939314e-05
A2402_AYAQKIFKI_IE-1_CMV_binder_TCR_26832,0,0.7394297,0.00071888836,2.3082612e-07
A2402_AYAQKIFKI_IE-1_CMV_binder_TCR_26838,0,0.7517818,0.00026655308,1.3283812e-10
A2402_AYAQKIFKI_IE-1_CMV_binder_TCR_26870,0,0.7488827,0.00036131748,6.8952257e-09
A2402_AYAQKIFKI_IE-1_CMV_binder_TCR_26901,0,0.7479961,0.00032925123,8.2065986e-11
A2402_AYAQKIFKI_IE-1_CMV_binder_TCR_26911,0,0.7431448,0.00040026178,3.140551e-06
A2402_AYAQKIFKI_IE-1_CMV_binder_TCR_26918,0,0.7491485,0.0015352374,5.3200543e-05
A2402_AYAQKIFKI_IE-1_CMV_binder_TCR_26926,0,0.74408305,0.00041642797,1.7023508e-07
A2402_AYAQKIFKI_IE-1_CMV_binder_TCR_26946,0,0.7474435,0.0003813806,4.4935686e-07
A2402_AYAQKIFKI_IE-1_CMV_binder_TCR_26951,0,0.74222636,0.00019105767,8.8486725e-11
A2402_AYAQKIFKI_IE-1_CMV_binder_TCR_26979,0,0.7445444,0.0009845097,0.00029560152
A2402_AYAQKIFKI_IE-1_CMV_binder_TCR_27008,0,0.7463658,0.0003183405,2.7232954e-11
A2402_AYAQKIFKI_IE-1_CMV_binder_TCR_27013,0,0.74436826,0.005484812,5.1486205e-07
A2402_AYAQKIFKI_IE-1_CMV_binder_TCR_27016,0,0.74062204,0.001940759,7.5928214e-10
A2402_AYAQKIFKI_IE-1_CMV_binder_TCR_27033,0,0.7443955,0.0047033182,1.4909722e-07
A2402_AYAQKIFKI_IE-1_CMV_binder_TCR_27040,0,0.7490562,0.008063204,0.00014954337
A2402_AYAQKIFKI_IE-1_CMV_binder_TCR_27050,0,0.74417084,0.0006973572,1.0787305e-07
A2402_AYAQKIFKI_IE-1_CMV_binder_TCR_27054,0,0.7462289,0.0012755218,6.782216e-05
A2402_AYAQKIFKI_IE-1_CMV_binder_TCR_27071,0,0.7474212,0.00082622725,1.9522084e-10
A2402_AYAQKIFKI_IE-1_CMV_binder_TCR_27083,0,0.7447258,0.0011638292,5.7467334e-13
A2402_AYAQKIFKI_IE-1_CMV_binder_TCR_27087,0,0.7470024,0.0002453608,3.4526781e-09
A2402_AYAQKIFKI_IE-1_CMV_binder_TCR_27089,0,0.742097,0.00048594634,3.760745e-08
A2402_AYAQKIFKI_IE-1_CMV_binder_TCR_27116,0,0.74356854,0.0010981848,1.5077542e-12
A2402_AYAQKIFKI_IE-1_CMV_binder_TCR_27143,0,0.74786854,0.00062657834,0.053947482
A2402_AYAQKIFKI_IE-1_CMV_binder_TCR_27145,0,0.74298483,0.001245119,7.258322e-07
A2402_AYAQKIFKI_IE-1_CMV_binder_TCR_27151,0,0.74824464,0.00029142643,1.6627615e-08
A2402_AYAQKIFKI_IE-1_CMV_binder_TCR_27202,0,0.7503399,0.005930757,0.00021991038
A2402_AYAQKIFKI_IE-1_CMV_binder_TCR_27203,1,0.750043,0.0019377981,5.465428e-11
A2402_AYAQKIFKI_IE-1_CMV_binder_TCR_27261,0,0.74722886,0.00059257244,5.6222442e-14
A2402_AYAQKIFKI_IE-1_CMV_binder_TCR_27282,0,0.742851,0.001687565,1.4426228e-11
A2402_AYAQKIFKI_IE-1_CMV_binder_TCR_27333,0,0.75081086,0.00015175133,1.6594037e-11
A2402_AYAQKIFKI_IE-1_CMV_binder_TCR_27341,0,0.7398604,0.00065336644,5.557819e-07
A2402_AYAQKIFKI_IE-1_CMV_binder_TCR_27344,0,0.7461268,0.0004276622,1.5837761e-08
A2402_AYAQKIFKI_IE-1_CMV_binder_TCR_27367,0,0.74322563,0.0010104992,3.699575e-06
A2402_AYAQKIFKI_IE-1_CMV_binder_TCR_27373,0,0.73928416,0.003267608,2.5490654e-05
A2402_AYAQKIFKI_IE-1_CMV_binder_TCR_27383,0,0.7430397,0.022880403,6.585987e-09
A2402_AYAQKIFKI_IE-1_CMV_binder_TCR_27399,0,0.73957646,0.00343052,7.912101e-08
A2402_AYAQKIFKI_IE-1_CMV_binder_TCR_27401,0,0.75326353,0.00034144084,1.176643e-09
A2402_AYAQKIFKI_IE-1_CMV_binder_TCR_27408,0,0.74925756,0.0033838942,0.00056680304
A2402_AYAQKIFKI_IE-1_CMV_binder_TCR_27419,0,0.74649554,0.0005560664,2.1736224e-09
A2402_AYAQKIFKI_IE-1_CMV_binder_TCR_27420,0,0.7448117,0.07695241,3.1922147e-05
A2402_AYAQKIFKI_IE-1_CMV_binder_TCR_27453,0,0.7481813,0.00012930713,1.6771376e-10
A2402_AYAQKIFKI_IE-1_CMV_binder_TCR_27474,0,0.7431487,0.00061018544,7.63458e-06
A2402_AYAQKIFKI_IE-1_CMV_binder_TCR_27507,0,0.7437187,0.0011334416,4.7160693e-06
A2402_AYAQKIFKI_IE-1_CMV_binder_TCR_27537,0,0.74233717,0.00036098663,1.2062688e-06
A2402_AYAQKIFKI_IE-1_CMV_binder_TCR_27558,0,0.7479261,0.0028099355,4.687896e-06
A2402_AYAQKIFKI_IE-1_CMV_binder_TCR_27564,0,0.742752,0.0004022689,9.53948e-09
A2402_AYAQKIFKI_IE-1_CMV_binder_TCR_27615,0,0.7422041,0.0029221782,0.00012000459
A2402_AYAQKIFKI_IE-1_CMV_binder_TCR_27651,0,0.7437444,0.006542481,4.2104107e-09
A2402_AYAQKIFKI_IE-1_CMV_binder_TCR_27654,0,0.73985744,0.0087258,5.668118e-08
A2402_AYAQKIFKI_IE-1_CMV_binder_TCR_27694,0,0.7463427,0.0010444685,3.5114586e-05
A2402_AYAQKIFKI_IE-1_CMV_binder_TCR_27718,0,0.742029,0.0010703636,2.2880466e-10
A2402_AYAQKIFKI_IE-1_CMV_binder_TCR_27734,0,0.7410571,0.00055551145,4.5327528e-05
A2402_AYAQKIFKI_IE-1_CMV_binder_TCR_27749,0,0.74494296,0.050890334,0.0001672035
A2402_AYAQKIFKI_IE-1_CMV_binder_TCR_27762,0,0.7409313,0.0007414412,0.00016960972
A2402_AYAQKIFKI_IE-1_CMV_binder_TCR_27769,0,0.74387467,0.0005170834,1.631601e-10
A2402_AYAQKIFKI_IE-1_CMV_binder_TCR_27778,0,0.74411803,0.00036816,2.2134275e-19
A2402_AYAQKIFKI_IE-1_CMV_binder_TCR_278,0,0.746186,0.00038943993,2.6267865e-06
A2402_AYAQKIFKI_IE-1_CMV_binder_TCR_27804,0,0.7432848,0.00026616605,1.3943584e-10
A2402_AYAQKIFKI_IE-1_CMV_binder_TCR_27838,0,0.745943,0.0022438145,1.7284565e-06
A2402_AYAQKIFKI_IE-1_CMV_binder_TCR_27841,0,0.7458065,0.00024940533,4.10989e-06
A2402_AYAQKIFKI_IE-1_CMV_binder_TCR_27859,0,0.7454011,0.00049807725,3.466982e-06
A2402_AYAQKIFKI_IE-1_CMV_binder_TCR_27916,0,0.7473213,0.02729927,4.4484656e-05
A2402_AYAQKIFKI_IE-1_CMV_binder_TCR_27926,0,0.7405289,0.0041990047,2.0126825e-08
A2402_AYAQKIFKI_IE-1_CMV_binder_TCR_27949,0,0.7474578,0.00010132338,1.4161319e-11
A2402_AYAQKIFKI_IE-1_CMV_binder_TCR_27953,0,0.7452598,0.0006729791,2.0094372e-08
A2402_AYAQKIFKI_IE-1_CMV_binder_TCR_27954,0,0.7447764,0.0002457797,1.127956e-15
A2402_AYAQKIFKI_IE-1_CMV_binder_TCR_27961,0,0.7432225,0.00045888513,3.6159176e-10
A2402_AYAQKIFKI_IE-1_CMV_binder_TCR_2799,0,0.7460041,9.53959e-05,1.0049154e-12
A2402_AYAQKIFKI_IE-1_CMV_binder_TCR_28003,0,0.7440473,0.00019262896,7.167305e-12
A2402_AYAQKIFKI_IE-1_CMV_binder_TCR_28038,0,0.7419224,0.00040119662,4.591012e-09
A2402_AYAQKIFKI_IE-1_CMV_binder_TCR_28050,0,0.7389915,0.00044626495,1.8091714e-11
A2402_AYAQKIFKI_IE-1_CMV_binder_TCR_28056,0,0.7444019,0.0002319886,1.6365752e-10
A2402_AYAQKIFKI_IE-1_CMV_binder_TCR_28069,0,0.74814296,0.002383475,1.9067456e-06
A2402_AYAQKIFKI_IE-1_CMV_binder_TCR_28147,0,0.7484318,0.0006541699,5.938171e-07
A2402_AYAQKIFKI_IE-1_CMV_binder_TCR_28159,0,0.7498563,0.00050568616,1.8788209e-05
A2402_AYAQKIFKI_IE-1_CMV_binder_TCR_28160,0,0.7383558,0.0006214334,0.00016653967
A2402_AYAQKIFKI_IE-1_CMV_binder_TCR_28183,0,0.7417086,0.00040371955,1.1667205e-07
A2402_AYAQKIFKI_IE-1_CMV_binder_TCR_28186,0,0.7405224,0.0011181643,1.3248469e-07
A2402_AYAQKIFKI_IE-1_CMV_binder_TCR_28200,0,0.74210066,0.0007818212,1.767605e-08
A2402_AYAQKIFKI_IE-1_CMV_binder_TCR_28208,0,0.74247557,0.01609474,0.00014696129
A2402_AYAQKIFKI_IE-1_CMV_binder_TCR_28226,0,0.74723065,0.00020605414,1.7487218e-12
A2402_AYAQKIFKI_IE-1_CMV_binder_TCR_28297,0,0.7427504,0.0014152413,0.00016775091
A2402_AYAQKIFKI_IE-1_CMV_binder_TCR_28298,0,0.7431172,0.00062237855,5.093347e-08
A2402_AYAQKIFKI_IE-1_CMV_binder_TCR_28305,0,0.74278414,0.0010129198,5.6391167e-07
A2402_AYAQKIFKI_IE-1_CMV_binder_TCR_28314,0,0.7407344,0.00044330594,0.00019127804
A2402_AYAQKIFKI_IE-1_CMV_binder_TCR_28360,0,0.74434114,0.0007869146,1.4306144e-06
A2402_AYAQKIFKI_IE-1_CMV_binder_TCR_28419,0,0.7458087,0.00065686373,6.687357e-06
A2402_AYAQKIFKI_IE-1_CMV_binder_TCR_28501,0,0.7470371,0.0012585819,0.001297416
A2402_AYAQKIFKI_IE-1_CMV_binder_TCR_28521,0,0.75235003,0.0010120546,6.995389e-08
A2402_AYAQKIFKI_IE-1_CMV_binder_TCR_28542,0,0.7510637,0.0009312198,4.794285e-06
A2402_AYAQKIFKI_IE-1_CMV_binder_TCR_28547,0,0.74369365,5.3088595e-05,5.337766e-10
A2402_AYAQKIFKI_IE-1_CMV_binder_TCR_28625,0,0.7485598,0.001381689,2.2023005e-06
A2402_AYAQKIFKI_IE-1_CMV_binder_TCR_2868,0,0.7473058,0.0012844047,4.951743e-06
A2402_AYAQKIFKI_IE-1_CMV_binder_TCR_28700,0,0.7434278,0.00028584342,8.176433e-10
A2402_AYAQKIFKI_IE-1_CMV_binder_TCR_2872,0,0.7481461,0.00042315765,1.9208355e-06
A2402_AYAQKIFKI_IE-1_CMV_binder_TCR_28753,0,0.7520609,0.00032504977,2.8641014e-07
A2402_AYAQKIFKI_IE-1_CMV_binder_TCR_2877,0,0.74727213,0.0019413325,1.56353e-05
A2402_AYAQKIFKI_IE-1_CMV_binder_TCR_28776,0,0.7505093,0.00030679654,2.691007e-08
A2402_AYAQKIFKI_IE-1_CMV_binder_TCR_28803,0,0.7527898,0.00018743338,1.1245915e-12
A2402_AYAQKIFKI_IE-1_CMV_binder_TCR_28810,0,0.7439358,0.00017893767,1.7022511e-08
A2402_AYAQKIFKI_IE-1_CMV_binder_TCR_28834,0,0.7433424,0.07919865,5.9470495e-09
A2402_AYAQKIFKI_IE-1_CMV_binder_TCR_28835,0,0.7471236,0.00026531072,8.219673e-09
A2402_AYAQKIFKI_IE-1_CMV_binder_TCR_28861,0,0.7492708,0.007137492,2.4833726e-09
A2402_AYAQKIFKI_IE-1_CMV_binder_TCR_28891,0,0.74844056,9.143312e-05,3.924768e-08
A2402_AYAQKIFKI_IE-1_CMV_binder_TCR_28904,0,0.74884397,0.0035743637,6.197707e-10
A2402_AYAQKIFKI_IE-1_CMV_binder_TCR_28910,0,0.7501131,0.00038864033,6.071876e-14
A2402_AYAQKIFKI_IE-1_CMV_binder_TCR_2893,0,0.74892527,0.0017886168,1.364682e-10
A2402_AYAQKIFKI_IE-1_CMV_binder_TCR_28947,0,0.75056237,0.00018984391,8.989223e-10
A2402_AYAQKIFKI_IE-1_CMV_binder_TCR_28948,0,0.7457218,0.001720584,1.8783776e-07
A2402_AYAQKIFKI_IE-1_CMV_binder_TCR_2895,0,0.7438866,0.0038223115,5.9757945e-09
A2402_AYAQKIFKI_IE-1_CMV_binder_TCR_2896,0,0.74531406,0.0050015743,3.0609092e-06
A2402_AYAQKIFKI_IE-1_CMV_binder_TCR_28964,0,0.7455218,0.0028440088,4.7398757e-08
A2402_AYAQKIFKI_IE-1_CMV_binder_TCR_28966,0,0.75081766,0.0003706766,1.4388291e-13
A2402_AYAQKIFKI_IE-1_CMV_binder_TCR_28974,0,0.7481361,0.0002733602,3.0238483e-13
A2402_AYAQKIFKI_IE-1_CMV_binder_TCR_29003,0,0.74555373,0.000579475,1.1788562e-06
A2402_AYAQKIFKI_IE-1_CMV_binder_TCR_29014,0,0.7449716,0.00022035326,1.1634212e-08
A2402_AYAQKIFKI_IE-1_CMV_binder_TCR_29056,0,0.7477099,0.00034168636,3.0864793e-08
A2402_AYAQKIFKI_IE-1_CMV_binder_TCR_29069,0,0.7490958,0.00035956365,8.176289e-11
A2402_AYAQKIFKI_IE-1_CMV_binder_TCR_29073,0,0.74925154,0.0006020904,1.6138084e-07
A2402_AYAQKIFKI_IE-1_CMV_binder_TCR_29093,0,0.74428046,0.0008049694,2.720904e-07
A2402_AYAQKIFKI_IE-1_CMV_binder_TCR_29103,0,0.7452753,0.0035890175,1.0005826e-06
A2402_AYAQKIFKI_IE-1_CMV_binder_TCR_29108,0,0.7506067,0.0007403818,2.6855372e-11
A2402_AYAQKIFKI_IE-1_CMV_binder_TCR_29109,0,0.7454819,0.00037511552,8.2580016e-16
A2402_AYAQKIFKI_IE-1_CMV_binder_TCR_29112,0,0.7518706,9.5458236e-05,5.321067e-13
A2402_AYAQKIFKI_IE-1_CMV_binder_TCR_29128,0,0.7537119,0.0002635173,1.5392489e-07
A2402_AYAQKIFKI_IE-1_CMV_binder_TCR_29213,0,0.7478742,0.0003915238,3.211972e-12
A2402_AYAQKIFKI_IE-1_CMV_binder_TCR_29248,0,0.75486135,0.00031767864,1.6838115e-13
A2402_AYAQKIFKI_IE-1_CMV_binder_TCR_29258,0,0.7444576,0.00012285521,4.6257156e-12
A2402_AYAQKIFKI_IE-1_CMV_binder_TCR_29307,0,0.74519634,0.0011209495,0.000174451
A2402_AYAQKIFKI_IE-1_CMV_binder_TCR_29322,0,0.74404407,0.0013638396,6.799693e-08
A2402_AYAQKIFKI_IE-1_CMV_binder_TCR_29323,0,0.7411658,0.00052802294,1.2015886e-07
A2402_AYAQKIFKI_IE-1_CMV_binder_TCR_29325,0,0.7440288,0.00041483165,9.686919e-12
A2402_AYAQKIFKI_IE-1_CMV_binder_TCR_29332,0,0.7410374,0.00045225144,1.5215527e-11
A2402_AYAQKIFKI_IE-1_CMV_binder_TCR_29334,0,0.74466604,0.0006712126,5.8277674e-06
A2402_AYAQKIFKI_IE-1_CMV_binder_TCR_29346,0,0.74381024,0.00068076287,4.9075446e-09
A2402_AYAQKIFKI_IE-1_CMV_binder_TCR_29347,0,0.74644786,0.0005029682,9.237751e-07
A2402_AYAQKIFKI_IE-1_CMV_binder_TCR_29374,0,0.746835,0.00021333538,6.5211157e-12
A2402_AYAQKIFKI_IE-1_CMV_binder_TCR_29378,0,0.7441502,0.0023135263,0.00088261644
A2402_AYAQKIFKI_IE-1_CMV_binder_TCR_29404,0,0.7461108,9.490685e-05,2.6942129e-11
A2402_AYAQKIFKI_IE-1_CMV_binder_TCR_29407,0,0.7428533,0.00024165244,4.1023172e-06
A2402_AYAQKIFKI_IE-1_CMV_binder_TCR_29422,0,0.74161404,0.00038721802,5.9340896e-12
A2402_AYAQKIFKI_IE-1_CMV_binder_TCR_29430,0,0.74920905,0.0004537176,2.1079624e-07
A2402_AYAQKIFKI_IE-1_CMV_binder_TCR_29475,0,0.74083245,0.00028982494,6.964485e-13
A2402_AYAQKIFKI_IE-1_CMV_binder_TCR_29479,0,0.7467684,0.0015012973,2.8254489e-12
A2402_AYAQKIFKI_IE-1_CMV_binder_TCR_29526,0,0.74230105,0.00016628785,1.2858249e-14
A2402_AYAQKIFKI_IE-1_CMV_binder_TCR_29537,0,0.7451431,0.002801541,1.8215319e-08
A2402_AYAQKIFKI_IE-1_CMV_binder_TCR_29543,0,0.7478093,0.0007855424,3.500664e-06
A2402_AYAQKIFKI_IE-1_CMV_binder_TCR_29548,0,0.75753504,0.00069221767,2.3602286e-05
A2402_AYAQKIFKI_IE-1_CMV_binder_TCR_29574,0,0.7403468,0.0017613088,3.0740637e-09
A2402_AYAQKIFKI_IE-1_CMV_binder_TCR_29589,0,0.7465286,0.0003566033,5.7365078e-08
A2402_AYAQKIFKI_IE-1_CMV_binder_TCR_296,0,0.74639064,0.037210796,7.573287e-07
A2402_AYAQKIFKI_IE-1_CMV_binder_TCR_29603,0,0.7430494,0.0020500312,3.9366777e-10
A2402_AYAQKIFKI_IE-1_CMV_binder_TCR_29619,0,0.74229765,0.002632727,0.0011351639
A2402_AYAQKIFKI_IE-1_CMV_binder_TCR_29658,0,0.74201816,0.00015576849,1.8258579e-13
A2402_AYAQKIFKI_IE-1_CMV_binder_TCR_297,0,0.7445751,0.00062537566,1.0228943e-08
A2402_AYAQKIFKI_IE-1_CMV_binder_TCR_29700,0,0.742887,0.09943208,1.4088107e-07
A2402_AYAQKIFKI_IE-1_CMV_binder_TCR_29725,0,0.7410686,0.00019587649,1.511925e-11
A2402_AYAQKIFKI_IE-1_CMV_binder_TCR_29755,0,0.7505869,0.0037798693,1.06671e-07
A2402_AYAQKIFKI_IE-1_CMV_binder_TCR_29757,0,0.74894035,0.0021113688,1.4980587e-07
A2402_AYAQKIFKI_IE-1_CMV_binder_TCR_29770,0,0.75105965,0.0012364291,3.3052132e-05
A2402_AYAQKIFKI_IE-1_CMV_binder_TCR_29806,0,0.7536739,0.0018799925,4.939212e-07
A2402_AYAQKIFKI_IE-1_CMV_binder_TCR_29821,0,0.7451608,0.0044789747,0.0001066783
A2402_AYAQKIFKI_IE-1_CMV_binder_TCR_29877,0,0.7470115,0.00053768157,0.001111009
A2402_AYAQKIFKI_IE-1_CMV_binder_TCR_29881,0,0.7411027,0.00047701056,4.9903803e-10
A2402_AYAQKIFKI_IE-1_CMV_binder_TCR_29887,0,0.7488631,0.00034065172,1.881447e-09
A2402_AYAQKIFKI_IE-1_CMV_binder_TCR_2990,0,0.7396096,0.00045237906,3.8206742e-16
A2402_AYAQKIFKI_IE-1_CMV_binder_TCR_29970,0,0.7411461,0.0003437372,7.290662e-09
A2402_AYAQKIFKI_IE-1_CMV_binder_TCR_29973,0,0.7428784,0.00031861739,8.152506e-12
A2402_AYAQKIFKI_IE-1_CMV_binder_TCR_30056,0,0.7516383,0.0019069432,4.1628477e-06
A2402_AYAQKIFKI_IE-1_CMV_binder_TCR_30088,0,0.74858683,0.0007666131,9.174124e-11
A2402_AYAQKIFKI_IE-1_CMV_binder_TCR_30091,0,0.7451966,0.0027972523,1.2278521e-05
A2402_AYAQKIFKI_IE-1_CMV_binder_TCR_30101,0,0.7388266,0.00036024163,1.2074653e-07
A2402_AYAQKIFKI_IE-1_CMV_binder_TCR_30106,0,0.7510159,0.0007163966,1.7774114e-06
A2402_AYAQKIFKI_IE-1_CMV_binder_TCR_30146,0,0.75034285,0.00048245245,0.00013799133
A2402_AYAQKIFKI_IE-1_CMV_binder_TCR_30188,0,0.74204165,0.022496028,8.775963e-07
A2402_AYAQKIFKI_IE-1_CMV_binder_TCR_30204,0,0.7452582,7.8443576e-05,1.929791e-11
A2402_AYAQKIFKI_IE-1_CMV_binder_TCR_3022,0,0.74953026,0.00015488737,3.893353e-06
A2402_AYAQKIFKI_IE-1_CMV_binder_TCR_30222,0,0.74270076,0.00019022117,5.870642e-05
A2402_AYAQKIFKI_IE-1_CMV_binder_TCR_30238,0,0.7436104,0.00036425237,1.4034744e-08
A2402_AYAQKIFKI_IE-1_CMV_binder_TCR_30262,0,0.7478279,0.00048365264,2.925355e-11
A2402_AYAQKIFKI_IE-1_CMV_binder_TCR_30282,0,0.7423154,0.0005294194,6.197884e-10
A2402_AYAQKIFKI_IE-1_CMV_binder_TCR_30288,0,0.748012,0.0006191617,3.0878302e-06
A2402_AYAQKIFKI_IE-1_CMV_binder_TCR_30304,0,0.7415902,0.00033875232,5.6381348e-11
A2402_AYAQKIFKI_IE-1_CMV_binder_TCR_3034,0,0.74502695,0.00040968382,2.245296e-06
A2402_AYAQKIFKI_IE-1_CMV_binder_TCR_30371,0,0.75295806,0.00031903715,4.7602017e-10
A2402_AYAQKIFKI_IE-1_CMV_binder_TCR_30380,0,0.74503046,0.0012609763,2.3236502e-08
A2402_AYAQKIFKI_IE-1_CMV_binder_TCR_30384,0,0.7464368,0.0006979855,3.0443138e-07
A2402_AYAQKIFKI_IE-1_CMV_binder_TCR_30416,0,0.7360377,0.00063085917,1.1822836e-08
A2402_AYAQKIFKI_IE-1_CMV_binder_TCR_30422,0,0.7396763,0.00031434654,9.202335e-12
A2402_AYAQKIFKI_IE-1_CMV_binder_TCR_30426,0,0.74259204,0.0008234908,2.485052e-15
A2402_AYAQKIFKI_IE-1_CMV_binder_TCR_30427,0,0.7388373,0.0020406293,1.0375092e-12
A2402_AYAQKIFKI_IE-1_CMV_binder_TCR_30439,0,0.7513134,0.00022466642,8.222988e-11
A2402_AYAQKIFKI_IE-1_CMV_binder_TCR_30445,0,0.7535931,0.0011158878,7.2705196e-05
A2402_AYAQKIFKI_IE-1_CMV_binder_TCR_30459,0,0.74333096,0.0011742612,1.4310066e-10
A2402_AYAQKIFKI_IE-1_CMV_binder_TCR_30464,0,0.747051,0.00039994752,3.0130118e-10
A2402_AYAQKIFKI_IE-1_CMV_binder_TCR_30466,0,0.748608,0.0022234872,4.1937235e-13
A2402_AYAQKIFKI_IE-1_CMV_binder_TCR_30501,0,0.7478983,0.016926995,0.001582217
A2402_AYAQKIFKI_IE-1_CMV_binder_TCR_3051,0,0.74986243,0.0011415238,2.030595e-06
A2402_AYAQKIFKI_IE-1_CMV_binder_TCR_3054,0,0.74892616,0.00046070997,6.3519884e-08
A2402_AYAQKIFKI_IE-1_CMV_binder_TCR_3058,0,0.7503315,0.00026354997,4.1833778e-13
A2402_AYAQKIFKI_IE-1_CMV_binder_TCR_30580,0,0.7395273,0.00039132228,2.5176375e-06
A2402_AYAQKIFKI_IE-1_CMV_binder_TCR_30602,0,0.7474225,0.00039735078,4.3810375e-11
A2402_AYAQKIFKI_IE-1_CMV_binder_TCR_30623,0,0.74501395,0.0013001245,1.6528109e-08
A2402_AYAQKIFKI_IE-1_CMV_binder_TCR_30682,0,0.74706125,0.0009969325,3.2779857e-07
A2402_AYAQKIFKI_IE-1_CMV_binder_TCR_30683,0,0.7415968,0.0013824695,1.7807993e-08
A2402_AYAQKIFKI_IE-1_CMV_binder_TCR_3069,0,0.74209535,0.0002766805,9.222916e-11
A2402_AYAQKIFKI_IE-1_CMV_binder_TCR_30726,0,0.74167836,0.0011170901,1.3707143e-12
A2402_AYAQKIFKI_IE-1_CMV_binder_TCR_30731,0,0.7459479,0.00012027907,1.8461511e-13
A2402_AYAQKIFKI_IE-1_CMV_binder_TCR_30736,0,0.7479899,0.0035259556,1.3458614e-07
A2402_AYAQKIFKI_IE-1_CMV_binder_TCR_30762,0,0.7495986,0.00028129263,2.374888e-11
A2402_AYAQKIFKI_IE-1_CMV_binder_TCR_30767,0,0.74461323,0.0055419276,1.822747e-07
A2402_AYAQKIFKI_IE-1_CMV_binder_TCR_30780,0,0.742875,0.0007217209,7.5284674e-07
A2402_AYAQKIFKI_IE-1_CMV_binder_TCR_30782,0,0.7444464,0.0004944783,7.811541e-09
A2402_AYAQKIFKI_IE-1_CMV_binder_TCR_30804,0,0.74142855,0.001370775,6.390687e-07
A2402_AYAQKIFKI_IE-1_CMV_binder_TCR_30816,0,0.7499796,0.006361038,6.591497e-05
A2402_AYAQKIFKI_IE-1_CMV_binder_TCR_30852,0,0.74530745,0.008515618,1.0623081e-07
A2402_AYAQKIFKI_IE-1_CMV_binder_TCR_30861,0,0.74920195,0.008540268,1.6670436e-10
A2402_AYAQKIFKI_IE-1_CMV_binder_TCR_30891,0,0.74490833,0.0007378384,1.2136633e-08
A2402_AYAQKIFKI_IE-1_CMV_binder_TCR_30894,0,0.7390797,0.0001997636,1.971888e-11
A2402_AYAQKIFKI_IE-1_CMV_binder_TCR_3091,0,0.73921275,0.0001744613,3.3214368e-15
A2402_AYAQKIFKI_IE-1_CMV_binder_TCR_30921,0,0.74630475,0.0041250805,4.10786e-09
A2402_AYAQKIFKI_IE-1_CMV_binder_TCR_30970,0,0.7428453,0.0074399733,1.1816538e-13
A2402_AYAQKIFKI_IE-1_CMV_binder_TCR_3100,0,0.74295723,0.0026495177,5.9277155e-10
A2402_AYAQKIFKI_IE-1_CMV_binder_TCR_3102,0,0.748715,0.00039282703,6.9605244e-07
A2402_AYAQKIFKI_IE-1_CMV_binder_TCR_31027,0,0.75490236,0.002043243,1.7712905e-08
A2402_AYAQKIFKI_IE-1_CMV_binder_TCR_31029,0,0.73976564,0.0012538318,1.19169945e-08
A2402_AYAQKIFKI_IE-1_CMV_binder_TCR_31033,0,0.7457561,0.00011026911,4.2898262e-07
A2402_AYAQKIFKI_IE-1_CMV_binder_TCR_3107,0,0.755679,0.023791345,2.4625982e-05
A2402_AYAQKIFKI_IE-1_CMV_binder_TCR_31077,0,0.7498063,0.0044155894,1.9607566e-11
A2402_AYAQKIFKI_IE-1_CMV_binder_TCR_3111,0,0.74664265,0.0003987445,2.8068564e-10
A2402_AYAQKIFKI_IE-1_CMV_binder_TCR_31133,0,0.7413162,0.0012359028,3.5108306e-07
A2402_AYAQKIFKI_IE-1_CMV_binder_TCR_31141,0,0.7464712,0.0006648673,8.691929e-07
A2402_AYAQKIFKI_IE-1_CMV_binder_TCR_31170,0,0.74373806,0.011876091,0.00017337031
A2402_AYAQKIFKI_IE-1_CMV_binder_TCR_31178,0,0.74738806,0.038692195,1.5291958e-05
A2402_AYAQKIFKI_IE-1_CMV_binder_TCR_31216,0,0.7454602,0.0021964933,3.9286643e-11
A2402_AYAQKIFKI_IE-1_CMV_binder_TCR_31232,0,0.74915195,0.0035506545,0.0009284432
A2402_AYAQKIFKI_IE-1_CMV_binder_TCR_31258,0,0.7449504,0.00019292727,1.775103e-11
A2402_AYAQKIFKI_IE-1_CMV_binder_TCR_31271,0,0.7445035,0.00012610861,2.6698233e-14
A2402_AYAQKIFKI_IE-1_CMV_binder_TCR_31285,0,0.7464828,0.00059239514,1.0645838e-15
A2402_AYAQKIFKI_IE-1_CMV_binder_TCR_31344,0,0.7369627,0.00317508,5.0805166e-13
A2402_AYAQKIFKI_IE-1_CMV_binder_TCR_31373,0,0.7399779,0.00028661406,2.3052967e-14
A2402_AYAQKIFKI_IE-1_CMV_binder_TCR_31496,0,0.738752,0.00071560225,0.00013770373
A2402_AYAQKIFKI_IE-1_CMV_binder_TCR_31503,0,0.7454262,0.012251785,3.6276637e-05
A2402_AYAQKIFKI_IE-1_CMV_binder_TCR_31517,0,0.7450686,0.0012720738,6.981825e-07
A2402_AYAQKIFKI_IE-1_CMV_binder_TCR_31582,0,0.7447354,0.0014979508,1.7472849e-12
A2402_AYAQKIFKI_IE-1_CMV_binder_TCR_31642,0,0.7465277,0.00081109884,2.3193413e-06
A2402_AYAQKIFKI_IE-1_CMV_binder_TCR_31675,0,0.7456428,0.0037050275,2.2002246e-06
A2402_AYAQKIFKI_IE-1_CMV_binder_TCR_31681,0,0.74402165,0.00019294347,1.110142e-12
A2402_AYAQKIFKI_IE-1_CMV_binder_TCR_31794,0,0.7474868,0.0008837887,2.436141e-07
A2402_AYAQKIFKI_IE-1_CMV_binder_TCR_31820,0,0.7473237,0.00044300474,4.884474e-11
A2402_AYAQKIFKI_IE-1_CMV_binder_TCR_31845,0,0.74709684,0.0005915843,9.023244e-08
A2402_AYAQKIFKI_IE-1_CMV_binder_TCR_31847,0,0.7408831,0.0002547102,8.970083e-12
A2402_AYAQKIFKI_IE-1_CMV_binder_TCR_31920,0,0.74865055,0.0013302985,7.115637e-09
A2402_AYAQKIFKI_IE-1_CMV_binder_TCR_32006,0,0.7491973,0.022501407,0.0020782691
A2402_AYAQKIFKI_IE-1_CMV_binder_TCR_32066,0,0.7491891,0.0016370285,7.670819e-09
A2402_AYAQKIFKI_IE-1_CMV_binder_TCR_32079,0,0.7463301,0.0002925985,2.2008346e-09
A2402_AYAQKIFKI_IE-1_CMV_binder_TCR_3209,0,0.7448623,0.0026558645,9.4208565e-07
A2402_AYAQKIFKI_IE-1_CMV_binder_TCR_32148,0,0.7403474,0.00057027687,2.493536e-08
A2402_AYAQKIFKI_IE-1_CMV_binder_TCR_32150,0,0.74975663,0.00017073077,3.6021457e-09
A2402_AYAQKIFKI_IE-1_CMV_binder_TCR_32201,0,0.75124276,0.00015335344,2.981815e-13
A2402_AYAQKIFKI_IE-1_CMV_binder_TCR_32210,0,0.75250095,0.0011113018,6.2507187e-12
A2402_AYAQKIFKI_IE-1_CMV_binder_TCR_32226,0,0.74714434,0.00058272365,2.016413e-12
A2402_AYAQKIFKI_IE-1_CMV_binder_TCR_32246,0,0.74520475,0.0012989733,3.1949133e-07
A2402_AYAQKIFKI_IE-1_CMV_binder_TCR_32262,0,0.7410818,0.00058091443,1.3058296e-14
A2402_AYAQKIFKI_IE-1_CMV_binder_TCR_32287,0,0.7408926,0.0005569925,1.2742369e-08
A2402_AYAQKIFKI_IE-1_CMV_binder_TCR_32292,0,0.7437513,0.00029599748,6.731185e-08
A2402_AYAQKIFKI_IE-1_CMV_binder_TCR_32308,0,0.7497538,0.00082440587,8.577934e-05
A2402_AYAQKIFKI_IE-1_CMV_binder_TCR_32332,0,0.74297893,0.0022835918,0.00018887738
A2402_AYAQKIFKI_IE-1_CMV_binder_TCR_3235,0,0.740495,0.0018161469,1.9144538e-05
A2402_AYAQKIFKI_IE-1_CMV_binder_TCR_32388,0,0.74701166,0.00020377623,5.6224426e-08
A2402_AYAQKIFKI_IE-1_CMV_binder_TCR_3242,0,0.7364564,0.0029978782,0.008108554
A2402_AYAQKIFKI_IE-1_CMV_binder_TCR_32430,0,0.7487289,0.0003984561,0.00018586707
A2402_AYAQKIFKI_IE-1_CMV_binder_TCR_32458,0,0.7438273,0.00024884357,2.1477675e-08
A2402_AYAQKIFKI_IE-1_CMV_binder_TCR_32499,0,0.7490678,0.00028677753,6.045638e-08
A2402_AYAQKIFKI_IE-1_CMV_binder_TCR_32510,0,0.74477726,0.004491153,0.00022533082
A2402_AYAQKIFKI_IE-1_CMV_binder_TCR_32512,0,0.75051224,0.00097546895,1.5842587e-09
A2402_AYAQKIFKI_IE-1_CMV_binder_TCR_32519,0,0.74574226,0.0017047256,7.318069e-08
A2402_AYAQKIFKI_IE-1_CMV_binder_TCR_32530,0,0.7409753,0.0008289487,3.9840015e-10
A2402_AYAQKIFKI_IE-1_CMV_binder_TCR_32543,0,0.7413902,0.0010357073,1.03170897e-13
A2402_AYAQKIFKI_IE-1_CMV_binder_TCR_32558,0,0.7468962,0.02279176,7.924756e-06
A2402_AYAQKIFKI_IE-1_CMV_binder_TCR_32582,0,0.7448482,0.0010620276,2.064368e-09
A2402_AYAQKIFKI_IE-1_CMV_binder_TCR_32599,0,0.7408571,0.0003235512,2.1832377e-12
A2402_AYAQKIFKI_IE-1_CMV_binder_TCR_32602,0,0.75096756,0.0025137244,0.00029549445
A2402_AYAQKIFKI_IE-1_CMV_binder_TCR_32653,0,0.74833846,0.0005294727,3.848953e-15
A2402_AYAQKIFKI_IE-1_CMV_binder_TCR_32685,0,0.7501499,0.037374273,0.00021473515
A2402_AYAQKIFKI_IE-1_CMV_binder_TCR_32726,0,0.74681437,0.00013827412,3.8378495e-10
A2402_AYAQKIFKI_IE-1_CMV_binder_TCR_32727,0,0.7439339,0.0008305317,1.11853005e-05
A2402_AYAQKIFKI_IE-1_CMV_binder_TCR_32733,0,0.74405324,0.00047169926,2.3089524e-07
A2402_AYAQKIFKI_IE-1_CMV_binder_TCR_32760,0,0.73929495,0.0012148919,3.9327415e-06
A2402_AYAQKIFKI_IE-1_CMV_binder_TCR_32775,0,0.7445465,0.0004939608,1.6637863e-08
A2402_AYAQKIFKI_IE-1_CMV_binder_TCR_3279,0,0.7471984,0.0047154613,6.489694e-06
A2402_AYAQKIFKI_IE-1_CMV_binder_TCR_32829,0,0.74742365,0.011754522,4.0605343e-07
A2402_AYAQKIFKI_IE-1_CMV_binder_TCR_32849,0,0.7401568,0.0078182705,5.0809434e-05
A2402_AYAQKIFKI_IE-1_CMV_binder_TCR_32903,0,0.74721235,0.004437353,0.023324206
A2402_AYAQKIFKI_IE-1_CMV_binder_TCR_32916,0,0.7465354,0.046332255,9.854673e-05
A2402_AYAQKIFKI_IE-1_CMV_binder_TCR_32941,0,0.7419689,0.0005839616,6.334832e-08
A2402_AYAQKIFKI_IE-1_CMV_binder_TCR_32954,0,0.7504169,0.00074978825,3.766005e-09
A2402_AYAQKIFKI_IE-1_CMV_binder_TCR_32957,0,0.75195545,0.00092395494,0.0015940298
A2402_AYAQKIFKI_IE-1_CMV_binder_TCR_32979,0,0.74284655,0.2044957,3.2850407e-06
A2402_AYAQKIFKI_IE-1_CMV_binder_TCR_3301,0,0.7536876,0.00058583275,1.0111864e-06
A2402_AYAQKIFKI_IE-1_CMV_binder_TCR_33044,0,0.7397516,0.0003555635,5.576604e-08
A2402_AYAQKIFKI_IE-1_CMV_binder_TCR_33095,0,0.74300075,0.0010764392,0.015761437
A2402_AYAQKIFKI_IE-1_CMV_binder_TCR_33098,0,0.7436473,0.00032674058,2.7774991e-08
A2402_AYAQKIFKI_IE-1_CMV_binder_TCR_33099,0,0.7442772,7.7747194e-05,2.421448e-10
A2402_AYAQKIFKI_IE-1_CMV_binder_TCR_3311,0,0.74370646,0.003033131,3.728086e-07
A2402_AYAQKIFKI_IE-1_CMV_binder_TCR_33119,0,0.7461381,0.0014549084,2.739322e-07
A2402_AYAQKIFKI_IE-1_CMV_binder_TCR_33151,0,0.7442397,0.00054371555,0.00011988654
A2402_AYAQKIFKI_IE-1_CMV_binder_TCR_33180,0,0.74024683,0.00024454223,2.2323429e-10
A2402_AYAQKIFKI_IE-1_CMV_binder_TCR_33203,0,0.74405354,0.0011149644,9.0134545e-06
A2402_AYAQKIFKI_IE-1_CMV_binder_TCR_33223,0,0.74410987,0.004793581,3.0435757e-08
A2402_AYAQKIFKI_IE-1_CMV_binder_TCR_33266,0,0.7466787,0.0005736707,2.053423e-17
A2402_AYAQKIFKI_IE-1_CMV_binder_TCR_3328,0,0.7416236,0.00054536865,3.3280098e-13
A2402_AYAQKIFKI_IE-1_CMV_binder_TCR_33288,0,0.7482777,0.0006829869,1.0150202e-21
A2402_AYAQKIFKI_IE-1_CMV_binder_TCR_3336,0,0.74209315,0.0019251199,4.5674412e-07
A2402_AYAQKIFKI_IE-1_CMV_binder_TCR_3337,0,0.7395427,0.0010565504,3.6454179e-10
A2402_AYAQKIFKI_IE-1_CMV_binder_TCR_33410,0,0.7386037,0.0007786635,2.496014e-09
A2402_AYAQKIFKI_IE-1_CMV_binder_TCR_33442,0,0.7482113,0.0008752879,2.343813e-07
A2402_AYAQKIFKI_IE-1_CMV_binder_TCR_3346,0,0.74346256,0.00017184905,6.0865155e-08
A2402_AYAQKIFKI_IE-1_CMV_binder_TCR_3347,0,0.74481136,0.0014857826,1.2898395e-09
A2402_AYAQKIFKI_IE-1_CMV_binder_TCR_33484,0,0.7477069,0.00029332025,5.60142e-12
A2402_AYAQKIFKI_IE-1_CMV_binder_TCR_33487,0,0.74591553,0.0021130333,6.789361e-09
A2402_AYAQKIFKI_IE-1_CMV_binder_TCR_33491,0,0.74085134,0.002025503,0.0003791725
A2402_AYAQKIFKI_IE-1_CMV_binder_TCR_33514,0,0.745872,0.0018049893,7.204884e-13
A2402_AYAQKIFKI_IE-1_CMV_binder_TCR_33529,0,0.745311,0.0001948711,2.2738538e-11
A2402_AYAQKIFKI_IE-1_CMV_binder_TCR_33564,0,0.74785566,0.0009388421,3.414655e-05
A2402_AYAQKIFKI_IE-1_CMV_binder_TCR_33588,0,0.7465774,0.00049756194,1.828982e-08
A2402_AYAQKIFKI_IE-1_CMV_binder_TCR_33617,0,0.74713206,0.00035413154,2.743581e-07
A2402_AYAQKIFKI_IE-1_CMV_binder_TCR_33622,0,0.74207246,0.00017194382,3.542309e-10
A2402_AYAQKIFKI_IE-1_CMV_binder_TCR_33663,0,0.7430013,0.0006954727,1.152787e-07
A2402_AYAQKIFKI_IE-1_CMV_binder_TCR_33666,0,0.74928164,0.0022496926,3.728469e-08
A2402_AYAQKIFKI_IE-1_CMV_binder_TCR_33672,0,0.7479128,0.0016448111,1.96864e-12
A2402_AYAQKIFKI_IE-1_CMV_binder_TCR_33699,0,0.7439054,0.00046687614,2.1971548e-06
A2402_AYAQKIFKI_IE-1_CMV_binder_TCR_33727,0,0.7484668,0.0025149516,8.357979e-06
A2402_AYAQKIFKI_IE-1_CMV_binder_TCR_33745,0,0.74580586,0.001855067,2.66812e-05
A2402_AYAQKIFKI_IE-1_CMV_binder_TCR_33746,0,0.74643016,0.019773575,0.0002597804
A2402_AYAQKIFKI_IE-1_CMV_binder_TCR_33748,0,0.74579906,0.0017452027,7.009815e-05
A2402_AYAQKIFKI_IE-1_CMV_binder_TCR_33754,0,0.75049907,0.0006457105,3.4879248e-09
A2402_AYAQKIFKI_IE-1_CMV_binder_TCR_33792,0,0.7483082,0.00033762772,4.0823886e-09
A2402_AYAQKIFKI_IE-1_CMV_binder_TCR_33800,0,0.7420268,0.00032871708,0.00021888265
A2402_AYAQKIFKI_IE-1_CMV_binder_TCR_33810,0,0.74802446,0.0032360926,3.0245853e-06
A2402_AYAQKIFKI_IE-1_CMV_binder_TCR_33820,0,0.7417594,0.0010887028,1.505426e-09
A2402_AYAQKIFKI_IE-1_CMV_binder_TCR_33870,0,0.7435573,0.00022948897,3.1058253e-08
A2402_AYAQKIFKI_IE-1_CMV_binder_TCR_33918,0,0.74668825,0.00081749575,1.0349962e-10
A2402_AYAQKIFKI_IE-1_CMV_binder_TCR_33919,0,0.7469674,0.00039646617,4.670126e-10
A2402_AYAQKIFKI_IE-1_CMV_binder_TCR_33925,0,0.747715,0.00033555864,4.507532e-06
A2402_AYAQKIFKI_IE-1_CMV_binder_TCR_33979,0,0.7494108,0.0010747182,6.8275424e-12
A2402_AYAQKIFKI_IE-1_CMV_binder_TCR_3399,0,0.7428756,0.00642112,7.7832876e-05
A2402_AYAQKIFKI_IE-1_CMV_binder_TCR_34011,0,0.7452815,0.00017846892,2.891536e-09
A2402_AYAQKIFKI_IE-1_CMV_binder_TCR_34021,0,0.7474983,0.00014371959,7.704224e-08
A2402_AYAQKIFKI_IE-1_CMV_binder_TCR_341,0,0.7426787,0.0020125809,1.2221931e-12
A2402_AYAQKIFKI_IE-1_CMV_binder_TCR_3410,0,0.7439743,0.004496019,2.0873617e-07
A2402_AYAQKIFKI_IE-1_CMV_binder_TCR_34145,0,0.74442816,0.00025711255,7.710371e-11
A2402_AYAQKIFKI_IE-1_CMV_binder_TCR_34168,0,0.7484278,0.005136825,5.431799e-11
A2402_AYAQKIFKI_IE-1_CMV_binder_TCR_34181,0,0.74986786,0.00061145157,7.783777e-08
A2402_AYAQKIFKI_IE-1_CMV_binder_TCR_34188,0,0.75455695,0.0014500377,1.3811376e-09
A2402_AYAQKIFKI_IE-1_CMV_binder_TCR_3420,0,0.7454713,0.0022685705,1.7198194e-11
A2402_AYAQKIFKI_IE-1_CMV_binder_TCR_34205,0,0.74810237,0.0008760802,6.719723e-07
A2402_AYAQKIFKI_IE-1_CMV_binder_TCR_34257,0,0.7444761,0.0013153546,5.648302e-09
A2402_AYAQKIFKI_IE-1_CMV_binder_TCR_34273,0,0.74540377,0.00038976863,1.0540136e-10
A2402_AYAQKIFKI_IE-1_CMV_binder_TCR_34283,0,0.74227285,0.0018647921,6.0802726e-08
A2402_AYAQKIFKI_IE-1_CMV_binder_TCR_34319,0,0.74281603,0.0019283062,4.2436543e-05
A2402_AYAQKIFKI_IE-1_CMV_binder_TCR_34352,0,0.7468043,0.0032372384,2.1441654e-08
A2402_AYAQKIFKI_IE-1_CMV_binder_TCR_34365,0,0.75042385,0.0012549895,2.6171965e-05
A2402_AYAQKIFKI_IE-1_CMV_binder_TCR_34405,0,0.7463755,0.0004533659,1.8445439e-06
A2402_AYAQKIFKI_IE-1_CMV_binder_TCR_34488,0,0.75019467,0.0005148209,5.6860284e-08
A2402_AYAQKIFKI_IE-1_CMV_binder_TCR_34529,0,0.7510268,0.002201138,3.4251975e-15
A2402_AYAQKIFKI_IE-1_CMV_binder_TCR_34540,0,0.7476838,0.0006851419,8.270522e-15
A2402_AYAQKIFKI_IE-1_CMV_binder_TCR_34594,0,0.7416143,0.009402973,1.44816905e-08
A2402_AYAQKIFKI_IE-1_CMV_binder_TCR_34625,0,0.7484827,0.00026663567,2.2786068e-12
A2402_AYAQKIFKI_IE-1_CMV_binder_TCR_34637,0,0.74308443,0.0012962994,5.2425808e-06
A2402_AYAQKIFKI_IE-1_CMV_binder_TCR_34647,0,0.74729854,0.00027056478,2.2437788e-10
A2402_AYAQKIFKI_IE-1_CMV_binder_TCR_34688,0,0.74853545,0.0011527751,2.7163999e-08
A2402_AYAQKIFKI_IE-1_CMV_binder_TCR_34708,0,0.7473087,0.0005805807,9.877874e-05
A2402_AYAQKIFKI_IE-1_CMV_binder_TCR_34713,0,0.74475133,0.0008915565,0.0003461018
A2402_AYAQKIFKI_IE-1_CMV_binder_TCR_34719,0,0.7493985,0.000967126,0.00025129
A2402_AYAQKIFKI_IE-1_CMV_binder_TCR_34726,0,0.7480138,0.0013826234,3.1628664e-07
A2402_AYAQKIFKI_IE-1_CMV_binder_TCR_348,0,0.7435882,0.0016751781,3.1109712e-06
A2402_AYAQKIFKI_IE-1_CMV_binder_TCR_3480,0,0.7446048,0.00015490125,7.7772733e-13
A2402_AYAQKIFKI_IE-1_CMV_binder_TCR_34804,0,0.7478617,0.00066640566,0.0017585718
A2402_AYAQKIFKI_IE-1_CMV_binder_TCR_34832,0,0.7457687,0.002204538,0.00011223111
A2402_AYAQKIFKI_IE-1_CMV_binder_TCR_34841,0,0.74731636,0.113283835,6.91317e-14
A2402_AYAQKIFKI_IE-1_CMV_binder_TCR_34843,0,0.7462637,0.027537612,7.9791446e-16
A2402_AYAQKIFKI_IE-1_CMV_binder_TCR_3486,0,0.74843943,5.1455852e-05,4.3110223e-13
A2402_AYAQKIFKI_IE-1_CMV_binder_TCR_34872,0,0.7476782,0.0095203845,7.561085e-10
A2402_AYAQKIFKI_IE-1_CMV_binder_TCR_34886,0,0.7468371,0.005013057,2.3767282e-06
A2402_AYAQKIFKI_IE-1_CMV_binder_TCR_34887,0,0.7487213,0.0076471115,1.7697666e-09
A2402_AYAQKIFKI_IE-1_CMV_binder_TCR_34917,0,0.74518776,0.00025529688,0.00021196637
A2402_AYAQKIFKI_IE-1_CMV_binder_TCR_34926,0,0.7410494,0.0011069889,3.4545093e-09
A2402_AYAQKIFKI_IE-1_CMV_binder_TCR_34969,0,0.7498099,0.004236656,0.00019327582
A2402_AYAQKIFKI_IE-1_CMV_binder_TCR_34972,0,0.74783283,0.00096921064,3.02023e-08
A2402_AYAQKIFKI_IE-1_CMV_binder_TCR_34980,0,0.7458609,0.0054388056,1.679529e-05
A2402_AYAQKIFKI_IE-1_CMV_binder_TCR_35019,0,0.74953336,0.010063103,0.0030015907
A2402_AYAQKIFKI_IE-1_CMV_binder_TCR_35038,0,0.7432582,0.0008450731,1.7375882e-11
A2402_AYAQKIFKI_IE-1_CMV_binder_TCR_35076,0,0.74508184,0.0022026855,3.5722755e-05
A2402_AYAQKIFKI_IE-1_CMV_binder_TCR_35082,0,0.7479837,0.000557163,1.4518178e-06
A2402_AYAQKIFKI_IE-1_CMV_binder_TCR_35109,0,0.7446271,0.0009687089,7.4526395e-07
A2402_AYAQKIFKI_IE-1_CMV_binder_TCR_3512,0,0.74198854,0.0007326751,1.0524531e-09
A2402_AYAQKIFKI_IE-1_CMV_binder_TCR_35142,0,0.7432081,0.0002750396,3.2868375e-08
A2402_AYAQKIFKI_IE-1_CMV_binder_TCR_35144,0,0.74471635,0.0039826427,0.00094235875
A2402_AYAQKIFKI_IE-1_CMV_binder_TCR_35164,0,0.74474764,0.00032807468,2.8099656e-08
A2402_AYAQKIFKI_IE-1_CMV_binder_TCR_35171,0,0.7441346,0.00013355851,4.8010356e-09
A2402_AYAQKIFKI_IE-1_CMV_binder_TCR_35207,0,0.7482803,0.0055439435,3.0282448e-05
A2402_AYAQKIFKI_IE-1_CMV_binder_TCR_35217,0,0.74020606,0.0007770972,1.9316241e-08
A2402_AYAQKIFKI_IE-1_CMV_binder_TCR_35239,0,0.74704266,0.00033488942,2.8545294e-10
A2402_AYAQKIFKI_IE-1_CMV_binder_TCR_35264,0,0.74386317,0.00033019806,4.079269e-08
A2402_AYAQKIFKI_IE-1_CMV_binder_TCR_35294,0,0.7437047,0.0005053569,3.6736765e-08
A2402_AYAQKIFKI_IE-1_CMV_binder_TCR_35297,0,0.7478971,0.00021913448,3.5011166e-08
A2402_AYAQKIFKI_IE-1_CMV_binder_TCR_35338,0,0.7431051,0.00073360954,0.00021136578
A2402_AYAQKIFKI_IE-1_CMV_binder_TCR_35350,0,0.74507076,0.0004165654,1.1386072e-07
A2402_AYAQKIFKI_IE-1_CMV_binder_TCR_35352,0,0.73972225,0.00012391362,2.3540134e-10
A2402_AYAQKIFKI_IE-1_CMV_binder_TCR_35371,0,0.74562263,0.00058307813,8.418606e-10
A2402_AYAQKIFKI_IE-1_CMV_binder_TCR_35385,0,0.7453702,0.0002651226,2.0618151e-12
A2402_AYAQKIFKI_IE-1_CMV_binder_TCR_35406,0,0.74118006,0.0076730666,3.6054837e-05
A2402_AYAQKIFKI_IE-1_CMV_binder_TCR_35408,0,0.7480686,0.005080338,3.4318822e-05
A2402_AYAQKIFKI_IE-1_CMV_binder_TCR_35414,0,0.7551856,0.015938422,1.2848809e-06
A2402_AYAQKIFKI_IE-1_CMV_binder_TCR_35430,0,0.742921,0.00033443572,1.6073788e-09
A2402_AYAQKIFKI_IE-1_CMV_binder_TCR_3546,0,0.7410773,0.0006076553,4.780111e-05
A2402_AYAQKIFKI_IE-1_CMV_binder_TCR_3547,0,0.75088155,0.0035535893,0.038678136
A2402_AYAQKIFKI_IE-1_CMV_binder_TCR_35473,0,0.75330776,0.00032223674,9.355719e-05
A2402_AYAQKIFKI_IE-1_CMV_binder_TCR_3549,0,0.743937,0.0020120016,7.432573e-05
A2402_AYAQKIFKI_IE-1_CMV_binder_TCR_3555,0,0.7478666,0.00043937066,7.528101e-05
A2402_AYAQKIFKI_IE-1_CMV_binder_TCR_35553,0,0.74719846,0.019385962,0.003400427
A2402_AYAQKIFKI_IE-1_CMV_binder_TCR_35562,0,0.7432087,0.002291771,0.0009053046
A2402_AYAQKIFKI_IE-1_CMV_binder_TCR_35576,0,0.7472708,0.000920703,0.002139968
A2402_AYAQKIFKI_IE-1_CMV_binder_TCR_35578,0,0.7479491,0.005299134,3.0987877e-07
A2402_AYAQKIFKI_IE-1_CMV_binder_TCR_35595,0,0.7423577,0.0003236684,4.8014865e-08
A2402_AYAQKIFKI_IE-1_CMV_binder_TCR_35634,0,0.74285406,0.0009992266,3.3425007e-07
A2402_AYAQKIFKI_IE-1_CMV_binder_TCR_35682,0,0.7450199,0.025884205,5.749121e-10
A2402_AYAQKIFKI_IE-1_CMV_binder_TCR_35787,0,0.7498718,0.00018084556,1.3733436e-13
A2402_AYAQKIFKI_IE-1_CMV_binder_TCR_35814,0,0.74191046,0.004607146,7.847819e-06
A2402_AYAQKIFKI_IE-1_CMV_binder_TCR_35855,0,0.7474469,0.00029041435,1.667271e-08
A2402_AYAQKIFKI_IE-1_CMV_binder_TCR_35857,0,0.7477221,0.0007063194,7.1403838e-12
A2402_AYAQKIFKI_IE-1_CMV_binder_TCR_35865,0,0.7490254,0.0018348256,1.0432247e-07
A2402_AYAQKIFKI_IE-1_CMV_binder_TCR_35866,0,0.75011164,0.00034822227,5.5878066e-11
A2402_AYAQKIFKI_IE-1_CMV_binder_TCR_35889,0,0.75450534,0.00037091342,4.045009e-15
A2402_AYAQKIFKI_IE-1_CMV_binder_TCR_35903,0,0.74559325,0.0019720786,1.7830415e-07
A2402_AYAQKIFKI_IE-1_CMV_binder_TCR_35912,0,0.7440889,0.00050197105,4.596978e-06
A2402_AYAQKIFKI_IE-1_CMV_binder_TCR_35980,0,0.746506,0.0016856404,6.254374e-07
A2402_AYAQKIFKI_IE-1_CMV_binder_TCR_35984,0,0.7482298,0.00024124201,1.45688955e-05
A2402_AYAQKIFKI_IE-1_CMV_binder_TCR_36011,0,0.74577177,0.00079374237,1.3229953e-10
A2402_AYAQKIFKI_IE-1_CMV_binder_TCR_36021,0,0.7446161,0.0003399448,6.8265046e-11
A2402_AYAQKIFKI_IE-1_CMV_binder_TCR_36027,0,0.751655,0.0003622031,9.020609e-07
A2402_AYAQKIFKI_IE-1_CMV_binder_TCR_36029,0,0.7428751,0.00015808943,1.0724236e-06
A2402_AYAQKIFKI_IE-1_CMV_binder_TCR_36056,0,0.74406326,0.00016518132,1.5755402e-05
A2402_AYAQKIFKI_IE-1_CMV_binder_TCR_3609,0,0.7455173,0.0014561601,7.920958e-10
A2402_AYAQKIFKI_IE-1_CMV_binder_TCR_36099,0,0.74479043,0.00027604392,3.2830256e-17
A2402_AYAQKIFKI_IE-1_CMV_binder_TCR_36136,0,0.74854517,0.00034972472,4.254241e-06
A2402_AYAQKIFKI_IE-1_CMV_binder_TCR_36153,0,0.743605,0.008980119,6.1520754e-05
A2402_AYAQKIFKI_IE-1_CMV_binder_TCR_36155,0,0.7460745,0.0009726356,2.0400528e-09
A2402_AYAQKIFKI_IE-1_CMV_binder_TCR_36196,0,0.744933,0.000112327245,3.330107e-08
A2402_AYAQKIFKI_IE-1_CMV_binder_TCR_36198,0,0.74457324,0.0019417892,0.00014486347
A2402_AYAQKIFKI_IE-1_CMV_binder_TCR_36200,0,0.7428476,0.0030748711,5.238118e-06
A2402_AYAQKIFKI_IE-1_CMV_binder_TCR_3621,0,0.7448765,0.00018167966,1.5012773e-12
A2402_AYAQKIFKI_IE-1_CMV_binder_TCR_36212,0,0.74849796,6.849918e-05,1.9367223e-12
A2402_AYAQKIFKI_IE-1_CMV_binder_TCR_36214,0,0.7486789,0.00051218906,4.4133372e-10
A2402_AYAQKIFKI_IE-1_CMV_binder_TCR_36217,0,0.7433289,0.00017171196,9.779126e-12
A2402_AYAQKIFKI_IE-1_CMV_binder_TCR_36244,0,0.753205,0.0002004088,1.0142726e-11
A2402_AYAQKIFKI_IE-1_CMV_binder_TCR_36259,0,0.74327344,0.00017975218,6.330187e-14
A2402_AYAQKIFKI_IE-1_CMV_binder_TCR_3629,0,0.7435535,0.003801004,2.230931e-09
A2402_AYAQKIFKI_IE-1_CMV_binder_TCR_36314,0,0.7481084,0.0013644074,7.16297e-06
A2402_AYAQKIFKI_IE-1_CMV_binder_TCR_36322,0,0.74414897,0.00034719103,0.00015457002
A2402_AYAQKIFKI_IE-1_CMV_binder_TCR_36353,0,0.7460798,0.00071719376,2.7919658e-09
A2402_AYAQKIFKI_IE-1_CMV_binder_TCR_3639,0,0.747676,0.00019556614,6.59907e-11
A2402_AYAQKIFKI_IE-1_CMV_binder_TCR_36391,0,0.7395802,0.00016180107,4.0948457e-15
A2402_AYAQKIFKI_IE-1_CMV_binder_TCR_36392,0,0.7491896,0.0014581729,1.5919053e-06
A2402_AYAQKIFKI_IE-1_CMV_binder_TCR_36407,0,0.7468377,0.001283509,0.0007123723
A2402_AYAQKIFKI_IE-1_CMV_binder_TCR_36411,0,0.7452075,0.001277115,2.059894e-11
A2402_AYAQKIFKI_IE-1_CMV_binder_TCR_36417,0,0.7472484,0.0027097513,2.6555806e-08
A2402_AYAQKIFKI_IE-1_CMV_binder_TCR_36448,0,0.7502541,0.0002449081,5.25813e-10
A2402_AYAQKIFKI_IE-1_CMV_binder_TCR_36455,0,0.7412799,0.0052341097,0.0008210869
A2402_AYAQKIFKI_IE-1_CMV_binder_TCR_36466,0,0.74712604,0.00029933598,2.227141e-06
A2402_AYAQKIFKI_IE-1_CMV_binder_TCR_365,0,0.7391174,0.00066002936,8.635977e-12
A2402_AYAQKIFKI_IE-1_CMV_binder_TCR_36505,0,0.7439144,0.0010674532,3.699215e-06
A2402_AYAQKIFKI_IE-1_CMV_binder_TCR_36516,0,0.7510894,0.06074248,8.9834735e-08
A2402_AYAQKIFKI_IE-1_CMV_binder_TCR_36536,0,0.74756664,0.0005634935,9.4515835e-06
A2402_AYAQKIFKI_IE-1_CMV_binder_TCR_36575,0,0.7431983,0.0012803655,3.8463398e-07
A2402_AYAQKIFKI_IE-1_CMV_binder_TCR_36578,0,0.7449803,0.002091395,3.5784137e-06
A2402_AYAQKIFKI_IE-1_CMV_binder_TCR_36579,0,0.74597204,0.0067126225,1.844196e-05
A2402_AYAQKIFKI_IE-1_CMV_binder_TCR_36621,0,0.742057,0.00041230334,5.9489893e-09
A2402_AYAQKIFKI_IE-1_CMV_binder_TCR_36632,0,0.7445624,0.0013628126,0.00031139268
A2402_AYAQKIFKI_IE-1_CMV_binder_TCR_36650,0,0.7444177,0.00031916494,2.2700367e-06
A2402_AYAQKIFKI_IE-1_CMV_binder_TCR_36666,0,0.7489143,0.0031928562,8.6629965e-09
A2402_AYAQKIFKI_IE-1_CMV_binder_TCR_36673,0,0.74684185,0.00025448494,8.224918e-11
A2402_AYAQKIFKI_IE-1_CMV_binder_TCR_36680,0,0.7388942,0.007937848,1.3316079e-10
A2402_AYAQKIFKI_IE-1_CMV_binder_TCR_36719,0,0.7442547,0.00013978101,1.4485666e-12
A2402_AYAQKIFKI_IE-1_CMV_binder_TCR_36729,0,0.7498045,0.0006253425,1.8258579e-09
A2402_AYAQKIFKI_IE-1_CMV_binder_TCR_36741,0,0.746805,0.00088861486,5.781436e-11
A2402_AYAQKIFKI_IE-1_CMV_binder_TCR_36783,0,0.7483062,0.0028835258,7.27998e-08
A2402_AYAQKIFKI_IE-1_CMV_binder_TCR_36815,0,0.74325985,0.00044691714,1.449924e-12
A2402_AYAQKIFKI_IE-1_CMV_binder_TCR_36877,0,0.74833757,0.0009156246,2.4871078e-06
A2402_AYAQKIFKI_IE-1_CMV_binder_TCR_3688,0,0.7435889,0.0010875822,1.3070044e-06
A2402_AYAQKIFKI_IE-1_CMV_binder_TCR_36890,0,0.7636191,3.9889317e-05,1.6369149e-11
A2402_AYAQKIFKI_IE-1_CMV_binder_TCR_36925,0,0.7489944,0.00063081074,1.8635708e-05
A2402_AYAQKIFKI_IE-1_CMV_binder_TCR_36936,0,0.7471861,0.0008321956,3.6986056e-09
A2402_AYAQKIFKI_IE-1_CMV_binder_TCR_36937,0,0.7445994,0.000861013,1.1593005e-07
A2402_AYAQKIFKI_IE-1_CMV_binder_TCR_3696,0,0.74876046,0.0005419414,3.1500566e-12
A2402_AYAQKIFKI_IE-1_CMV_binder_TCR_36997,0,0.7470975,0.00088204775,1.0196038e-09
A2402_AYAQKIFKI_IE-1_CMV_binder_TCR_37036,0,0.7486029,0.00873539,2.1643438e-05
A2402_AYAQKIFKI_IE-1_CMV_binder_TCR_37045,0,0.7446543,0.0011721044,4.4607106e-11
A2402_AYAQKIFKI_IE-1_CMV_binder_TCR_37077,0,0.74766475,0.0011599201,1.6306154e-07
A2402_AYAQKIFKI_IE-1_CMV_binder_TCR_37081,0,0.75033563,0.000101735524,6.5371072e-15
A2402_AYAQKIFKI_IE-1_CMV_binder_TCR_37141,0,0.74717116,0.00037981357,9.359698e-13
A2402_AYAQKIFKI_IE-1_CMV_binder_TCR_37143,0,0.7476328,0.0015608396,1.6223914e-09
A2402_AYAQKIFKI_IE-1_CMV_binder_TCR_37155,0,0.74790066,0.000119264434,1.6422737e-09
A2402_AYAQKIFKI_IE-1_CMV_binder_TCR_37160,0,0.7452128,0.0029509554,1.2237716e-17
A2402_AYAQKIFKI_IE-1_CMV_binder_TCR_37180,0,0.7461707,0.0015021868,3.3472244e-08
A2402_AYAQKIFKI_IE-1_CMV_binder_TCR_37186,0,0.747627,0.0003866739,1.5648831e-15
A2402_AYAQKIFKI_IE-1_CMV_binder_TCR_37188,0,0.74183893,0.0024786815,0.00012833842
A2402_AYAQKIFKI_IE-1_CMV_binder_TCR_37247,0,0.7409076,0.0039295685,6.61117e-13
A2402_AYAQKIFKI_IE-1_CMV_binder_TCR_37250,0,0.7446141,0.0065333634,2.3973184e-06
A2402_AYAQKIFKI_IE-1_CMV_binder_TCR_37263,0,0.7500245,0.00015150062,1.1458505e-06
A2402_AYAQKIFKI_IE-1_CMV_binder_TCR_37289,0,0.7445753,0.007539281,0.00070738036
A2402_AYAQKIFKI_IE-1_CMV_binder_TCR_37378,0,0.737673,0.0005296292,2.338858e-15
A2402_AYAQKIFKI_IE-1_CMV_binder_TCR_37381,0,0.74208087,0.0007729613,9.866924e-08
A2402_AYAQKIFKI_IE-1_CMV_binder_TCR_37405,0,0.74322176,0.00068772206,5.824585e-17
A2402_AYAQKIFKI_IE-1_CMV_binder_TCR_37412,0,0.7474618,0.0009947972,1.1956882e-06
A2402_AYAQKIFKI_IE-1_CMV_binder_TCR_37444,0,0.7411562,0.00023623671,2.2859015e-09
A2402_AYAQKIFKI_IE-1_CMV_binder_TCR_37462,0,0.74551284,0.00065037876,3.0023082e-07
A2402_AYAQKIFKI_IE-1_CMV_binder_TCR_37504,0,0.75359255,0.00017195183,2.5018478e-09
A2402_AYAQKIFKI_IE-1_CMV_binder_TCR_37517,0,0.74113727,0.0010712632,3.7933973e-05
A2402_AYAQKIFKI_IE-1_CMV_binder_TCR_37563,0,0.74874204,0.0017183193,1.159385e-12
A2402_AYAQKIFKI_IE-1_CMV_binder_TCR_37582,0,0.740703,0.0008857247,6.1165224e-07
A2402_AYAQKIFKI_IE-1_CMV_binder_TCR_37631,0,0.7504087,0.00047251716,7.1199206e-06
A2402_AYAQKIFKI_IE-1_CMV_binder_TCR_37653,0,0.7408582,0.0022475328,5.501703e-07
A2402_AYAQKIFKI_IE-1_CMV_binder_TCR_37657,0,0.7430868,0.0005378897,1.523564e-05
A2402_AYAQKIFKI_IE-1_CMV_binder_TCR_3767,0,0.74608564,0.0001935126,1.4778508e-11
A2402_AYAQKIFKI_IE-1_CMV_binder_TCR_37670,0,0.7461337,0.0007155641,7.637751e-09
A2402_AYAQKIFKI_IE-1_CMV_binder_TCR_37775,0,0.74249464,0.08250982,1.46210205e-05
A2402_AYAQKIFKI_IE-1_CMV_binder_TCR_3778,0,0.74266696,0.00036893817,4.153113e-12
A2402_AYAQKIFKI_IE-1_CMV_binder_TCR_37792,0,0.74945205,0.0012810938,5.5979896e-09
A2402_AYAQKIFKI_IE-1_CMV_binder_TCR_37795,0,0.741648,0.01192875,1.5980346e-08
A2402_AYAQKIFKI_IE-1_CMV_binder_TCR_3780,0,0.74382323,0.0011706862,1.9877092e-08
A2402_AYAQKIFKI_IE-1_CMV_binder_TCR_37845,0,0.75461024,0.043658994,2.3008809e-07
A2402_AYAQKIFKI_IE-1_CMV_binder_TCR_37856,0,0.74247193,0.0006052182,1.6849174e-16
A2402_AYAQKIFKI_IE-1_CMV_binder_TCR_37860,0,0.75081,0.0008025209,6.3794772e-12
A2402_AYAQKIFKI_IE-1_CMV_binder_TCR_37878,0,0.7503562,0.0002478075,3.873085e-06
A2402_AYAQKIFKI_IE-1_CMV_binder_TCR_3790,0,0.7456166,0.0071684774,2.5102174e-09
A2402_AYAQKIFKI_IE-1_CMV_binder_TCR_37900,0,0.74675643,8.748298e-05,1.2223057e-11
A2402_AYAQKIFKI_IE-1_CMV_binder_TCR_3792,0,0.7440706,0.0029581233,6.8432137e-06
A2402_AYAQKIFKI_IE-1_CMV_binder_TCR_37942,0,0.74614996,0.004392843,4.8981956e-06
A2402_AYAQKIFKI_IE-1_CMV_binder_TCR_37951,0,0.7422635,0.000120209705,6.2079816e-12
A2402_AYAQKIFKI_IE-1_CMV_binder_TCR_37984,0,0.7426,0.00015031006,1.2140845e-12
A2402_AYAQKIFKI_IE-1_CMV_binder_TCR_37987,0,0.74843264,0.0011891564,3.787139e-09
A2402_AYAQKIFKI_IE-1_CMV_binder_TCR_37991,0,0.7410611,9.008415e-05,1.5839694e-08
A2402_AYAQKIFKI_IE-1_CMV_binder_TCR_37997,0,0.7422978,0.00017037721,1.7202977e-08
A2402_AYAQKIFKI_IE-1_CMV_binder_TCR_3802,0,0.7469895,0.00092251506,1.6225804e-05
A2402_AYAQKIFKI_IE-1_CMV_binder_TCR_38034,0,0.7471467,0.0007997886,9.1858954e-10
A2402_AYAQKIFKI_IE-1_CMV_binder_TCR_38072,0,0.74819434,0.00034950575,7.673277e-09
A2402_AYAQKIFKI_IE-1_CMV_binder_TCR_38086,0,0.75035685,0.0014724426,1.5906011e-10
A2402_AYAQKIFKI_IE-1_CMV_binder_TCR_38161,0,0.7526304,0.0011984217,1.8959764e-08
A2402_AYAQKIFKI_IE-1_CMV_binder_TCR_3818,0,0.74662733,0.0013417451,1.7625004e-07
A2402_AYAQKIFKI_IE-1_CMV_binder_TCR_38215,0,0.7454121,0.0011604467,8.1206686e-10
A2402_AYAQKIFKI_IE-1_CMV_binder_TCR_38224,0,0.747803,0.0017947252,4.6692276e-06
A2402_AYAQKIFKI_IE-1_CMV_binder_TCR_38239,0,0.74640965,0.0001347781,1.8069617e-10
A2402_AYAQKIFKI_IE-1_CMV_binder_TCR_38241,0,0.74858713,5.8430174e-05,1.1405518e-14
A2402_AYAQKIFKI_IE-1_CMV_binder_TCR_38243,0,0.74446094,0.00024691274,6.9830204e-11
A2402_AYAQKIFKI_IE-1_CMV_binder_TCR_38261,0,0.75758946,0.08593348,0.030144893
A2402_AYAQKIFKI_IE-1_CMV_binder_TCR_38266,0,0.7469924,0.001235914,6.6150533e-06
A2402_AYAQKIFKI_IE-1_CMV_binder_TCR_38284,0,0.74790555,0.0016744487,2.668277e-13
A2402_AYAQKIFKI_IE-1_CMV_binder_TCR_38309,0,0.7526088,0.002796163,6.0453437e-10
A2402_AYAQKIFKI_IE-1_CMV_binder_TCR_38320,0,0.7525141,0.0007896056,2.3774985e-11
A2402_AYAQKIFKI_IE-1_CMV_binder_TCR_38373,0,0.7490265,0.0003690891,1.736975e-11
A2402_AYAQKIFKI_IE-1_CMV_binder_TCR_38388,0,0.7471291,0.0005295136,2.9113272e-08
A2402_AYAQKIFKI_IE-1_CMV_binder_TCR_3840,0,0.74025035,0.008969803,3.34401e-05
A2402_AYAQKIFKI_IE-1_CMV_binder_TCR_38415,0,0.7464431,0.00042979806,0.00022562341
A2402_AYAQKIFKI_IE-1_CMV_binder_TCR_3842,0,0.7464889,0.002615966,1.06564855e-07
A2402_AYAQKIFKI_IE-1_CMV_binder_TCR_38438,0,0.7442774,0.00062352646,6.270826e-09
A2402_AYAQKIFKI_IE-1_CMV_binder_TCR_38453,0,0.74641544,0.00026321923,1.5195921e-11
A2402_AYAQKIFKI_IE-1_CMV_binder_TCR_38496,0,0.74385005,0.00018468645,3.5511843e-10
A2402_AYAQKIFKI_IE-1_CMV_binder_TCR_38523,0,0.74511933,0.0011242672,6.435143e-07
A2402_AYAQKIFKI_IE-1_CMV_binder_TCR_38561,0,0.7469269,0.00054145267,5.9693095e-10
A2402_AYAQKIFKI_IE-1_CMV_binder_TCR_3857,0,0.7469537,0.000716948,1.3167581e-12
A2402_AYAQKIFKI_IE-1_CMV_binder_TCR_38572,0,0.74257994,0.00019177569,1.5475604e-15
A2402_AYAQKIFKI_IE-1_CMV_binder_TCR_38594,0,0.74576473,0.0006244682,1.3461953e-07
A2402_AYAQKIFKI_IE-1_CMV_binder_TCR_38622,0,0.74530387,0.00025161344,1.3258176e-09
A2402_AYAQKIFKI_IE-1_CMV_binder_TCR_38623,0,0.74602884,0.0011848864,3.0980347e-11
A2402_AYAQKIFKI_IE-1_CMV_binder_TCR_38657,0,0.74391156,0.00059921056,1.8401669e-10
A2402_AYAQKIFKI_IE-1_CMV_binder_TCR_38674,0,0.7461455,0.008695015,3.0937326e-07
A2402_AYAQKIFKI_IE-1_CMV_binder_TCR_38678,0,0.74405074,0.013834187,8.604687e-12
A2402_AYAQKIFKI_IE-1_CMV_binder_TCR_38679,0,0.74543834,0.0001736446,3.193601e-13
A2402_AYAQKIFKI_IE-1_CMV_binder_TCR_38691,0,0.74671245,0.004446623,0.3090652
A2402_AYAQKIFKI_IE-1_CMV_binder_TCR_3870,0,0.74445796,0.005105112,0.0042922636
A2402_AYAQKIFKI_IE-1_CMV_binder_TCR_38713,0,0.73895186,0.0026031868,1.3875221e-07
A2402_AYAQKIFKI_IE-1_CMV_binder_TCR_38719,0,0.7499982,0.0006799761,1.2503639e-11
A2402_AYAQKIFKI_IE-1_CMV_binder_TCR_38740,0,0.742524,0.0009012149,0.00061674754
A2402_AYAQKIFKI_IE-1_CMV_binder_TCR_38774,0,0.74809253,0.00056041987,1.7385684e-12
A2402_AYAQKIFKI_IE-1_CMV_binder_TCR_38791,0,0.7485475,0.00022980865,7.960881e-06
A2402_AYAQKIFKI_IE-1_CMV_binder_TCR_38797,0,0.74937505,0.00040045724,2.3841185e-08
A2402_AYAQKIFKI_IE-1_CMV_binder_TCR_38834,0,0.7450402,0.0033245492,1.8654242e-07
A2402_AYAQKIFKI_IE-1_CMV_binder_TCR_38847,0,0.74538505,0.0014238546,6.568812e-09
A2402_AYAQKIFKI_IE-1_CMV_binder_TCR_38856,0,0.74854827,0.00023741492,2.973255e-14
A2402_AYAQKIFKI_IE-1_CMV_binder_TCR_38859,0,0.7429237,0.0001516683,3.0246958e-17
A2402_AYAQKIFKI_IE-1_CMV_binder_TCR_3886,0,0.74385655,0.00061516016,2.4271008e-08
A2402_AYAQKIFKI_IE-1_CMV_binder_TCR_38878,0,0.7462042,0.0007132822,5.3787744e-08
A2402_AYAQKIFKI_IE-1_CMV_binder_TCR_38882,0,0.7463336,0.00095264864,2.9644727e-06
A2402_AYAQKIFKI_IE-1_CMV_binder_TCR_38927,0,0.74650896,0.000461294,0.0004771686
A2402_AYAQKIFKI_IE-1_CMV_binder_TCR_38979,0,0.74684244,0.0014749054,5.1096157e-07
A2402_AYAQKIFKI_IE-1_CMV_binder_TCR_38985,0,0.7469368,0.00095806544,2.7642194e-05
A2402_AYAQKIFKI_IE-1_CMV_binder_TCR_38993,0,0.7459977,0.016427945,6.6613963e-09
A2402_AYAQKIFKI_IE-1_CMV_binder_TCR_39006,0,0.7484497,0.00073927623,1.8486246e-07
A2402_AYAQKIFKI_IE-1_CMV_binder_TCR_39013,0,0.74869466,0.029799568,1.581505e-07
A2402_AYAQKIFKI_IE-1_CMV_binder_TCR_39046,0,0.742953,0.0002691805,5.26037e-06
A2402_AYAQKIFKI_IE-1_CMV_binder_TCR_39056,0,0.7479209,0.0005894748,1.145106e-07
A2402_AYAQKIFKI_IE-1_CMV_binder_TCR_39062,0,0.7485928,0.00028218495,1.7303796e-07
A2402_AYAQKIFKI_IE-1_CMV_binder_TCR_39067,0,0.74834156,0.0047572767,6.4912056e-05
A2402_AYAQKIFKI_IE-1_CMV_binder_TCR_39080,0,0.7453518,0.0004195195,1.0916351e-08
A2402_AYAQKIFKI_IE-1_CMV_binder_TCR_39082,0,0.74800307,0.006330598,0.00042128682
A2402_AYAQKIFKI_IE-1_CMV_binder_TCR_3909,0,0.7483077,0.005580428,7.713993e-05
A2402_AYAQKIFKI_IE-1_CMV_binder_TCR_3912,0,0.7515938,0.0008643006,1.6420007e-06
A2402_AYAQKIFKI_IE-1_CMV_binder_TCR_39123,0,0.74812776,0.008933728,3.7129425e-07
A2402_AYAQKIFKI_IE-1_CMV_binder_TCR_39124,0,0.75304633,0.005187062,1.5746786e-09
A2402_AYAQKIFKI_IE-1_CMV_binder_TCR_39164,0,0.73998564,0.00052023306,1.8790298e-13
A2402_AYAQKIFKI_IE-1_CMV_binder_TCR_39178,0,0.7460078,0.34616888,0.00017522452
A2402_AYAQKIFKI_IE-1_CMV_binder_TCR_39188,0,0.74899065,0.0012627172,3.7904417e-09
A2402_AYAQKIFKI_IE-1_CMV_binder_TCR_39208,0,0.75287455,0.0019474567,1.481017e-06
A2402_AYAQKIFKI_IE-1_CMV_binder_TCR_39328,0,0.74669456,0.00607896,1.8367418e-05
A2402_AYAQKIFKI_IE-1_CMV_binder_TCR_39428,0,0.75279224,0.001885848,1.9423604e-08
A2402_AYAQKIFKI_IE-1_CMV_binder_TCR_39438,0,0.74809337,0.00097294425,3.7939853e-13
A2402_AYAQKIFKI_IE-1_CMV_binder_TCR_39441,0,0.7511814,0.007249355,1.4900229e-07
A2402_AYAQKIFKI_IE-1_CMV_binder_TCR_39450,0,0.75377417,0.0007411968,1.315532e-10
A2402_AYAQKIFKI_IE-1_CMV_binder_TCR_39460,0,0.7499111,0.007836605,5.216184e-06
A2402_AYAQKIFKI_IE-1_CMV_binder_TCR_39481,0,0.7446035,0.0010385964,1.4963025e-07
A2402_AYAQKIFKI_IE-1_CMV_binder_TCR_39499,0,0.7412619,0.00095759676,5.4064515e-08
A2402_AYAQKIFKI_IE-1_CMV_binder_TCR_39502,0,0.74470925,0.012118548,4.7346984e-07
A2402_AYAQKIFKI_IE-1_CMV_binder_TCR_39518,0,0.7463672,0.009060884,8.93286e-07
A2402_AYAQKIFKI_IE-1_CMV_binder_TCR_39533,0,0.7433342,0.0024773686,3.8883294e-07
A2402_AYAQKIFKI_IE-1_CMV_binder_TCR_39550,0,0.7438665,0.00033665064,0.00018192478
A2402_AYAQKIFKI_IE-1_CMV_binder_TCR_3958,0,0.74569297,0.00016792728,7.331848e-11
A2402_AYAQKIFKI_IE-1_CMV_binder_TCR_39602,0,0.74481124,0.00037032727,1.329175e-07
A2402_AYAQKIFKI_IE-1_CMV_binder_TCR_39618,0,0.7504461,0.00091652106,7.409207e-08
A2402_AYAQKIFKI_IE-1_CMV_binder_TCR_39623,0,0.7462386,0.000546676,3.869504e-06
A2402_AYAQKIFKI_IE-1_CMV_binder_TCR_39652,0,0.744084,0.000670369,5.1636857e-06
A2402_AYAQKIFKI_IE-1_CMV_binder_TCR_39659,0,0.7491741,0.00014859329,6.3473475e-09
A2402_AYAQKIFKI_IE-1_CMV_binder_TCR_39678,0,0.7464036,0.00055929314,7.7336206e-13
A2402_AYAQKIFKI_IE-1_CMV_binder_TCR_39736,0,0.74519104,0.0021899275,0.004556425
A2402_AYAQKIFKI_IE-1_CMV_binder_TCR_39768,0,0.744747,0.0016303757,1.899587e-10
A2402_AYAQKIFKI_IE-1_CMV_binder_TCR_39784,0,0.74775916,0.0005247186,3.1586775e-09
A2402_AYAQKIFKI_IE-1_CMV_binder_TCR_39785,0,0.7428597,0.00015234838,7.9735784e-08
A2402_AYAQKIFKI_IE-1_CMV_binder_TCR_3980,0,0.7492579,0.0004761386,5.9732038e-06
A2402_AYAQKIFKI_IE-1_CMV_binder_TCR_39803,0,0.74754703,0.0019173303,6.060168e-07
A2402_AYAQKIFKI_IE-1_CMV_binder_TCR_39821,0,0.74389684,0.0012584289,2.723419e-08
A2402_AYAQKIFKI_IE-1_CMV_binder_TCR_39906,0,0.740239,0.002396226,0.0011259789
A2402_AYAQKIFKI_IE-1_CMV_binder_TCR_39911,0,0.7500433,0.0005640502,2.4328494e-06
A2402_AYAQKIFKI_IE-1_CMV_binder_TCR_39924,0,0.746577,0.00010049221,5.5466092e-14
A2402_AYAQKIFKI_IE-1_CMV_binder_TCR_39933,0,0.74038243,0.0018450024,6.9566393e-09
A2402_AYAQKIFKI_IE-1_CMV_binder_TCR_39944,0,0.7497712,0.0003406897,0.00018501974
A2402_AYAQKIFKI_IE-1_CMV_binder_TCR_39969,0,0.7437746,0.0021244627,9.417119e-07
A2402_AYAQKIFKI_IE-1_CMV_binder_TCR_39976,0,0.7436608,0.0010855818,2.6820987e-10
A2402_AYAQKIFKI_IE-1_CMV_binder_TCR_39983,0,0.7499286,0.0037130974,1.0428148e-07
A2402_AYAQKIFKI_IE-1_CMV_binder_TCR_40027,0,0.7474261,0.0010389724,0.0001617744
A2402_AYAQKIFKI_IE-1_CMV_binder_TCR_40085,0,0.75269204,0.0011593878,1.1295245e-07
A2402_AYAQKIFKI_IE-1_CMV_binder_TCR_4013,0,0.74709445,0.00013596125,2.8353016e-08
A2402_AYAQKIFKI_IE-1_CMV_binder_TCR_4014,0,0.7459696,0.0029258663,2.2401724e-07
A2402_AYAQKIFKI_IE-1_CMV_binder_TCR_40140,0,0.7504511,0.00072395697,0.0003369329
A2402_AYAQKIFKI_IE-1_CMV_binder_TCR_40147,0,0.7496628,0.00058548857,1.3027556e-09
A2402_AYAQKIFKI_IE-1_CMV_binder_TCR_40156,0,0.7443439,0.00042302898,8.3069164e-05
A2402_AYAQKIFKI_IE-1_CMV_binder_TCR_40164,0,0.7511165,0.003879579,0.10920579
A2402_AYAQKIFKI_IE-1_CMV_binder_TCR_40180,0,0.74105704,0.006844578,6.753649e-09
A2402_AYAQKIFKI_IE-1_CMV_binder_TCR_40202,0,0.7472981,0.00026618384,4.422771e-12
A2402_AYAQKIFKI_IE-1_CMV_binder_TCR_4023,0,0.7436443,0.00087072403,1.0025354e-09
A2402_AYAQKIFKI_IE-1_CMV_binder_TCR_40231,0,0.7446951,0.013692343,1.9590371e-11
A2402_AYAQKIFKI_IE-1_CMV_binder_TCR_40234,0,0.74595815,0.00027840867,1.1987384e-13
A2402_AYAQKIFKI_IE-1_CMV_binder_TCR_40249,0,0.7513397,0.0064801476,2.6488935e-06
A2402_AYAQKIFKI_IE-1_CMV_binder_TCR_4028,0,0.7442471,0.002853759,0.0018528858
A2402_AYAQKIFKI_IE-1_CMV_binder_TCR_40309,0,0.74950993,0.0006586466,6.545343e-11
A2402_AYAQKIFKI_IE-1_CMV_binder_TCR_4032,0,0.74817044,0.0014233969,2.317842e-06
A2402_AYAQKIFKI_IE-1_CMV_binder_TCR_40326,0,0.75010145,0.00010845338,4.1619447e-17
A2402_AYAQKIFKI_IE-1_CMV_binder_TCR_40347,0,0.7477231,0.0006170895,7.816133e-07
A2402_AYAQKIFKI_IE-1_CMV_binder_TCR_40400,0,0.74626034,0.00063951407,7.598989e-11
A2402_AYAQKIFKI_IE-1_CMV_binder_TCR_40405,0,0.7529932,0.003425804,2.3372825e-06
A2402_AYAQKIFKI_IE-1_CMV_binder_TCR_40409,0,0.74820626,0.0005062731,4.308386e-08
A2402_AYAQKIFKI_IE-1_CMV_binder_TCR_40417,0,0.7445644,0.002785667,1.4397498e-08
A2402_AYAQKIFKI_IE-1_CMV_binder_TCR_40453,0,0.74815285,0.0005535912,0.0006875405
A2402_AYAQKIFKI_IE-1_CMV_binder_TCR_40464,0,0.7500005,0.0128209,2.9836702e-09
A2402_AYAQKIFKI_IE-1_CMV_binder_TCR_40466,0,0.75138474,0.0038035891,2.5825005e-07
A2402_AYAQKIFKI_IE-1_CMV_binder_TCR_40479,0,0.74503314,0.004509073,1.1148337e-05
A2402_AYAQKIFKI_IE-1_CMV_binder_TCR_40485,0,0.74529946,0.0010542921,5.6417477e-08
A2402_AYAQKIFKI_IE-1_CMV_binder_TCR_40489,0,0.74158424,0.00031136864,2.5898506e-05
A2402_AYAQKIFKI_IE-1_CMV_binder_TCR_40511,0,0.7470814,0.00047493126,1.8900546e-05
A2402_AYAQKIFKI_IE-1_CMV_binder_TCR_40512,0,0.7445659,0.00096339127,7.310314e-08
A2402_AYAQKIFKI_IE-1_CMV_binder_TCR_40564,0,0.7416105,0.011794938,0.00089134165
A2402_AYAQKIFKI_IE-1_CMV_binder_TCR_40591,0,0.742982,0.007485015,2.347192e-08
A2402_AYAQKIFKI_IE-1_CMV_binder_TCR_40594,0,0.7389532,0.00768188,3.4863747e-06
A2402_AYAQKIFKI_IE-1_CMV_binder_TCR_40598,0,0.74205536,0.00091390027,3.8150074e-13
A2402_AYAQKIFKI_IE-1_CMV_binder_TCR_40622,0,0.740041,0.007869532,0.0003560221
A2402_AYAQKIFKI_IE-1_CMV_binder_TCR_40659,0,0.74522954,0.002408183,1.6407627e-06
A2402_AYAQKIFKI_IE-1_CMV_binder_TCR_40697,0,0.74440724,0.0171579,1.2341961e-07
A2402_AYAQKIFKI_IE-1_CMV_binder_TCR_40716,0,0.7440283,0.025030049,4.5408215e-05
A2402_AYAQKIFKI_IE-1_CMV_binder_TCR_40720,0,0.7459136,0.10056152,1.1321933e-08
A2402_AYAQKIFKI_IE-1_CMV_binder_TCR_40732,0,0.7496963,0.012850191,0.00033838922
A2402_AYAQKIFKI_IE-1_CMV_binder_TCR_40808,0,0.7478556,0.0015951762,0.03996586
A2402_AYAQKIFKI_IE-1_CMV_binder_TCR_40820,0,0.7433409,0.0036157693,0.00066690886
A2402_AYAQKIFKI_IE-1_CMV_binder_TCR_40823,0,0.74018484,0.008195813,1.8907105e-09
A2402_AYAQKIFKI_IE-1_CMV_binder_TCR_40843,0,0.74694,0.025356954,1.3850164e-08
A2402_AYAQKIFKI_IE-1_CMV_binder_TCR_40863,0,0.7425625,0.0070382557,0.012751562
A2402_AYAQKIFKI_IE-1_CMV_binder_TCR_4092,0,0.74126166,0.0007419176,5.138719e-09
A2402_AYAQKIFKI_IE-1_CMV_binder_TCR_40926,0,0.7456114,0.0016139353,0.00010306309
A2402_AYAQKIFKI_IE-1_CMV_binder_TCR_40956,0,0.75295156,0.00081071944,2.61569e-09
A2402_AYAQKIFKI_IE-1_CMV_binder_TCR_4101,0,0.7474633,0.0009757729,8.606111e-05
A2402_AYAQKIFKI_IE-1_CMV_binder_TCR_41037,0,0.7521744,0.010976496,1.1459937e-08
A2402_AYAQKIFKI_IE-1_CMV_binder_TCR_41084,0,0.74823177,0.0012573861,4.6564415e-12
A2402_AYAQKIFKI_IE-1_CMV_binder_TCR_4112,0,0.74744856,0.0008945768,6.200306e-06
A2402_AYAQKIFKI_IE-1_CMV_binder_TCR_41146,0,0.74758196,0.00019563161,1.7445682e-06
A2402_AYAQKIFKI_IE-1_CMV_binder_TCR_41154,0,0.7443463,0.00070296315,0.004855553
A2402_AYAQKIFKI_IE-1_CMV_binder_TCR_41212,0,0.75128645,0.00051596755,0.000432251
A2402_AYAQKIFKI_IE-1_CMV_binder_TCR_41234,0,0.74110025,0.0076716584,7.653807e-09
A2402_AYAQKIFKI_IE-1_CMV_binder_TCR_41236,0,0.744321,0.0007047034,4.4369155e-08
A2402_AYAQKIFKI_IE-1_CMV_binder_TCR_4127,0,0.7510346,0.0007931137,1.3888361e-12
A2402_AYAQKIFKI_IE-1_CMV_binder_TCR_41338,0,0.75322914,0.00054644,1.2548682e-10
A2402_AYAQKIFKI_IE-1_CMV_binder_TCR_41350,0,0.7471776,0.00078665407,4.1006479e-07
A2402_AYAQKIFKI_IE-1_CMV_binder_TCR_41354,0,0.74585456,0.00049863354,3.0811136e-09
A2402_AYAQKIFKI_IE-1_CMV_binder_TCR_41355,0,0.74754876,0.0032399078,4.4979993e-09
A2402_AYAQKIFKI_IE-1_CMV_binder_TCR_41367,0,0.74751127,0.0004609955,0.00012765275
A2402_AYAQKIFKI_IE-1_CMV_binder_TCR_41374,0,0.7483447,0.00036271242,3.3825236e-07
A2402_AYAQKIFKI_IE-1_CMV_binder_TCR_41396,0,0.74196875,0.0001153759,2.3537023e-11
A2402_AYAQKIFKI_IE-1_CMV_binder_TCR_41398,0,0.7454816,0.00622903,6.4109344e-07
A2402_AYAQKIFKI_IE-1_CMV_binder_TCR_41453,0,0.7512055,0.000354498,2.9178812e-08
A2402_AYAQKIFKI_IE-1_CMV_binder_TCR_41454,1,0.74294466,0.0006603842,2.155421e-08
A2402_AYAQKIFKI_IE-1_CMV_binder_TCR_41457,0,0.746167,0.0026776956,1.1801634e-08
A2402_AYAQKIFKI_IE-1_CMV_binder_TCR_41459,0,0.74377453,0.00022598598,1.4084267e-09
A2402_AYAQKIFKI_IE-1_CMV_binder_TCR_41461,0,0.74356943,0.000537078,1.3968952e-10
A2402_AYAQKIFKI_IE-1_CMV_binder_TCR_41477,0,0.7536049,0.00014895362,1.0921288e-08
A2402_AYAQKIFKI_IE-1_CMV_binder_TCR_4152,0,0.7506169,0.0004833204,2.2992001e-08
A2402_AYAQKIFKI_IE-1_CMV_binder_TCR_41524,0,0.74615186,0.0007661245,8.232255e-06
A2402_AYAQKIFKI_IE-1_CMV_binder_TCR_41541,0,0.74356896,0.0009461624,5.245771e-09
A2402_AYAQKIFKI_IE-1_CMV_binder_TCR_41552,0,0.74894875,0.00030176612,8.9780386e-13
A2402_AYAQKIFKI_IE-1_CMV_binder_TCR_41561,0,0.74874604,0.00021925298,3.5153434e-07
A2402_AYAQKIFKI_IE-1_CMV_binder_TCR_41570,0,0.73937887,0.0005257482,1.0905555e-07
A2402_AYAQKIFKI_IE-1_CMV_binder_TCR_41612,0,0.74002993,0.0002631535,1.6654726e-11
A2402_AYAQKIFKI_IE-1_CMV_binder_TCR_41648,0,0.74809825,0.00077094126,5.800255e-06
A2402_AYAQKIFKI_IE-1_CMV_binder_TCR_41650,0,0.7486544,0.0019277878,5.09615e-10
A2402_AYAQKIFKI_IE-1_CMV_binder_TCR_41652,0,0.7486445,0.0011722485,0.00060772314
A2402_AYAQKIFKI_IE-1_CMV_binder_TCR_41676,0,0.7482134,0.00070884236,7.700892e-11
A2402_AYAQKIFKI_IE-1_CMV_binder_TCR_41708,0,0.74919355,0.00071409944,1.9644844e-05
A2402_AYAQKIFKI_IE-1_CMV_binder_TCR_41721,0,0.7466587,0.0011172156,2.0557444e-08
A2402_AYAQKIFKI_IE-1_CMV_binder_TCR_41723,0,0.7419957,0.001482788,5.9127135e-08
A2402_AYAQKIFKI_IE-1_CMV_binder_TCR_41731,0,0.7423765,0.00021763984,1.1906961e-06
A2402_AYAQKIFKI_IE-1_CMV_binder_TCR_41740,0,0.7498722,0.00015712417,1.9529534e-10
A2402_AYAQKIFKI_IE-1_CMV_binder_TCR_41780,0,0.7420894,0.00086378807,1.6500003e-07
A2402_AYAQKIFKI_IE-1_CMV_binder_TCR_41794,0,0.74744236,0.0067872154,8.678228e-09
A2402_AYAQKIFKI_IE-1_CMV_binder_TCR_41803,0,0.7444716,0.000508166,3.947036e-11
A2402_AYAQKIFKI_IE-1_CMV_binder_TCR_41809,0,0.74774855,0.00085950765,1.334255e-07
A2402_AYAQKIFKI_IE-1_CMV_binder_TCR_41816,0,0.74997795,0.00036719642,5.882236e-10
A2402_AYAQKIFKI_IE-1_CMV_binder_TCR_41836,0,0.74728954,0.00439971,4.4131793e-06
A2402_AYAQKIFKI_IE-1_CMV_binder_TCR_4185,0,0.7493135,0.000800023,4.1241882e-13
A2402_AYAQKIFKI_IE-1_CMV_binder_TCR_419,0,0.75521713,0.00028666653,7.505446e-15
A2402_AYAQKIFKI_IE-1_CMV_binder_TCR_41914,0,0.74692184,0.00022965293,3.4927875e-06
A2402_AYAQKIFKI_IE-1_CMV_binder_TCR_41968,0,0.74414235,0.013864626,0.00010485397
A2402_AYAQKIFKI_IE-1_CMV_binder_TCR_41982,0,0.74274033,0.0021867943,5.1220957e-07
A2402_AYAQKIFKI_IE-1_CMV_binder_TCR_42000,0,0.75809866,0.018206332,7.70249e-06
A2402_AYAQKIFKI_IE-1_CMV_binder_TCR_42008,0,0.74622923,0.03829317,8.2094765e-08
A2402_AYAQKIFKI_IE-1_CMV_binder_TCR_42017,0,0.7517804,0.12871489,3.490312e-05
A2402_AYAQKIFKI_IE-1_CMV_binder_TCR_42033,0,0.7439428,0.0041878,3.9493963e-05
A2402_AYAQKIFKI_IE-1_CMV_binder_TCR_42065,0,0.760096,0.008888246,1.3825828e-08
A2402_AYAQKIFKI_IE-1_CMV_binder_TCR_42081,0,0.7618405,0.0056584086,7.4506993e-16
A2402_AYAQKIFKI_IE-1_CMV_binder_TCR_4210,0,0.74444026,0.0013147327,7.1408056e-07
A2402_AYAQKIFKI_IE-1_CMV_binder_TCR_42124,0,0.7647159,0.0033965283,1.1351132e-14
A2402_AYAQKIFKI_IE-1_CMV_binder_TCR_42131,0,0.7602993,0.0019504209,1.2601115e-17
A2402_AYAQKIFKI_IE-1_CMV_binder_TCR_42134,0,0.76226366,0.16042805,1.6120723e-14
A2402_AYAQKIFKI_IE-1_CMV_binder_TCR_42139,0,0.7591428,0.0077576316,1.2569743e-09
A2402_AYAQKIFKI_IE-1_CMV_binder_TCR_4220,0,0.74280727,0.0011062609,1.0103811e-09
A2402_AYAQKIFKI_IE-1_CMV_binder_TCR_42213,0,0.7456797,0.00024247475,3.1184308e-07
A2402_AYAQKIFKI_IE-1_CMV_binder_TCR_42220,0,0.7470162,0.00048871397,5.029028e-15
A2402_AYAQKIFKI_IE-1_CMV_binder_TCR_4223,0,0.74644387,0.001964196,7.777908e-06
A2402_AYAQKIFKI_IE-1_CMV_binder_TCR_42276,0,0.74962604,0.00031504378,8.463468e-12
A2402_AYAQKIFKI_IE-1_CMV_binder_TCR_42277,0,0.7476959,0.0013662687,2.6916265e-07
A2402_AYAQKIFKI_IE-1_CMV_binder_TCR_4230,0,0.7454391,0.00050497643,2.5526862e-07
A2402_AYAQKIFKI_IE-1_CMV_binder_TCR_42307,0,0.7476677,0.0012199339,0.00029809825
A2402_AYAQKIFKI_IE-1_CMV_binder_TCR_42331,0,0.7403837,0.00040777115,1.9331065e-11
A2402_AYAQKIFKI_IE-1_CMV_binder_TCR_42362,0,0.74537617,0.0070356103,3.26958e-08
A2402_AYAQKIFKI_IE-1_CMV_binder_TCR_42371,0,0.74532115,0.069358155,4.1922456e-05
A2402_AYAQKIFKI_IE-1_CMV_binder_TCR_42372,0,0.7452796,0.0045971987,1.1347956e-09
A2402_AYAQKIFKI_IE-1_CMV_binder_TCR_42379,0,0.7429362,0.0007779881,2.7024498e-06
A2402_AYAQKIFKI_IE-1_CMV_binder_TCR_42391,0,0.74208164,0.010168362,1.9094506e-09
A2402_AYAQKIFKI_IE-1_CMV_binder_TCR_42399,0,0.7451689,0.004776002,0.00026459937
A2402_AYAQKIFKI_IE-1_CMV_binder_TCR_42490,0,0.75390065,0.0021544483,0.00022149767
A2402_AYAQKIFKI_IE-1_CMV_binder_TCR_42494,0,0.7468155,0.0023034634,2.56177e-08
A2402_AYAQKIFKI_IE-1_CMV_binder_TCR_42496,0,0.7506635,0.0023041572,0.0029877266
A2402_AYAQKIFKI_IE-1_CMV_binder_TCR_425,0,0.7558384,0.002362273,7.875254e-13
A2402_AYAQKIFKI_IE-1_CMV_binder_TCR_42568,0,0.7492176,0.0017563099,0.00055044476
A2402_AYAQKIFKI_IE-1_CMV_binder_TCR_42587,0,0.74440867,0.010522893,2.1469072e-08
A2402_AYAQKIFKI_IE-1_CMV_binder_TCR_42591,0,0.75032985,0.00033695277,7.953051e-10
A2402_AYAQKIFKI_IE-1_CMV_binder_TCR_42615,0,0.7388614,0.0046721576,0.0002169278
A2402_AYAQKIFKI_IE-1_CMV_binder_TCR_42642,0,0.746422,0.0002029885,2.2446999e-07
A2402_AYAQKIFKI_IE-1_CMV_binder_TCR_42657,0,0.74659276,0.03142297,5.3668847e-09
A2402_AYAQKIFKI_IE-1_CMV_binder_TCR_42679,0,0.75133485,0.00041925802,6.8636874e-11
A2402_AYAQKIFKI_IE-1_CMV_binder_TCR_4271,0,0.7484014,0.0024565635,1.927773e-07
A2402_AYAQKIFKI_IE-1_CMV_binder_TCR_42712,0,0.75514716,0.07092522,3.6487098e-05
A2402_AYAQKIFKI_IE-1_CMV_binder_TCR_42749,0,0.7514064,0.0009807607,0.0012589702
A2402_AYAQKIFKI_IE-1_CMV_binder_TCR_42825,0,0.7542019,0.00025292332,2.0382297e-08
A2402_AYAQKIFKI_IE-1_CMV_binder_TCR_42834,0,0.74164885,0.010619219,1.8422992e-13
A2402_AYAQKIFKI_IE-1_CMV_binder_TCR_42842,0,0.7510752,0.004848073,2.9242381e-05
A2402_AYAQKIFKI_IE-1_CMV_binder_TCR_429,0,0.7519729,0.00020433209,4.2852403e-06
A2402_AYAQKIFKI_IE-1_CMV_binder_TCR_42935,0,0.750272,0.00046086652,7.2500615e-07
A2402_AYAQKIFKI_IE-1_CMV_binder_TCR_42956,0,0.7435985,0.0006251879,2.1000872e-09
A2402_AYAQKIFKI_IE-1_CMV_binder_TCR_42984,0,0.7477841,0.00044637686,0.005636144
A2402_AYAQKIFKI_IE-1_CMV_binder_TCR_43034,0,0.745586,0.00086112507,0.00088938745
A2402_AYAQKIFKI_IE-1_CMV_binder_TCR_43037,0,0.74737024,0.003962426,0.002191589
A2402_AYAQKIFKI_IE-1_CMV_binder_TCR_4304,0,0.745162,0.0014301729,5.58265e-06
A2402_AYAQKIFKI_IE-1_CMV_binder_TCR_43079,0,0.74463236,0.0011791015,1.5424067e-11
A2402_AYAQKIFKI_IE-1_CMV_binder_TCR_43080,0,0.7460846,0.00022422023,1.162368e-11
A2402_AYAQKIFKI_IE-1_CMV_binder_TCR_4309,0,0.74070996,0.00223285,6.678095e-07
A2402_AYAQKIFKI_IE-1_CMV_binder_TCR_43098,0,0.74974746,0.0011903713,1.4493703e-09
A2402_AYAQKIFKI_IE-1_CMV_binder_TCR_43140,0,0.7495544,0.0016393875,1.2057916e-06
A2402_AYAQKIFKI_IE-1_CMV_binder_TCR_4316,0,0.7431109,0.003619924,9.588867e-06
A2402_AYAQKIFKI_IE-1_CMV_binder_TCR_43161,0,0.7435358,0.013466407,0.00010462207
A2402_AYAQKIFKI_IE-1_CMV_binder_TCR_43171,0,0.746657,0.00012148522,5.564231e-10
A2402_AYAQKIFKI_IE-1_CMV_binder_TCR_43180,0,0.74510914,0.002201402,2.7148099e-05
A2402_AYAQKIFKI_IE-1_CMV_binder_TCR_43197,0,0.74829394,0.002244196,3.0248162e-10
A2402_AYAQKIFKI_IE-1_CMV_binder_TCR_432,0,0.7452726,5.413128e-05,4.6542655e-16
A2402_AYAQKIFKI_IE-1_CMV_binder_TCR_43214,0,0.7467079,0.0027156258,1.2098607e-09
A2402_AYAQKIFKI_IE-1_CMV_binder_TCR_43235,0,0.7399368,0.00011477883,2.2527306e-08
A2402_AYAQKIFKI_IE-1_CMV_binder_TCR_43242,0,0.74677277,0.00010276299,1.0771775e-12
A2402_AYAQKIFKI_IE-1_CMV_binder_TCR_43250,0,0.7468244,0.0045409957,3.21301e-06
A2402_AYAQKIFKI_IE-1_CMV_binder_TCR_43276,0,0.7433251,0.00015759846,1.0820678e-09
A2402_AYAQKIFKI_IE-1_CMV_binder_TCR_43284,0,0.749344,0.00026092003,2.1273685e-09
A2402_AYAQKIFKI_IE-1_CMV_binder_TCR_43323,0,0.7431277,0.00018086434,4.461038e-13
A2402_AYAQKIFKI_IE-1_CMV_binder_TCR_43324,0,0.74342865,0.00058899715,5.545945e-13
A2402_AYAQKIFKI_IE-1_CMV_binder_TCR_43340,0,0.7359833,0.028388975,2.3978555e-11
A2402_AYAQKIFKI_IE-1_CMV_binder_TCR_43346,0,0.7464659,0.002063521,5.5998944e-06
A2402_AYAQKIFKI_IE-1_CMV_binder_TCR_43358,0,0.7453822,0.005405182,4.4204457e-06
A2402_AYAQKIFKI_IE-1_CMV_binder_TCR_4340,0,0.7433856,0.007721069,8.826804e-06
A2402_AYAQKIFKI_IE-1_CMV_binder_TCR_43422,0,0.7466423,0.0002052917,7.2325895e-07
A2402_AYAQKIFKI_IE-1_CMV_binder_TCR_43464,0,0.74391687,0.0023496656,2.1021815e-05
A2402_AYAQKIFKI_IE-1_CMV_binder_TCR_4348,0,0.7396234,0.0006699893,1.0608842e-06
A2402_AYAQKIFKI_IE-1_CMV_binder_TCR_43536,0,0.7429765,0.0003906063,4.110118e-08
A2402_AYAQKIFKI_IE-1_CMV_binder_TCR_43553,0,0.74185187,0.0021717388,1.1776769e-05
A2402_AYAQKIFKI_IE-1_CMV_binder_TCR_43564,0,0.7425902,0.00030870867,5.4703804e-08
A2402_AYAQKIFKI_IE-1_CMV_binder_TCR_43621,0,0.74887,0.000747559,1.3546348e-06
A2402_AYAQKIFKI_IE-1_CMV_binder_TCR_43623,0,0.747997,0.000701746,8.26544e-08
A2402_AYAQKIFKI_IE-1_CMV_binder_TCR_43718,0,0.74776554,0.00047396228,8.169432e-07
A2402_AYAQKIFKI_IE-1_CMV_binder_TCR_43728,0,0.7479289,0.00010225812,9.499838e-10
A2402_AYAQKIFKI_IE-1_CMV_binder_TCR_43741,0,0.7515934,0.0009214626,2.1232174e-07
A2402_AYAQKIFKI_IE-1_CMV_binder_TCR_43773,0,0.7431909,0.00045348084,1.6505824e-07
A2402_AYAQKIFKI_IE-1_CMV_binder_TCR_43777,0,0.74534744,0.00012026669,1.8245524e-09
A2402_AYAQKIFKI_IE-1_CMV_binder_TCR_43797,0,0.7441211,0.00037776536,3.8231063e-10
A2402_AYAQKIFKI_IE-1_CMV_binder_TCR_43856,0,0.7423895,0.0001774833,3.8006737e-15
A2402_AYAQKIFKI_IE-1_CMV_binder_TCR_43869,0,0.74430287,0.0011736964,2.9622646e-05
A2402_AYAQKIFKI_IE-1_CMV_binder_TCR_43885,0,0.746899,0.02461485,0.00081494584
A2402_AYAQKIFKI_IE-1_CMV_binder_TCR_43923,0,0.7452344,0.0016018298,4.8144585e-07
A2402_AYAQKIFKI_IE-1_CMV_binder_TCR_43940,0,0.7454718,0.000695424,8.293325e-09
A2402_AYAQKIFKI_IE-1_CMV_binder_TCR_43978,0,0.7454244,0.0007447397,2.5494458e-06
A2402_AYAQKIFKI_IE-1_CMV_binder_TCR_43990,0,0.7497481,0.00047301984,1.9496436e-11
A2402_AYAQKIFKI_IE-1_CMV_binder_TCR_43992,0,0.7577452,0.0033435898,1.2378574e-09
A2402_AYAQKIFKI_IE-1_CMV_binder_TCR_44035,0,0.7433069,0.0005948903,1.2489063e-07
A2402_AYAQKIFKI_IE-1_CMV_binder_TCR_44040,0,0.7418201,0.0021122058,0.0007602967
A2402_AYAQKIFKI_IE-1_CMV_binder_TCR_44052,0,0.74347925,0.0014230087,6.5630934e-06
A2402_AYAQKIFKI_IE-1_CMV_binder_TCR_44054,0,0.7513131,0.0005587672,3.887413e-08
A2402_AYAQKIFKI_IE-1_CMV_binder_TCR_44063,0,0.7421984,0.0011619427,1.6987248e-09
A2402_AYAQKIFKI_IE-1_CMV_binder_TCR_44075,0,0.7426398,0.0038689736,0.00031084454
A2402_AYAQKIFKI_IE-1_CMV_binder_TCR_44161,0,0.743489,0.00030707632,2.413973e-10
A2402_AYAQKIFKI_IE-1_CMV_binder_TCR_44162,0,0.7436757,0.00097631646,3.0220222e-05
A2402_AYAQKIFKI_IE-1_CMV_binder_TCR_44171,0,0.7454874,0.04308283,4.3160122e-05
A2402_AYAQKIFKI_IE-1_CMV_binder_TCR_44183,0,0.74611646,0.0045496323,8.274921e-08
A2402_AYAQKIFKI_IE-1_CMV_binder_TCR_44188,0,0.74310595,0.00090443855,2.4802862e-09
A2402_AYAQKIFKI_IE-1_CMV_binder_TCR_44211,0,0.7438555,0.0025008495,2.0970208e-07
A2402_AYAQKIFKI_IE-1_CMV_binder_TCR_44222,0,0.74155074,0.0007080059,2.695576e-14
A2402_AYAQKIFKI_IE-1_CMV_binder_TCR_44239,0,0.73864806,0.0010250752,4.931385e-07
A2402_AYAQKIFKI_IE-1_CMV_binder_TCR_44254,0,0.7408058,0.0007869633,4.4656368e-05
A2402_AYAQKIFKI_IE-1_CMV_binder_TCR_4426,0,0.74555326,0.00062129035,3.1419096e-11
A2402_AYAQKIFKI_IE-1_CMV_binder_TCR_44343,0,0.74349004,0.0141090425,0.00037996168
A2402_AYAQKIFKI_IE-1_CMV_binder_TCR_44346,0,0.74303204,0.0011476207,1.2227149e-09
A2402_AYAQKIFKI_IE-1_CMV_binder_TCR_44378,0,0.7424949,0.00026821214,9.0860126e-14
A2402_AYAQKIFKI_IE-1_CMV_binder_TCR_4438,0,0.7529955,0.0002990992,1.8234463e-05
A2402_AYAQKIFKI_IE-1_CMV_binder_TCR_44391,0,0.7411929,0.00026803295,1.8739723e-13
A2402_AYAQKIFKI_IE-1_CMV_binder_TCR_44401,0,0.74034375,0.00023827779,2.7579428e-10
A2402_AYAQKIFKI_IE-1_CMV_binder_TCR_44405,0,0.7394539,0.0015979359,7.643558e-11
A2402_AYAQKIFKI_IE-1_CMV_binder_TCR_44458,0,0.7431041,0.0009873991,1.4048322e-08
A2402_AYAQKIFKI_IE-1_CMV_binder_TCR_44465,0,0.7448938,0.00068656093,1.45041925e-08
A2402_AYAQKIFKI_IE-1_CMV_binder_TCR_44588,0,0.7452035,0.000796418,2.2296786e-06
A2402_AYAQKIFKI_IE-1_CMV_binder_TCR_44592,0,0.73950857,0.008338187,1.2817622e-11
A2402_AYAQKIFKI_IE-1_CMV_binder_TCR_44601,0,0.74757195,0.0012812323,1.9114157e-06
A2402_AYAQKIFKI_IE-1_CMV_binder_TCR_44606,0,0.74845773,4.156308e-05,1.950611e-18
A2402_AYAQKIFKI_IE-1_CMV_binder_TCR_44783,0,0.7481865,0.0008529424,1.4549507e-10
A2402_AYAQKIFKI_IE-1_CMV_binder_TCR_44833,0,0.74644566,0.003749184,1.0018267e-12
A2402_AYAQKIFKI_IE-1_CMV_binder_TCR_44853,0,0.7478283,0.00012233897,7.2755773e-16
A2402_AYAQKIFKI_IE-1_CMV_binder_TCR_44877,0,0.7407581,0.00020687151,6.037666e-11
A2402_AYAQKIFKI_IE-1_CMV_binder_TCR_44881,0,0.74600565,0.00023588806,3.296198e-12
A2402_AYAQKIFKI_IE-1_CMV_binder_TCR_44891,0,0.7415309,0.003259731,1.2744816e-07
A2402_AYAQKIFKI_IE-1_CMV_binder_TCR_449,0,0.7458902,0.00026255954,3.3099055e-09
A2402_AYAQKIFKI_IE-1_CMV_binder_TCR_44959,0,0.7456672,0.0027685328,4.329076e-09
A2402_AYAQKIFKI_IE-1_CMV_binder_TCR_44969,0,0.7504556,0.00039549454,1.0511121e-05
A2402_AYAQKIFKI_IE-1_CMV_binder_TCR_44973,0,0.75273645,0.0002907274,2.8747811e-08
A2402_AYAQKIFKI_IE-1_CMV_binder_TCR_44975,0,0.7487486,0.008470957,1.0360111e-05
A2402_AYAQKIFKI_IE-1_CMV_binder_TCR_45013,0,0.74588543,0.00074217183,1.2035979e-09
A2402_AYAQKIFKI_IE-1_CMV_binder_TCR_45022,0,0.74579275,0.00013024079,1.4193416e-15
A2402_AYAQKIFKI_IE-1_CMV_binder_TCR_45024,0,0.75179315,0.0019890072,3.7778197e-08
A2402_AYAQKIFKI_IE-1_CMV_binder_TCR_45030,0,0.7444366,0.00039219504,9.2490976e-10
A2402_AYAQKIFKI_IE-1_CMV_binder_TCR_45034,0,0.74910074,0.00037128807,1.4190521e-11
A2402_AYAQKIFKI_IE-1_CMV_binder_TCR_45047,0,0.75102305,0.0036978931,3.0558827e-09
A2402_AYAQKIFKI_IE-1_CMV_binder_TCR_4507,0,0.7467688,0.0024033308,1.9063492e-06
A2402_AYAQKIFKI_IE-1_CMV_binder_TCR_45080,0,0.75093836,0.0012928821,2.2124467e-09
A2402_AYAQKIFKI_IE-1_CMV_binder_TCR_45096,0,0.74635834,0.0004805727,8.653583e-09
A2402_AYAQKIFKI_IE-1_CMV_binder_TCR_45130,0,0.7478968,0.0010838211,5.612424e-05
A2402_AYAQKIFKI_IE-1_CMV_binder_TCR_45181,0,0.74746835,0.0005931485,1.3125369e-10
A2402_AYAQKIFKI_IE-1_CMV_binder_TCR_45191,0,0.75253314,0.0013958645,7.959015e-10
A2402_AYAQKIFKI_IE-1_CMV_binder_TCR_45195,0,0.74851376,0.003665392,3.1759213e-05
A2402_AYAQKIFKI_IE-1_CMV_binder_TCR_45207,0,0.7458028,0.00028324642,3.6815194e-15
A2402_AYAQKIFKI_IE-1_CMV_binder_TCR_45219,0,0.7457074,0.0010235544,2.634673e-12
A2402_AYAQKIFKI_IE-1_CMV_binder_TCR_45227,0,0.75018793,0.0010230322,5.14403e-06
A2402_AYAQKIFKI_IE-1_CMV_binder_TCR_45236,0,0.7414373,0.004965349,5.5573437e-06
A2402_AYAQKIFKI_IE-1_CMV_binder_TCR_45262,0,0.7437942,0.0005426759,8.164689e-16
A2402_AYAQKIFKI_IE-1_CMV_binder_TCR_45308,0,0.74281317,0.00017471319,1.4343494e-05
A2402_AYAQKIFKI_IE-1_CMV_binder_TCR_45334,0,0.7438728,0.0022895455,9.6856726e-05
A2402_AYAQKIFKI_IE-1_CMV_binder_TCR_45376,0,0.7434102,0.00027786905,1.509778e-06
A2402_AYAQKIFKI_IE-1_CMV_binder_TCR_45448,0,0.7484322,0.004174784,1.5053786e-06
A2402_AYAQKIFKI_IE-1_CMV_binder_TCR_45451,0,0.74077827,0.02987048,1.8320809e-06
A2402_AYAQKIFKI_IE-1_CMV_binder_TCR_45478,0,0.7440202,0.0036451833,0.00042869282
A2402_AYAQKIFKI_IE-1_CMV_binder_TCR_455,0,0.7488066,0.00022394142,7.6160774e-07
A2402_AYAQKIFKI_IE-1_CMV_binder_TCR_45525,0,0.7494056,0.014997728,2.2274997e-09
A2402_AYAQKIFKI_IE-1_CMV_binder_TCR_45564,0,0.74389195,0.00015338781,5.2848e-08
A2402_AYAQKIFKI_IE-1_CMV_binder_TCR_45607,0,0.7613829,0.00023200695,1.5494621e-12
A2402_AYAQKIFKI_IE-1_CMV_binder_TCR_45617,0,0.74964416,0.015252101,0.00014627108
A2402_AYAQKIFKI_IE-1_CMV_binder_TCR_45629,0,0.7521917,0.0038068083,2.8478125e-05
A2402_AYAQKIFKI_IE-1_CMV_binder_TCR_45684,0,0.74818873,0.0008060176,1.6018483e-06
A2402_AYAQKIFKI_IE-1_CMV_binder_TCR_45700,0,0.7527617,0.00043122703,1.7387957e-14
A2402_AYAQKIFKI_IE-1_CMV_binder_TCR_45712,0,0.7466647,0.000789945,0.0014138111
A2402_AYAQKIFKI_IE-1_CMV_binder_TCR_4573,0,0.7518085,0.0006277634,0.00023870257
A2402_AYAQKIFKI_IE-1_CMV_binder_TCR_45730,0,0.7494569,0.0020862056,0.0001324623
A2402_AYAQKIFKI_IE-1_CMV_binder_TCR_45772,0,0.745399,0.0004233634,1.407554e-09
A2402_AYAQKIFKI_IE-1_CMV_binder_TCR_45781,0,0.7472636,0.0013506139,2.8093037e-14
A2402_AYAQKIFKI_IE-1_CMV_binder_TCR_45793,0,0.74132377,0.0044245035,2.7407818e-12
A2402_AYAQKIFKI_IE-1_CMV_binder_TCR_45796,0,0.7402504,0.0015789121,3.8690657e-13
A2402_AYAQKIFKI_IE-1_CMV_binder_TCR_4582,0,0.74543273,0.001006342,3.0301775e-05
A2402_AYAQKIFKI_IE-1_CMV_binder_TCR_45828,0,0.749006,0.0003111173,9.708337e-05
A2402_AYAQKIFKI_IE-1_CMV_binder_TCR_45837,0,0.7469546,0.0015118582,1.2861197e-05
A2402_AYAQKIFKI_IE-1_CMV_binder_TCR_45865,0,0.7422965,0.0016360267,0.00046483384
A2402_AYAQKIFKI_IE-1_CMV_binder_TCR_45877,0,0.7463907,0.003391172,0.00015532812
A2402_AYAQKIFKI_IE-1_CMV_binder_TCR_45884,0,0.74896586,0.005509303,4.5206914e-05
A2402_AYAQKIFKI_IE-1_CMV_binder_TCR_45890,0,0.7446235,0.0037580426,0.0006430494
A2402_AYAQKIFKI_IE-1_CMV_binder_TCR_45971,0,0.7440853,0.0045434153,2.7755303e-05
A2402_AYAQKIFKI_IE-1_CMV_binder_TCR_4598,0,0.7467364,0.00050434365,3.7494376e-11
A2402_AYAQKIFKI_IE-1_CMV_binder_TCR_45995,0,0.75049126,0.005239495,2.9713904e-10
A2402_AYAQKIFKI_IE-1_CMV_binder_TCR_45999,0,0.7450437,0.000109351226,1.0686793e-11
A2402_AYAQKIFKI_IE-1_CMV_binder_TCR_46020,0,0.75227535,0.0009481677,7.7419475e-07
A2402_AYAQKIFKI_IE-1_CMV_binder_TCR_46041,0,0.74413985,0.0004957195,2.5597966e-08
A2402_AYAQKIFKI_IE-1_CMV_binder_TCR_46068,0,0.74746364,0.00097364304,1.0946677e-06
A2402_AYAQKIFKI_IE-1_CMV_binder_TCR_46076,0,0.7399971,0.0083651515,5.69135e-07
A2402_AYAQKIFKI_IE-1_CMV_binder_TCR_46088,0,0.749324,0.00056926976,4.1841366e-09
A2402_AYAQKIFKI_IE-1_CMV_binder_TCR_46124,0,0.73934054,0.00074983574,4.3291128e-11
A2402_AYAQKIFKI_IE-1_CMV_binder_TCR_46131,0,0.7388471,0.0016783582,1.0993391e-08
A2402_AYAQKIFKI_IE-1_CMV_binder_TCR_46136,0,0.74336225,0.0040709227,3.864684e-05
A2402_AYAQKIFKI_IE-1_CMV_binder_TCR_46148,0,0.7441374,0.014435711,2.0944376e-06
A2402_AYAQKIFKI_IE-1_CMV_binder_TCR_46153,0,0.7464362,0.0007575008,0.00021279928
A2402_AYAQKIFKI_IE-1_CMV_binder_TCR_46171,0,0.7493565,0.00047062046,6.926463e-05
A2402_AYAQKIFKI_IE-1_CMV_binder_TCR_46174,0,0.7383641,0.002449212,0.00087103486
A2402_AYAQKIFKI_IE-1_CMV_binder_TCR_46222,0,0.7458149,0.000844966,5.1729046e-07
A2402_AYAQKIFKI_IE-1_CMV_binder_TCR_46280,0,0.7461577,0.006479657,6.3109204e-05
A2402_AYAQKIFKI_IE-1_CMV_binder_TCR_46307,0,0.74260646,0.0027911032,7.906564e-08
A2402_AYAQKIFKI_IE-1_CMV_binder_TCR_46309,0,0.74726945,0.0001703556,4.0681343e-12
A2402_AYAQKIFKI_IE-1_CMV_binder_TCR_46310,0,0.74303067,0.0015351643,2.349045e-13
A2402_AYAQKIFKI_IE-1_CMV_binder_TCR_46358,0,0.7445742,0.007591033,6.5176147e-07
A2402_AYAQKIFKI_IE-1_CMV_binder_TCR_46371,0,0.74502134,0.00034854378,1.765973e-07
A2402_AYAQKIFKI_IE-1_CMV_binder_TCR_46385,0,0.7460098,0.00077695126,4.7915854e-09
A2402_AYAQKIFKI_IE-1_CMV_binder_TCR_4639,0,0.74731874,0.00042240878,0.00020877359
A2402_AYAQKIFKI_IE-1_CMV_binder_TCR_46407,0,0.7460849,0.000813653,2.4928177e-08
A2402_AYAQKIFKI_IE-1_CMV_binder_TCR_46437,0,0.7472953,0.0012777506,8.723269e-07
A2402_AYAQKIFKI_IE-1_CMV_binder_TCR_4650,0,0.74916863,0.001067344,0.0072954283
A2402_AYAQKIFKI_IE-1_CMV_binder_TCR_46523,0,0.7478478,0.00023559226,3.4488686e-08
A2402_AYAQKIFKI_IE-1_CMV_binder_TCR_4653,0,0.75138676,0.0015675037,8.039855e-06
A2402_AYAQKIFKI_IE-1_CMV_binder_TCR_46531,0,0.74634075,0.0015415443,6.85463e-05
A2402_AYAQKIFKI_IE-1_CMV_binder_TCR_46534,0,0.74462605,0.0014734399,4.624138e-05
A2402_AYAQKIFKI_IE-1_CMV_binder_TCR_46536,0,0.74858665,0.0017675083,2.2901878e-12
A2402_AYAQKIFKI_IE-1_CMV_binder_TCR_46550,0,0.7473361,0.0009944953,2.4268678e-07
A2402_AYAQKIFKI_IE-1_CMV_binder_TCR_46577,0,0.7405809,0.00090478075,1.1519875e-08
A2402_AYAQKIFKI_IE-1_CMV_binder_TCR_46605,0,0.7502223,0.0009977415,1.0740326e-12
A2402_AYAQKIFKI_IE-1_CMV_binder_TCR_46613,0,0.7440354,0.00024466257,1.0649017e-13
A2402_AYAQKIFKI_IE-1_CMV_binder_TCR_46618,0,0.7478723,0.000101366095,9.99296e-13
A2402_AYAQKIFKI_IE-1_CMV_binder_TCR_46619,0,0.7475342,0.0093606245,0.008207751
A2402_AYAQKIFKI_IE-1_CMV_binder_TCR_4662,0,0.75069386,0.0020975838,4.531184e-05
A2402_AYAQKIFKI_IE-1_CMV_binder_TCR_46620,0,0.74764025,0.004925389,0.04442392
A2402_AYAQKIFKI_IE-1_CMV_binder_TCR_46673,0,0.74327147,0.0007340214,1.4365424e-06
A2402_AYAQKIFKI_IE-1_CMV_binder_TCR_46686,0,0.7405747,0.00026415975,9.235974e-12
A2402_AYAQKIFKI_IE-1_CMV_binder_TCR_46705,0,0.74113625,0.0069160266,2.5086879e-06
A2402_AYAQKIFKI_IE-1_CMV_binder_TCR_46720,0,0.74913627,0.00039235508,8.460688e-09
A2402_AYAQKIFKI_IE-1_CMV_binder_TCR_46817,0,0.74432814,0.027794173,2.5083887e-07
A2402_AYAQKIFKI_IE-1_CMV_binder_TCR_46834,0,0.7484573,0.00096561457,0.00021261408
A2402_AYAQKIFKI_IE-1_CMV_binder_TCR_4687,0,0.7452215,0.008047419,0.0087144235
A2402_AYAQKIFKI_IE-1_CMV_binder_TCR_46872,0,0.7392854,0.0024104675,0.00062924833
A2402_AYAQKIFKI_IE-1_CMV_binder_TCR_46874,0,0.7445682,0.00025234884,3.1368435e-07
A2402_AYAQKIFKI_IE-1_CMV_binder_TCR_46892,0,0.7441014,0.006620854,0.008411145
A2402_AYAQKIFKI_IE-1_CMV_binder_TCR_46901,0,0.7419561,0.00043845602,3.636092e-10
A2402_AYAQKIFKI_IE-1_CMV_binder_TCR_46904,0,0.7442484,0.000578431,5.398754e-16
A2402_AYAQKIFKI_IE-1_CMV_binder_TCR_46907,0,0.7399939,0.006191819,4.7317257e-09
A2402_AYAQKIFKI_IE-1_CMV_binder_TCR_46916,0,0.74173486,0.0026476295,2.6956955e-06
A2402_AYAQKIFKI_IE-1_CMV_binder_TCR_46945,0,0.7484948,0.0026847175,3.0788938e-06
A2402_AYAQKIFKI_IE-1_CMV_binder_TCR_46952,0,0.7481502,0.001806952,7.969915e-08
A2402_AYAQKIFKI_IE-1_CMV_binder_TCR_46960,0,0.7452424,0.00057507056,2.3564895e-07
A2402_AYAQKIFKI_IE-1_CMV_binder_TCR_46970,0,0.7380793,0.0007186647,4.3184414e-11
A2402_AYAQKIFKI_IE-1_CMV_binder_TCR_46976,0,0.7544178,0.0013782621,0.00024520038
A2402_AYAQKIFKI_IE-1_CMV_binder_TCR_46989,0,0.74856055,0.014650357,5.1865777e-07
A2402_AYAQKIFKI_IE-1_CMV_binder_TCR_46998,0,0.7472732,0.0028336127,2.8704473e-08
A2402_AYAQKIFKI_IE-1_CMV_binder_TCR_4701,0,0.74423796,0.005760634,3.168502e-08
A2402_AYAQKIFKI_IE-1_CMV_binder_TCR_47015,0,0.7425462,0.00023629618,7.085823e-14
A2402_AYAQKIFKI_IE-1_CMV_binder_TCR_47021,0,0.7448206,0.0021525729,3.4663168e-05
A2402_AYAQKIFKI_IE-1_CMV_binder_TCR_47032,0,0.74690187,0.0015189117,6.578655e-09
A2402_AYAQKIFKI_IE-1_CMV_binder_TCR_47042,0,0.7410187,0.0007867103,1.2952169e-08
A2402_AYAQKIFKI_IE-1_CMV_binder_TCR_47068,0,0.7462934,0.021892088,0.0022567238
A2402_AYAQKIFKI_IE-1_CMV_binder_TCR_47120,0,0.7469635,0.00030321613,8.507438e-09
A2402_AYAQKIFKI_IE-1_CMV_binder_TCR_47124,0,0.75030446,0.00076923176,3.6173333e-06
A2402_AYAQKIFKI_IE-1_CMV_binder_TCR_47144,0,0.7492445,0.0024298595,5.1051703e-13
A2402_AYAQKIFKI_IE-1_CMV_binder_TCR_47154,0,0.7479059,0.0026553732,1.8296308e-08
A2402_AYAQKIFKI_IE-1_CMV_binder_TCR_47156,0,0.75010616,0.007493529,1.2068524e-10
A2402_AYAQKIFKI_IE-1_CMV_binder_TCR_47158,0,0.7479638,0.2747135,0.0001178703
A2402_AYAQKIFKI_IE-1_CMV_binder_TCR_47165,0,0.7501613,0.0023604264,1.3021519e-09
A2402_AYAQKIFKI_IE-1_CMV_binder_TCR_47181,0,0.74880713,0.003512059,9.907728e-09
A2402_AYAQKIFKI_IE-1_CMV_binder_TCR_4720,0,0.74330664,0.0017332103,2.2056188e-11
A2402_AYAQKIFKI_IE-1_CMV_binder_TCR_47200,0,0.74824154,0.0010061825,7.473137e-14
A2402_AYAQKIFKI_IE-1_CMV_binder_TCR_47204,0,0.7445376,0.000651897,8.242641e-09
A2402_AYAQKIFKI_IE-1_CMV_binder_TCR_47212,0,0.74134016,0.0046771206,6.203393e-06
A2402_AYAQKIFKI_IE-1_CMV_binder_TCR_47219,0,0.7487041,0.005988292,0.1542617
A2402_AYAQKIFKI_IE-1_CMV_binder_TCR_4722,0,0.7562123,0.0005622818,5.507149e-06
A2402_AYAQKIFKI_IE-1_CMV_binder_TCR_47222,0,0.74323356,0.009630259,1.4087371e-06
A2402_AYAQKIFKI_IE-1_CMV_binder_TCR_47227,0,0.7489057,0.00028577913,2.4095452e-12
A2402_AYAQKIFKI_IE-1_CMV_binder_TCR_47262,0,0.7431764,0.00072843564,7.3011935e-05
A2402_AYAQKIFKI_IE-1_CMV_binder_TCR_47306,0,0.7481576,0.00040317493,1.6606318e-08
A2402_AYAQKIFKI_IE-1_CMV_binder_TCR_47334,0,0.7453522,0.0014546182,1.41782595e-08
A2402_AYAQKIFKI_IE-1_CMV_binder_TCR_47340,0,0.7474901,0.0019334464,0.00028561268
A2402_AYAQKIFKI_IE-1_CMV_binder_TCR_47343,0,0.73996603,0.0012167935,0.00020891018
A2402_AYAQKIFKI_IE-1_CMV_binder_TCR_47355,0,0.7455945,0.0015763283,5.3338835e-07
A2402_AYAQKIFKI_IE-1_CMV_binder_TCR_47365,0,0.7375369,0.0077338405,3.2703215e-06
A2402_AYAQKIFKI_IE-1_CMV_binder_TCR_47371,0,0.7491763,0.011199898,2.8718988e-08
A2402_AYAQKIFKI_IE-1_CMV_binder_TCR_47382,0,0.7456841,0.009891174,3.927981e-06
A2402_AYAQKIFKI_IE-1_CMV_binder_TCR_47408,0,0.74332774,0.0033222733,0.018577639
A2402_AYAQKIFKI_IE-1_CMV_binder_TCR_47412,0,0.7442318,0.0003636431,1.2979608e-05
A2402_AYAQKIFKI_IE-1_CMV_binder_TCR_47461,0,0.74579483,0.0010418216,3.134253e-08
A2402_AYAQKIFKI_IE-1_CMV_binder_TCR_47475,0,0.7539682,0.0022136,0.00016302621
A2402_AYAQKIFKI_IE-1_CMV_binder_TCR_47519,0,0.744894,0.0022987504,5.4581307e-13
A2402_AYAQKIFKI_IE-1_CMV_binder_TCR_47523,0,0.75062174,6.132611e-05,1.4871132e-12
A2402_AYAQKIFKI_IE-1_CMV_binder_TCR_47546,0,0.7486896,0.00065150816,3.068914e-09
A2402_AYAQKIFKI_IE-1_CMV_binder_TCR_47573,0,0.74194705,0.000196556,1.2326176e-09
A2402_AYAQKIFKI_IE-1_CMV_binder_TCR_47575,0,0.7460399,0.00030166973,2.2839097e-09
A2402_AYAQKIFKI_IE-1_CMV_binder_TCR_4762,0,0.74652785,0.00018806227,4.0912454e-08
A2402_AYAQKIFKI_IE-1_CMV_binder_TCR_47687,0,0.74199444,8.4033214e-05,5.4828706e-09
A2402_AYAQKIFKI_IE-1_CMV_binder_TCR_47691,0,0.7453275,0.0008815457,1.3775263e-08
A2402_AYAQKIFKI_IE-1_CMV_binder_TCR_47702,0,0.7532372,0.0014886205,3.2846306e-06
A2402_AYAQKIFKI_IE-1_CMV_binder_TCR_47761,0,0.7436137,0.00042945237,4.1520046e-08
A2402_AYAQKIFKI_IE-1_CMV_binder_TCR_47771,0,0.7444456,0.00086272816,4.2799458e-13
A2402_AYAQKIFKI_IE-1_CMV_binder_TCR_47778,0,0.7418578,0.0023774155,2.8983702e-10
A2402_AYAQKIFKI_IE-1_CMV_binder_TCR_4778,0,0.7392814,0.00094292726,2.4070718e-10
A2402_AYAQKIFKI_IE-1_CMV_binder_TCR_47788,0,0.74404705,0.00021083478,8.8952415e-11
A2402_AYAQKIFKI_IE-1_CMV_binder_TCR_47809,0,0.7485271,0.0024223712,2.5947694e-10
A2402_AYAQKIFKI_IE-1_CMV_binder_TCR_47834,0,0.7475468,0.001694892,0.00056515745
A2402_AYAQKIFKI_IE-1_CMV_binder_TCR_47890,0,0.74724513,0.00037445704,4.2679736e-12
A2402_AYAQKIFKI_IE-1_CMV_binder_TCR_47934,0,0.7480216,0.0001251265,1.2211634e-08
A2402_AYAQKIFKI_IE-1_CMV_binder_TCR_47939,0,0.7458725,0.0011196234,4.1815376e-08
A2402_AYAQKIFKI_IE-1_CMV_binder_TCR_4795,0,0.74815935,0.0004981383,1.05486976e-07
A2402_AYAQKIFKI_IE-1_CMV_binder_TCR_47978,0,0.7459391,0.00898143,0.14647393
A2402_AYAQKIFKI_IE-1_CMV_binder_TCR_48012,0,0.7517878,0.0022050196,4.1424933e-05
A2402_AYAQKIFKI_IE-1_CMV_binder_TCR_48024,0,0.7482062,0.00034115612,5.7393315e-08
A2402_AYAQKIFKI_IE-1_CMV_binder_TCR_48028,0,0.7539385,0.00039928732,1.3938153e-11
A2402_AYAQKIFKI_IE-1_CMV_binder_TCR_48040,0,0.74446267,0.0109371105,2.5135632e-05
A2402_AYAQKIFKI_IE-1_CMV_binder_TCR_48060,0,0.7480606,0.0031843071,8.425748e-06
A2402_AYAQKIFKI_IE-1_CMV_binder_TCR_48061,0,0.7450695,0.0013414109,6.3622674e-06
A2402_AYAQKIFKI_IE-1_CMV_binder_TCR_48065,0,0.7452706,0.007122491,1.7135518e-08
A2402_AYAQKIFKI_IE-1_CMV_binder_TCR_48192,0,0.74566615,0.0034235758,1.7795974e-08
A2402_AYAQKIFKI_IE-1_CMV_binder_TCR_48247,0,0.75301164,0.003162559,0.0008850798
A2402_AYAQKIFKI_IE-1_CMV_binder_TCR_48259,0,0.7441767,0.0005997033,7.115029e-08
A2402_AYAQKIFKI_IE-1_CMV_binder_TCR_48285,0,0.7419688,0.00053853483,2.3960254e-12
A2402_AYAQKIFKI_IE-1_CMV_binder_TCR_48307,0,0.74207,0.0006150857,1.9416649e-11
A2402_AYAQKIFKI_IE-1_CMV_binder_TCR_48373,0,0.7495771,0.0015627713,1.3835263e-07
A2402_AYAQKIFKI_IE-1_CMV_binder_TCR_48400,0,0.75131315,0.0024923473,1.0927851e-08
A2402_AYAQKIFKI_IE-1_CMV_binder_TCR_48421,0,0.7476066,0.018701827,9.780745e-09
A2402_AYAQKIFKI_IE-1_CMV_binder_TCR_48440,0,0.7420034,0.0019546072,0.00043642946
A2402_AYAQKIFKI_IE-1_CMV_binder_TCR_48449,0,0.7467128,0.005481957,1.365095e-05
A2402_AYAQKIFKI_IE-1_CMV_binder_TCR_4845,0,0.74607426,0.0002462871,8.418432e-06
A2402_AYAQKIFKI_IE-1_CMV_binder_TCR_48462,0,0.74638236,0.0065233614,6.270623e-06
A2402_AYAQKIFKI_IE-1_CMV_binder_TCR_4849,0,0.7482568,0.0009699972,1.0176536e-06
A2402_AYAQKIFKI_IE-1_CMV_binder_TCR_48499,0,0.7448117,0.004745033,2.2227287e-07
A2402_AYAQKIFKI_IE-1_CMV_binder_TCR_48508,0,0.7463134,0.0006348777,2.582949e-13
A2402_AYAQKIFKI_IE-1_CMV_binder_TCR_48587,0,0.74281865,0.00092039205,1.3477739e-15
A2402_AYAQKIFKI_IE-1_CMV_binder_TCR_486,0,0.7486869,0.0034928257,1.9079277e-10
A2402_AYAQKIFKI_IE-1_CMV_binder_TCR_4866,0,0.745066,0.006085526,8.472365e-05
A2402_AYAQKIFKI_IE-1_CMV_binder_TCR_48663,0,0.7511754,0.0080574285,0.0019978133
A2402_AYAQKIFKI_IE-1_CMV_binder_TCR_48666,0,0.7486088,0.0016200036,5.387334e-09
A2402_AYAQKIFKI_IE-1_CMV_binder_TCR_48701,0,0.74397725,0.00097103236,2.1442899e-10
A2402_AYAQKIFKI_IE-1_CMV_binder_TCR_48718,0,0.74602956,0.0011018615,3.321524e-05
A2402_AYAQKIFKI_IE-1_CMV_binder_TCR_48747,0,0.7425584,0.00044159396,8.622761e-08
A2402_AYAQKIFKI_IE-1_CMV_binder_TCR_48752,0,0.7475902,0.0006520399,7.1337604e-07
A2402_AYAQKIFKI_IE-1_CMV_binder_TCR_48775,0,0.7514648,0.0004732244,3.634567e-07
A2402_AYAQKIFKI_IE-1_CMV_binder_TCR_4878,0,0.7434138,0.00052636344,8.639031e-07
A2402_AYAQKIFKI_IE-1_CMV_binder_TCR_48785,0,0.7413882,0.00041889687,7.070851e-14
A2402_AYAQKIFKI_IE-1_CMV_binder_TCR_48789,0,0.7508446,0.0011416489,1.8319024e-10
A2402_AYAQKIFKI_IE-1_CMV_binder_TCR_48807,0,0.7461326,0.00047909122,1.3892712e-11
A2402_AYAQKIFKI_IE-1_CMV_binder_TCR_48812,0,0.7496116,0.00018295772,2.6050787e-10
A2402_AYAQKIFKI_IE-1_CMV_binder_TCR_48841,0,0.7464135,0.0003188903,4.5333974e-07
A2402_AYAQKIFKI_IE-1_CMV_binder_TCR_48852,0,0.7482653,0.0032422368,0.00023277669
A2402_AYAQKIFKI_IE-1_CMV_binder_TCR_48883,0,0.7493341,0.00036109673,1.22273485e-11
A2402_AYAQKIFKI_IE-1_CMV_binder_TCR_48895,0,0.74358046,0.017095635,4.0076793e-11
A2402_AYAQKIFKI_IE-1_CMV_binder_TCR_4892,0,0.7514274,0.0019873553,1.2331913e-09
A2402_AYAQKIFKI_IE-1_CMV_binder_TCR_48936,0,0.75109416,0.0014534703,7.1634435e-07
A2402_AYAQKIFKI_IE-1_CMV_binder_TCR_48948,0,0.7446113,0.0019283822,4.9625585e-05
A2402_AYAQKIFKI_IE-1_CMV_binder_TCR_49026,0,0.7428639,0.004346051,1.1867909e-08
A2402_AYAQKIFKI_IE-1_CMV_binder_TCR_49030,0,0.7552939,0.0013471132,4.5664427e-05
A2402_AYAQKIFKI_IE-1_CMV_binder_TCR_4904,0,0.74580526,0.0011765525,4.7816295e-05
A2402_AYAQKIFKI_IE-1_CMV_binder_TCR_49045,0,0.74630296,0.00049942534,2.1496953e-10
A2402_AYAQKIFKI_IE-1_CMV_binder_TCR_49075,0,0.7411306,0.00067451346,5.911654e-06
A2402_AYAQKIFKI_IE-1_CMV_binder_TCR_49113,0,0.7515912,0.0031881854,2.88032e-07
A2402_AYAQKIFKI_IE-1_CMV_binder_TCR_49179,0,0.74873024,0.0023773827,1.4329288e-11
A2402_AYAQKIFKI_IE-1_CMV_binder_TCR_49198,0,0.74527943,0.00014895534,1.6094908e-11
A2402_AYAQKIFKI_IE-1_CMV_binder_TCR_49215,0,0.75133604,0.0011807004,0.0015438522
A2402_AYAQKIFKI_IE-1_CMV_binder_TCR_49219,0,0.7470468,0.0056979377,0.004218123
A2402_AYAQKIFKI_IE-1_CMV_binder_TCR_49225,0,0.74962527,0.00030739148,1.218601e-09
A2402_AYAQKIFKI_IE-1_CMV_binder_TCR_49266,0,0.74583817,0.0026838037,5.6523036e-06
A2402_AYAQKIFKI_IE-1_CMV_binder_TCR_49269,0,0.7497431,0.0033854237,6.4481137e-06
A2402_AYAQKIFKI_IE-1_CMV_binder_TCR_49270,0,0.7426508,0.010941681,7.974491e-12
A2402_AYAQKIFKI_IE-1_CMV_binder_TCR_49278,0,0.7544423,0.004137464,0.00010606302
A2402_AYAQKIFKI_IE-1_CMV_binder_TCR_49287,0,0.7506494,0.0023722413,3.2954222e-07
A2402_AYAQKIFKI_IE-1_CMV_binder_TCR_49295,0,0.7436201,0.002210018,1.2759557e-07
A2402_AYAQKIFKI_IE-1_CMV_binder_TCR_49300,0,0.74230975,0.0019559052,1.4816824e-06
A2402_AYAQKIFKI_IE-1_CMV_binder_TCR_49304,0,0.746942,0.007425367,2.457858e-06
A2402_AYAQKIFKI_IE-1_CMV_binder_TCR_49324,0,0.7457006,0.00030534776,9.201718e-09
A2402_AYAQKIFKI_IE-1_CMV_binder_TCR_4933,0,0.7437643,0.00084890256,7.505246e-11
A2402_AYAQKIFKI_IE-1_CMV_binder_TCR_49394,0,0.74589247,0.00095118023,1.0896841e-05
A2402_AYAQKIFKI_IE-1_CMV_binder_TCR_49415,0,0.7489849,8.0570055e-05,9.900951e-12
A2402_AYAQKIFKI_IE-1_CMV_binder_TCR_49444,0,0.74148107,0.0015340414,1.889878e-05
A2402_AYAQKIFKI_IE-1_CMV_binder_TCR_49492,0,0.74088985,0.000112254864,1.0780171e-14
A2402_AYAQKIFKI_IE-1_CMV_binder_TCR_49500,0,0.73948133,0.0006206524,0.0014138502
A2402_AYAQKIFKI_IE-1_CMV_binder_TCR_49505,0,0.741611,0.0069646495,3.2507407e-06
A2402_AYAQKIFKI_IE-1_CMV_binder_TCR_49511,0,0.74851805,0.0019341985,0.00047839322
A2402_AYAQKIFKI_IE-1_CMV_binder_TCR_49600,0,0.74156135,0.0008000207,3.996409e-09
A2402_AYAQKIFKI_IE-1_CMV_binder_TCR_49604,0,0.7419771,0.014549233,7.791737e-07
A2402_AYAQKIFKI_IE-1_CMV_binder_TCR_49624,0,0.74627566,0.00046481722,7.461785e-07
A2402_AYAQKIFKI_IE-1_CMV_binder_TCR_49665,0,0.7423373,0.002254891,1.1923495e-06
A2402_AYAQKIFKI_IE-1_CMV_binder_TCR_49683,0,0.7448568,0.0013245693,1.0671403e-05
A2402_AYAQKIFKI_IE-1_CMV_binder_TCR_49714,0,0.7437636,0.0026088778,0.0012456867
A2402_AYAQKIFKI_IE-1_CMV_binder_TCR_49729,0,0.7471549,0.006870093,2.374175e-09
A2402_AYAQKIFKI_IE-1_CMV_binder_TCR_49734,0,0.7486657,0.0018879881,3.380763e-07
A2402_AYAQKIFKI_IE-1_CMV_binder_TCR_49747,0,0.744815,0.00029304632,3.185895e-07
A2402_AYAQKIFKI_IE-1_CMV_binder_TCR_49814,0,0.74464786,0.0062861,4.9757195e-06
A2402_AYAQKIFKI_IE-1_CMV_binder_TCR_49843,0,0.7471004,8.1074184e-05,1.7457384e-07
A2402_AYAQKIFKI_IE-1_CMV_binder_TCR_49851,0,0.7436444,0.001236442,6.6883634e-12
A2402_AYAQKIFKI_IE-1_CMV_binder_TCR_4987,0,0.74919516,0.0069493544,1.1604354e-09
A2402_AYAQKIFKI_IE-1_CMV_binder_TCR_49887,0,0.73923707,0.002062623,0.0011874196
A2402_AYAQKIFKI_IE-1_CMV_binder_TCR_49898,0,0.7453733,0.0003269297,1.1016165e-08
A2402_AYAQKIFKI_IE-1_CMV_binder_TCR_4993,0,0.7459461,0.00033905442,7.431245e-06
A2402_AYAQKIFKI_IE-1_CMV_binder_TCR_49934,0,0.7459253,0.00048126056,5.640087e-09
A2402_AYAQKIFKI_IE-1_CMV_binder_TCR_49947,0,0.7514016,0.00031200098,1.6698315e-05
A2402_AYAQKIFKI_IE-1_CMV_binder_TCR_49970,0,0.74414086,0.00019392541,3.8932757e-07
A2402_AYAQKIFKI_IE-1_CMV_binder_TCR_49990,0,0.74748504,0.00046965518,6.4877426e-08
A2402_AYAQKIFKI_IE-1_CMV_binder_TCR_5003,0,0.7436159,0.0014485456,3.0470133e-05
A2402_AYAQKIFKI_IE-1_CMV_binder_TCR_50047,0,0.74967486,0.00042146156,6.073215e-08
A2402_AYAQKIFKI_IE-1_CMV_binder_TCR_5005,0,0.73892516,0.0029394482,1.5745148e-11
A2402_AYAQKIFKI_IE-1_CMV_binder_TCR_50062,0,0.74808407,0.00065338134,0.00043602026
A2402_AYAQKIFKI_IE-1_CMV_binder_TCR_50112,0,0.74813354,0.0039574704,5.0379263e-08
A2402_AYAQKIFKI_IE-1_CMV_binder_TCR_50116,0,0.73900205,0.00079228764,2.327704e-06
A2402_AYAQKIFKI_IE-1_CMV_binder_TCR_50122,0,0.7484917,0.00044957787,1.7686676e-05
A2402_AYAQKIFKI_IE-1_CMV_binder_TCR_50142,0,0.7521042,0.0040731486,0.0029764415
A2402_AYAQKIFKI_IE-1_CMV_binder_TCR_50175,0,0.7484778,0.0001557566,1.1963237e-10
A2402_AYAQKIFKI_IE-1_CMV_binder_TCR_50230,0,0.75166374,0.0046042106,8.837436e-08
A2402_AYAQKIFKI_IE-1_CMV_binder_TCR_50243,0,0.7491278,0.0032509891,1.3800713e-09
A2402_AYAQKIFKI_IE-1_CMV_binder_TCR_50261,0,0.7435959,0.0034818174,2.7440981e-12
A2402_AYAQKIFKI_IE-1_CMV_binder_TCR_50282,0,0.7449985,0.0026356005,1.986575e-09
A2402_AYAQKIFKI_IE-1_CMV_binder_TCR_50309,0,0.747726,0.002027146,2.0101137e-10
A2402_AYAQKIFKI_IE-1_CMV_binder_TCR_5032,0,0.74488646,0.0033683598,0.012215547
A2402_AYAQKIFKI_IE-1_CMV_binder_TCR_50326,0,0.74929076,0.0007567638,1.041527e-05
A2402_AYAQKIFKI_IE-1_CMV_binder_TCR_5034,0,0.7389441,0.0009991508,1.941412e-08
A2402_AYAQKIFKI_IE-1_CMV_binder_TCR_50361,0,0.7402946,0.004117769,3.589849e-08
A2402_AYAQKIFKI_IE-1_CMV_binder_TCR_50423,0,0.7563835,0.02842563,0.64883476
A2402_AYAQKIFKI_IE-1_CMV_binder_TCR_50447,0,0.7468035,0.007347071,3.0626032e-10
A2402_AYAQKIFKI_IE-1_CMV_binder_TCR_50458,0,0.74772793,0.0007018517,9.172602e-05
A2402_AYAQKIFKI_IE-1_CMV_binder_TCR_50464,0,0.74308574,0.00032866665,9.896397e-09
A2402_AYAQKIFKI_IE-1_CMV_binder_TCR_50466,0,0.7437187,0.0005308356,1.673127e-11
A2402_AYAQKIFKI_IE-1_CMV_binder_TCR_50485,0,0.74674165,0.0005925369,6.069351e-06
A2402_AYAQKIFKI_IE-1_CMV_binder_TCR_50487,0,0.74355906,0.000484719,7.425496e-05
A2402_AYAQKIFKI_IE-1_CMV_binder_TCR_50497,0,0.749479,0.0009327924,2.1350937e-05
A2402_AYAQKIFKI_IE-1_CMV_binder_TCR_505,0,0.7453248,0.00067428686,2.3478144e-08
A2402_AYAQKIFKI_IE-1_CMV_binder_TCR_50517,0,0.7480956,0.04048329,5.231554e-05
A2402_AYAQKIFKI_IE-1_CMV_binder_TCR_50555,0,0.7467552,0.0062835542,4.9952703e-08
A2402_AYAQKIFKI_IE-1_CMV_binder_TCR_50589,0,0.7470975,0.00046992206,2.6158514e-08
A2402_AYAQKIFKI_IE-1_CMV_binder_TCR_50623,0,0.74429935,0.013242228,0.095745385
A2402_AYAQKIFKI_IE-1_CMV_binder_TCR_50642,0,0.7460811,0.0013559929,6.252692e-14
A2402_AYAQKIFKI_IE-1_CMV_binder_TCR_50650,0,0.7435789,0.000105055544,1.6804815e-09
A2402_AYAQKIFKI_IE-1_CMV_binder_TCR_50657,0,0.7449508,0.00027202646,1.3804816e-17
A2402_AYAQKIFKI_IE-1_CMV_binder_TCR_50670,0,0.7519415,0.00032345374,1.6985204e-07
A2402_AYAQKIFKI_IE-1_CMV_binder_TCR_50672,0,0.75013,0.0007320149,2.5062333e-08
A2402_AYAQKIFKI_IE-1_CMV_binder_TCR_50675,0,0.74913186,0.0003456616,1.9912666e-06
A2402_AYAQKIFKI_IE-1_CMV_binder_TCR_50693,0,0.7443091,0.00020909651,8.454558e-09
A2402_AYAQKIFKI_IE-1_CMV_binder_TCR_50703,0,0.7519817,0.00093951094,1.0256108e-06
A2402_AYAQKIFKI_IE-1_CMV_binder_TCR_5073,0,0.74649704,0.00021699173,2.4559424e-10
A2402_AYAQKIFKI_IE-1_CMV_binder_TCR_50755,0,0.7428449,0.0026221254,7.2756655e-11
A2402_AYAQKIFKI_IE-1_CMV_binder_TCR_50762,0,0.7454982,0.0011893082,0.0029714974
A2402_AYAQKIFKI_IE-1_CMV_binder_TCR_50770,0,0.7422413,0.005078603,6.114097e-07
A2402_AYAQKIFKI_IE-1_CMV_binder_TCR_50774,0,0.7446767,0.00023654953,1.3089207e-08
A2402_AYAQKIFKI_IE-1_CMV_binder_TCR_5081,0,0.74766326,0.0016449483,1.4825934e-08
A2402_AYAQKIFKI_IE-1_CMV_binder_TCR_50832,0,0.7502335,0.0021057543,4.6136324e-06
A2402_AYAQKIFKI_IE-1_CMV_binder_TCR_50834,0,0.749561,0.001057948,5.247508e-06
A2402_AYAQKIFKI_IE-1_CMV_binder_TCR_50852,0,0.73727053,0.0010504989,2.6385912e-08
A2402_AYAQKIFKI_IE-1_CMV_binder_TCR_50853,0,0.7387532,0.000951421,4.9675785e-14
A2402_AYAQKIFKI_IE-1_CMV_binder_TCR_50856,0,0.744651,0.0009156853,1.8513886e-08
A2402_AYAQKIFKI_IE-1_CMV_binder_TCR_50883,0,0.74744153,0.00012131228,5.115439e-11
A2402_AYAQKIFKI_IE-1_CMV_binder_TCR_50887,0,0.74303436,0.0003951892,8.502879e-09
A2402_AYAQKIFKI_IE-1_CMV_binder_TCR_5090,0,0.741974,0.0061405245,7.231817e-05
A2402_AYAQKIFKI_IE-1_CMV_binder_TCR_50914,0,0.74646866,0.0011501361,5.8801447e-08
A2402_AYAQKIFKI_IE-1_CMV_binder_TCR_5092,0,0.74969196,0.0003101255,6.0716275e-08
A2402_AYAQKIFKI_IE-1_CMV_binder_TCR_50922,0,0.746826,0.003753885,1.1091532e-09
A2402_AYAQKIFKI_IE-1_CMV_binder_TCR_50942,0,0.7423298,6.46756e-05,2.0250839e-17
A2402_AYAQKIFKI_IE-1_CMV_binder_TCR_50993,0,0.7469948,0.0005749905,7.2935236e-10
A2402_AYAQKIFKI_IE-1_CMV_binder_TCR_50999,0,0.74568844,0.0002480018,3.778351e-09
A2402_AYAQKIFKI_IE-1_CMV_binder_TCR_5100,0,0.74605435,0.0006345601,8.904531e-10
A2402_AYAQKIFKI_IE-1_CMV_binder_TCR_51003,0,0.745188,0.00048065037,2.2158358e-05
A2402_AYAQKIFKI_IE-1_CMV_binder_TCR_51010,0,0.74332845,0.010835423,2.3875668e-09
A2402_AYAQKIFKI_IE-1_CMV_binder_TCR_51016,0,0.7489057,6.4178625e-05,1.1981219e-12
A2402_AYAQKIFKI_IE-1_CMV_binder_TCR_51018,0,0.74663085,0.00033613527,1.4790513e-12
A2402_AYAQKIFKI_IE-1_CMV_binder_TCR_51024,0,0.7477914,0.000109490415,7.748999e-11
A2402_AYAQKIFKI_IE-1_CMV_binder_TCR_51033,0,0.7479014,0.0018725457,1.6718956e-11
A2402_AYAQKIFKI_IE-1_CMV_binder_TCR_51038,0,0.742102,0.00027870055,1.2479063e-07
A2402_AYAQKIFKI_IE-1_CMV_binder_TCR_51040,0,0.74336123,0.0001645894,1.3026661e-09
A2402_AYAQKIFKI_IE-1_CMV_binder_TCR_51085,0,0.74428403,7.967932e-05,2.9403877e-10
A2402_AYAQKIFKI_IE-1_CMV_binder_TCR_5113,0,0.7437462,0.00037235112,3.596737e-08
A2402_AYAQKIFKI_IE-1_CMV_binder_TCR_51130,0,0.7445969,0.0009152417,1.5950836e-05
A2402_AYAQKIFKI_IE-1_CMV_binder_TCR_51131,0,0.74048674,0.011708112,8.163815e-06
A2402_AYAQKIFKI_IE-1_CMV_binder_TCR_5115,0,0.7403219,0.0007437475,1.7426578e-07
A2402_AYAQKIFKI_IE-1_CMV_binder_TCR_51171,0,0.7497895,0.0002048617,3.235712e-09
A2402_AYAQKIFKI_IE-1_CMV_binder_TCR_51183,0,0.74953336,0.0003661058,2.814526e-07
A2402_AYAQKIFKI_IE-1_CMV_binder_TCR_512,0,0.74380946,0.0016617973,1.7747661e-09
A2402_AYAQKIFKI_IE-1_CMV_binder_TCR_5129,0,0.7414541,0.00052758603,3.9608352e-08
A2402_AYAQKIFKI_IE-1_CMV_binder_TCR_51292,0,0.7487415,0.00032895882,1.2052926e-14
A2402_AYAQKIFKI_IE-1_CMV_binder_TCR_51303,0,0.7511167,0.00070352043,0.00017010824
A2402_AYAQKIFKI_IE-1_CMV_binder_TCR_5134,0,0.74282366,0.002033157,5.7436155e-05
A2402_AYAQKIFKI_IE-1_CMV_binder_TCR_51342,0,0.7367385,0.013364683,1.2378762e-09
A2402_AYAQKIFKI_IE-1_CMV_binder_TCR_51365,0,0.7464407,0.0030760805,2.2492652e-06
A2402_AYAQKIFKI_IE-1_CMV_binder_TCR_51382,0,0.7468478,0.041727763,2.75162e-07
A2402_AYAQKIFKI_IE-1_CMV_binder_TCR_51391,0,0.7485131,0.0017719057,8.150668e-09
A2402_AYAQKIFKI_IE-1_CMV_binder_TCR_51409,0,0.73873854,0.00064091076,1.9785745e-08
A2402_AYAQKIFKI_IE-1_CMV_binder_TCR_51419,0,0.74240565,0.0041454383,2.2700968e-11
A2402_AYAQKIFKI_IE-1_CMV_binder_TCR_5143,0,0.7439938,0.00020343822,4.6966393e-06
A2402_AYAQKIFKI_IE-1_CMV_binder_TCR_51448,0,0.74923253,0.000905548,9.7291e-08
A2402_AYAQKIFKI_IE-1_CMV_binder_TCR_51465,0,0.7495635,0.0001794311,1.1206233e-13
A2402_AYAQKIFKI_IE-1_CMV_binder_TCR_51466,0,0.74417233,9.131741e-05,2.0323222e-11
A2402_AYAQKIFKI_IE-1_CMV_binder_TCR_51502,0,0.7475788,0.00024765424,8.452578e-12
A2402_AYAQKIFKI_IE-1_CMV_binder_TCR_51518,0,0.74763924,0.0039777523,8.945412e-08
A2402_AYAQKIFKI_IE-1_CMV_binder_TCR_51586,0,0.7505959,0.015770404,0.000650089
A2402_AYAQKIFKI_IE-1_CMV_binder_TCR_51608,0,0.7447828,0.00071426964,1.371726e-09
A2402_AYAQKIFKI_IE-1_CMV_binder_TCR_51620,0,0.74299026,0.004592532,5.1085974e-10
A2402_AYAQKIFKI_IE-1_CMV_binder_TCR_51647,0,0.7468324,0.0013907447,4.628815e-06
A2402_AYAQKIFKI_IE-1_CMV_binder_TCR_51655,0,0.74451876,0.0005130253,1.0692049e-08
A2402_AYAQKIFKI_IE-1_CMV_binder_TCR_51755,0,0.7408103,0.00085231324,7.1379854e-06
A2402_AYAQKIFKI_IE-1_CMV_binder_TCR_51773,0,0.75033224,0.044626925,0.009088022
A2402_AYAQKIFKI_IE-1_CMV_binder_TCR_51790,0,0.74361575,0.05973888,6.95584e-10
A2402_AYAQKIFKI_IE-1_CMV_binder_TCR_51810,0,0.7499161,0.0037529275,1.5148865e-11
A2402_AYAQKIFKI_IE-1_CMV_binder_TCR_51861,0,0.7457419,0.0005859843,2.6789912e-13
A2402_AYAQKIFKI_IE-1_CMV_binder_TCR_51871,0,0.7424506,0.006410047,8.57637e-13
A2402_AYAQKIFKI_IE-1_CMV_binder_TCR_51873,0,0.74586034,0.0010619694,1.2985067e-05
A2402_AYAQKIFKI_IE-1_CMV_binder_TCR_51882,0,0.7457268,0.0016592661,5.367644e-07
A2402_AYAQKIFKI_IE-1_CMV_binder_TCR_51893,0,0.7499966,0.010336207,1.218264e-07
A2402_AYAQKIFKI_IE-1_CMV_binder_TCR_51917,0,0.7478276,0.0011464298,0.0060423734
A2402_AYAQKIFKI_IE-1_CMV_binder_TCR_51949,0,0.7474922,0.00095473346,2.292858e-16
A2402_AYAQKIFKI_IE-1_CMV_binder_TCR_51954,0,0.74457526,0.00031390032,2.5133706e-12
A2402_AYAQKIFKI_IE-1_CMV_binder_TCR_51983,0,0.74651605,0.0026032373,0.0002888575
A2402_AYAQKIFKI_IE-1_CMV_binder_TCR_51987,0,0.74212646,0.0015315769,1.2291107e-08
A2402_AYAQKIFKI_IE-1_CMV_binder_TCR_52022,0,0.7453134,0.00049921684,1.4557731e-09
A2402_AYAQKIFKI_IE-1_CMV_binder_TCR_52071,0,0.75776064,0.00029844802,5.104862e-08
A2402_AYAQKIFKI_IE-1_CMV_binder_TCR_52104,0,0.746397,0.0010867753,1.2998771e-05
A2402_AYAQKIFKI_IE-1_CMV_binder_TCR_5213,0,0.75118643,0.041292854,0.00019393282
A2402_AYAQKIFKI_IE-1_CMV_binder_TCR_52156,0,0.74415714,0.013592204,0.0002204209
A2402_AYAQKIFKI_IE-1_CMV_binder_TCR_52167,0,0.74367005,0.00023658924,9.425877e-13
A2402_AYAQKIFKI_IE-1_CMV_binder_TCR_52197,0,0.74102277,0.002564797,7.821813e-09
A2402_AYAQKIFKI_IE-1_CMV_binder_TCR_52294,0,0.74003804,0.00076588977,2.8347658e-05
A2402_AYAQKIFKI_IE-1_CMV_binder_TCR_52355,0,0.7469892,0.0027619503,1.4573568e-06
A2402_AYAQKIFKI_IE-1_CMV_binder_TCR_52364,0,0.74374837,0.00010093243,2.4003495e-11
A2402_AYAQKIFKI_IE-1_CMV_binder_TCR_52400,0,0.75076306,0.00012396633,1.3652891e-07
A2402_AYAQKIFKI_IE-1_CMV_binder_TCR_52408,0,0.74755424,0.01067441,0.0009805093
A2402_AYAQKIFKI_IE-1_CMV_binder_TCR_52413,0,0.7487289,0.0004900441,1.6778713e-09
A2402_AYAQKIFKI_IE-1_CMV_binder_TCR_5244,0,0.74846506,0.000263458,2.9068276e-15
A2402_AYAQKIFKI_IE-1_CMV_binder_TCR_52475,0,0.7466968,0.015548881,0.00020781571
A2402_AYAQKIFKI_IE-1_CMV_binder_TCR_52492,0,0.74539167,0.0015226296,2.4943333e-07
A2402_AYAQKIFKI_IE-1_CMV_binder_TCR_52509,0,0.75046873,0.0019306992,2.2656204e-05
A2402_AYAQKIFKI_IE-1_CMV_binder_TCR_52530,0,0.746776,0.0092693,1.5503097e-07
A2402_AYAQKIFKI_IE-1_CMV_binder_TCR_52585,0,0.74845105,0.0012204029,7.3813315e-09
A2402_AYAQKIFKI_IE-1_CMV_binder_TCR_52593,0,0.74930876,0.00025174973,4.903566e-10
A2402_AYAQKIFKI_IE-1_CMV_binder_TCR_52608,0,0.74717337,0.00059010606,1.0360336e-09
A2402_AYAQKIFKI_IE-1_CMV_binder_TCR_52637,0,0.7478934,0.002089463,1.1954934e-10
A2402_AYAQKIFKI_IE-1_CMV_binder_TCR_52649,0,0.7475199,0.0015139104,8.6746295e-05
A2402_AYAQKIFKI_IE-1_CMV_binder_TCR_5266,0,0.7512842,0.00019424205,3.3100963e-12
A2402_AYAQKIFKI_IE-1_CMV_binder_TCR_52674,0,0.7431666,0.0073512876,6.2364265e-06
A2402_AYAQKIFKI_IE-1_CMV_binder_TCR_52721,0,0.7435796,7.858043e-05,1.7494825e-12
A2402_AYAQKIFKI_IE-1_CMV_binder_TCR_52726,0,0.7454175,0.000912542,2.1616788e-08
A2402_AYAQKIFKI_IE-1_CMV_binder_TCR_52752,0,0.74638957,0.00069773576,2.059076e-05
A2402_AYAQKIFKI_IE-1_CMV_binder_TCR_52762,0,0.74334854,0.0023052404,3.3876e-06
A2402_AYAQKIFKI_IE-1_CMV_binder_TCR_52785,0,0.7419032,0.009584878,1.10792425e-05
A2402_AYAQKIFKI_IE-1_CMV_binder_TCR_52794,0,0.74319416,0.010291501,9.385932e-06
A2402_AYAQKIFKI_IE-1_CMV_binder_TCR_52800,0,0.7461864,0.0006683994,2.540713e-09
A2402_AYAQKIFKI_IE-1_CMV_binder_TCR_52805,0,0.74526113,0.00030701046,0.00010571245
A2402_AYAQKIFKI_IE-1_CMV_binder_TCR_52875,0,0.7439456,0.013740808,1.6632398e-09
A2402_AYAQKIFKI_IE-1_CMV_binder_TCR_52960,0,0.7388845,0.00927097,5.9547588e-06
A2402_AYAQKIFKI_IE-1_CMV_binder_TCR_52969,0,0.7425091,0.00055137626,7.306848e-07
A2402_AYAQKIFKI_IE-1_CMV_binder_TCR_5298,0,0.74351496,0.0006511401,2.0941774e-05
A2402_AYAQKIFKI_IE-1_CMV_binder_TCR_52991,0,0.74591345,0.0039553116,0.00018941212
A2402_AYAQKIFKI_IE-1_CMV_binder_TCR_52998,0,0.74705684,0.0055945734,0.0002047631
A2402_AYAQKIFKI_IE-1_CMV_binder_TCR_530,0,0.74350816,0.0002278957,8.794435e-09
A2402_AYAQKIFKI_IE-1_CMV_binder_TCR_53051,0,0.73940355,0.00030855686,1.3627153e-14
A2402_AYAQKIFKI_IE-1_CMV_binder_TCR_53097,0,0.74689096,0.0018424453,5.312625e-06
A2402_AYAQKIFKI_IE-1_CMV_binder_TCR_531,0,0.7454956,0.000108257365,2.942953e-13
A2402_AYAQKIFKI_IE-1_CMV_binder_TCR_53133,0,0.74420726,0.0004978696,1.3984287e-07
A2402_AYAQKIFKI_IE-1_CMV_binder_TCR_53150,0,0.7454673,0.00027344466,5.693336e-14
A2402_AYAQKIFKI_IE-1_CMV_binder_TCR_53175,0,0.7467778,0.00017396462,1.3931507e-11
A2402_AYAQKIFKI_IE-1_CMV_binder_TCR_53178,0,0.7460063,0.0019350097,2.9557172e-09
A2402_AYAQKIFKI_IE-1_CMV_binder_TCR_53188,0,0.7474378,0.00028959042,6.3251148e-15
A2402_AYAQKIFKI_IE-1_CMV_binder_TCR_5320,0,0.7474809,0.0019562459,0.0077654975
A2402_AYAQKIFKI_IE-1_CMV_binder_TCR_5324,0,0.74677825,0.007851215,0.00015615797
A2402_AYAQKIFKI_IE-1_CMV_binder_TCR_53242,0,0.7477008,0.00093660044,3.2871812e-06
A2402_AYAQKIFKI_IE-1_CMV_binder_TCR_53257,0,0.7473332,0.0017593404,8.396676e-08
A2402_AYAQKIFKI_IE-1_CMV_binder_TCR_53266,0,0.74834937,0.0007955647,8.6231305e-10
A2402_AYAQKIFKI_IE-1_CMV_binder_TCR_5327,0,0.7424083,0.05475634,0.002217401
A2402_AYAQKIFKI_IE-1_CMV_binder_TCR_53271,0,0.7465533,0.00090112514,4.5316634e-07
A2402_AYAQKIFKI_IE-1_CMV_binder_TCR_53307,0,0.7424301,0.0013685107,0.0006612867
A2402_AYAQKIFKI_IE-1_CMV_binder_TCR_5336,0,0.7530653,0.000765598,2.0803432e-14
A2402_AYAQKIFKI_IE-1_CMV_binder_TCR_53368,0,0.7469275,0.0002129917,2.667137e-07
A2402_AYAQKIFKI_IE-1_CMV_binder_TCR_5338,0,0.74933314,0.0017495853,6.021362e-07
A2402_AYAQKIFKI_IE-1_CMV_binder_TCR_53383,0,0.75224656,0.0007127282,5.0061917e-08
A2402_AYAQKIFKI_IE-1_CMV_binder_TCR_53395,0,0.75034714,0.0008864052,7.4522566e-10
A2402_AYAQKIFKI_IE-1_CMV_binder_TCR_534,0,0.74282926,0.00012325711,4.3707196e-08
A2402_AYAQKIFKI_IE-1_CMV_binder_TCR_53473,0,0.74110144,0.005087311,6.8229014e-07
A2402_AYAQKIFKI_IE-1_CMV_binder_TCR_53491,0,0.7446976,0.00085453654,2.2343713e-07
A2402_AYAQKIFKI_IE-1_CMV_binder_TCR_53513,0,0.7527877,0.0011916726,3.5766448e-08
A2402_AYAQKIFKI_IE-1_CMV_binder_TCR_53525,0,0.7437238,0.00019206792,7.6435505e-13
A2402_AYAQKIFKI_IE-1_CMV_binder_TCR_53547,0,0.7462548,7.9280115e-05,4.3804373e-14
A2402_AYAQKIFKI_IE-1_CMV_binder_TCR_53551,0,0.7456692,0.0004387186,1.9647398e-11
A2402_AYAQKIFKI_IE-1_CMV_binder_TCR_53593,0,0.74920225,0.00073589786,1.9917046e-09
A2402_AYAQKIFKI_IE-1_CMV_binder_TCR_53608,0,0.7433384,0.00028057455,9.799008e-09
A2402_AYAQKIFKI_IE-1_CMV_binder_TCR_53694,0,0.74673766,0.0147124855,0.00015222812
A2402_AYAQKIFKI_IE-1_CMV_binder_TCR_53720,0,0.7490206,0.002413316,2.2604902e-06
A2402_AYAQKIFKI_IE-1_CMV_binder_TCR_5373,0,0.74005765,0.0011088126,3.2879521e-09
A2402_AYAQKIFKI_IE-1_CMV_binder_TCR_53733,0,0.74762446,0.00039326356,1.423823e-12
A2402_AYAQKIFKI_IE-1_CMV_binder_TCR_53734,0,0.75701404,0.0017151224,9.645248e-05
A2402_AYAQKIFKI_IE-1_CMV_binder_TCR_53743,0,0.74721146,0.00037584684,1.803122e-11
A2402_AYAQKIFKI_IE-1_CMV_binder_TCR_53776,0,0.74242514,0.009567778,6.386112e-08
A2402_AYAQKIFKI_IE-1_CMV_binder_TCR_53793,0,0.7491519,0.0010921046,8.717828e-09
A2402_AYAQKIFKI_IE-1_CMV_binder_TCR_53802,0,0.7505899,0.00010580674,8.0967606e-13
A2402_AYAQKIFKI_IE-1_CMV_binder_TCR_53804,0,0.7535877,0.0030670962,1.3434026e-12
A2402_AYAQKIFKI_IE-1_CMV_binder_TCR_53816,0,0.749814,0.0005779427,4.3618417e-08
A2402_AYAQKIFKI_IE-1_CMV_binder_TCR_53817,0,0.74585956,0.0013555919,4.2751026e-08
A2402_AYAQKIFKI_IE-1_CMV_binder_TCR_53840,0,0.74894047,0.0002948497,8.809478e-09
A2402_AYAQKIFKI_IE-1_CMV_binder_TCR_53848,0,0.7399225,0.0009207337,7.5026933e-16
A2402_AYAQKIFKI_IE-1_CMV_binder_TCR_53849,0,0.7446692,0.00085966947,3.0679412e-10
A2402_AYAQKIFKI_IE-1_CMV_binder_TCR_53870,0,0.7471845,0.00035983216,8.591515e-09
A2402_AYAQKIFKI_IE-1_CMV_binder_TCR_53891,0,0.7500797,0.0004059877,2.0553081e-09
A2402_AYAQKIFKI_IE-1_CMV_binder_TCR_53895,0,0.7482622,0.0008353569,6.359158e-07
A2402_AYAQKIFKI_IE-1_CMV_binder_TCR_53912,0,0.747869,0.0011755332,4.927873e-05
A2402_AYAQKIFKI_IE-1_CMV_binder_TCR_53945,0,0.7390333,0.00020699069,9.407001e-13
A2402_AYAQKIFKI_IE-1_CMV_binder_TCR_53970,0,0.74463075,0.00064298115,3.4472298e-09
A2402_AYAQKIFKI_IE-1_CMV_binder_TCR_53984,0,0.7415539,0.0029128941,8.0395e-13
A2402_AYAQKIFKI_IE-1_CMV_binder_TCR_54000,0,0.74932086,0.002055479,6.19994e-07
A2402_AYAQKIFKI_IE-1_CMV_binder_TCR_54009,0,0.74501944,0.0016742558,2.557639e-12
A2402_AYAQKIFKI_IE-1_CMV_binder_TCR_54020,0,0.745289,0.0002774767,2.37512e-14
A2402_AYAQKIFKI_IE-1_CMV_binder_TCR_54050,0,0.7471535,0.0001550304,4.839288e-10
A2402_AYAQKIFKI_IE-1_CMV_binder_TCR_54136,0,0.7454661,0.0041002855,0.0010211277
A2402_AYAQKIFKI_IE-1_CMV_binder_TCR_54178,0,0.7508534,0.0021556201,4.3905933e-07
A2402_AYAQKIFKI_IE-1_CMV_binder_TCR_54190,0,0.74299896,0.000105243445,2.0769697e-10
A2402_AYAQKIFKI_IE-1_CMV_binder_TCR_54198,0,0.752356,0.0023173543,3.072341e-06
A2402_AYAQKIFKI_IE-1_CMV_binder_TCR_54226,0,0.7409621,0.00015904848,5.9634264e-10
A2402_AYAQKIFKI_IE-1_CMV_binder_TCR_54239,0,0.7499681,0.0007986542,8.83749e-11
A2402_AYAQKIFKI_IE-1_CMV_binder_TCR_54273,0,0.74595726,0.0005799775,1.3129674e-06
A2402_AYAQKIFKI_IE-1_CMV_binder_TCR_54295,0,0.7423967,0.002565796,4.55649e-10
A2402_AYAQKIFKI_IE-1_CMV_binder_TCR_54330,0,0.73853976,0.0004500637,5.506165e-10
A2402_AYAQKIFKI_IE-1_CMV_binder_TCR_54351,0,0.7445208,0.0026273394,1.6825011e-10
A2402_AYAQKIFKI_IE-1_CMV_binder_TCR_54366,0,0.7455694,0.00039408356,1.6955531e-12
A2402_AYAQKIFKI_IE-1_CMV_binder_TCR_54372,0,0.7449716,0.0028355469,3.9614685e-09
A2402_AYAQKIFKI_IE-1_CMV_binder_TCR_54392,0,0.7461511,0.0013339377,9.836013e-08
A2402_AYAQKIFKI_IE-1_CMV_binder_TCR_54393,0,0.7424619,0.0006077184,3.1694438e-09
A2402_AYAQKIFKI_IE-1_CMV_binder_TCR_54407,0,0.7494654,0.00028026788,3.5960221e-09
A2402_AYAQKIFKI_IE-1_CMV_binder_TCR_5441,0,0.74612385,0.00219307,4.961059e-06
A2402_AYAQKIFKI_IE-1_CMV_binder_TCR_5442,0,0.7414757,0.00017971364,4.601284e-14
A2402_AYAQKIFKI_IE-1_CMV_binder_TCR_54437,0,0.7437793,0.00019729449,1.4064462e-08
A2402_AYAQKIFKI_IE-1_CMV_binder_TCR_54440,0,0.74828523,0.0006195319,2.259089e-09
A2402_AYAQKIFKI_IE-1_CMV_binder_TCR_54472,0,0.74769956,0.0016397599,7.4139953e-06
A2402_AYAQKIFKI_IE-1_CMV_binder_TCR_54491,0,0.74795175,0.0004979223,1.329972e-08
A2402_AYAQKIFKI_IE-1_CMV_binder_TCR_54501,0,0.74186176,0.0006978831,1.4601028e-09
A2402_AYAQKIFKI_IE-1_CMV_binder_TCR_54521,0,0.7496652,0.0014300906,1.18037e-09
A2402_AYAQKIFKI_IE-1_CMV_binder_TCR_54536,0,0.74554545,0.0012005714,1.272817e-10
A2402_AYAQKIFKI_IE-1_CMV_binder_TCR_54544,0,0.7484186,0.0004741491,8.5684746e-07
A2402_AYAQKIFKI_IE-1_CMV_binder_TCR_54580,0,0.74690205,0.0011210253,1.1375912e-09
A2402_AYAQKIFKI_IE-1_CMV_binder_TCR_54584,0,0.74383616,0.00024993665,6.1561728e-15
A2402_AYAQKIFKI_IE-1_CMV_binder_TCR_54731,0,0.7483781,0.00031287852,1.10861444e-08
A2402_AYAQKIFKI_IE-1_CMV_binder_TCR_54748,0,0.74438083,0.0008185624,4.532121e-08
A2402_AYAQKIFKI_IE-1_CMV_binder_TCR_54754,0,0.7461495,0.0011390998,7.9437756e-05
A2402_AYAQKIFKI_IE-1_CMV_binder_TCR_5478,0,0.7445224,0.00055865484,1.994122e-09
A2402_AYAQKIFKI_IE-1_CMV_binder_TCR_54786,0,0.74290615,0.015955452,0.0007484041
A2402_AYAQKIFKI_IE-1_CMV_binder_TCR_5480,0,0.74322313,0.0008849123,1.8416421e-06
A2402_AYAQKIFKI_IE-1_CMV_binder_TCR_5483,0,0.7522586,0.012007152,0.00012962143
A2402_AYAQKIFKI_IE-1_CMV_binder_TCR_54869,0,0.748,0.0014705153,5.130769e-07
A2402_AYAQKIFKI_IE-1_CMV_binder_TCR_5488,0,0.7502337,0.0007445492,1.952186e-10
A2402_AYAQKIFKI_IE-1_CMV_binder_TCR_54888,0,0.7509884,0.00154655,1.518528e-08
A2402_AYAQKIFKI_IE-1_CMV_binder_TCR_54905,0,0.7471824,0.00018949629,8.554679e-08
A2402_AYAQKIFKI_IE-1_CMV_binder_TCR_54922,0,0.75050527,0.00806111,0.00023938518
A2402_AYAQKIFKI_IE-1_CMV_binder_TCR_54924,0,0.74429524,0.00032536883,0.00012460547
A2402_AYAQKIFKI_IE-1_CMV_binder_TCR_54934,0,0.7432982,0.0019692078,8.477537e-07
A2402_AYAQKIFKI_IE-1_CMV_binder_TCR_54941,0,0.7482342,0.0011252707,3.2468418e-07
A2402_AYAQKIFKI_IE-1_CMV_binder_TCR_54964,0,0.74702424,0.0011891592,6.7579435e-08
A2402_AYAQKIFKI_IE-1_CMV_binder_TCR_54965,0,0.7453081,0.003321362,0.0005780427
A2402_AYAQKIFKI_IE-1_CMV_binder_TCR_55027,0,0.74775344,0.00041684188,3.8633326e-11
A2402_AYAQKIFKI_IE-1_CMV_binder_TCR_55060,0,0.74875355,8.132428e-05,8.9602804e-13
A2402_AYAQKIFKI_IE-1_CMV_binder_TCR_55063,0,0.7456423,0.0009500915,7.5548082e-06
A2402_AYAQKIFKI_IE-1_CMV_binder_TCR_55077,0,0.74202585,0.0016570251,7.1154607e-09
A2402_AYAQKIFKI_IE-1_CMV_binder_TCR_5511,0,0.75023764,0.004638144,2.9815646e-07
A2402_AYAQKIFKI_IE-1_CMV_binder_TCR_55118,0,0.7453022,0.00049391465,1.2005508e-07
A2402_AYAQKIFKI_IE-1_CMV_binder_TCR_55144,0,0.74446106,0.0032978063,3.173284e-07
A2402_AYAQKIFKI_IE-1_CMV_binder_TCR_55155,0,0.7448711,0.000457438,3.620773e-08
A2402_AYAQKIFKI_IE-1_CMV_binder_TCR_55162,0,0.7508987,0.00015767498,8.211199e-08
A2402_AYAQKIFKI_IE-1_CMV_binder_TCR_55197,0,0.7433115,0.0032212378,4.859057e-08
A2402_AYAQKIFKI_IE-1_CMV_binder_TCR_55201,0,0.7435279,0.00045916493,0.00011927912
A2402_AYAQKIFKI_IE-1_CMV_binder_TCR_55242,0,0.7428951,0.001039782,2.3198558e-05
A2402_AYAQKIFKI_IE-1_CMV_binder_TCR_5526,0,0.74823207,0.00076733046,1.873895e-06
A2402_AYAQKIFKI_IE-1_CMV_binder_TCR_55260,0,0.73865926,0.00034792032,5.38311e-10
A2402_AYAQKIFKI_IE-1_CMV_binder_TCR_55271,0,0.7430086,0.0009180204,4.757079e-10
A2402_AYAQKIFKI_IE-1_CMV_binder_TCR_55273,0,0.7424587,0.004047762,3.5577993e-06
A2402_AYAQKIFKI_IE-1_CMV_binder_TCR_55284,0,0.7458609,0.0006679784,0.0002775201
A2402_AYAQKIFKI_IE-1_CMV_binder_TCR_55306,0,0.75114006,0.00018139265,1.2258592e-11
A2402_AYAQKIFKI_IE-1_CMV_binder_TCR_55311,0,0.74562067,0.00100249,6.164237e-10
A2402_AYAQKIFKI_IE-1_CMV_binder_TCR_55324,0,0.74195206,0.00084076676,6.1699693e-06
A2402_AYAQKIFKI_IE-1_CMV_binder_TCR_55355,0,0.7467132,9.890343e-05,5.444009e-14
A2402_AYAQKIFKI_IE-1_CMV_binder_TCR_55369,0,0.74662435,0.00032497544,6.198422e-08
A2402_AYAQKIFKI_IE-1_CMV_binder_TCR_55370,0,0.74996066,0.0013503098,1.0216907e-09
A2402_AYAQKIFKI_IE-1_CMV_binder_TCR_55387,0,0.7508795,0.00033108192,2.2085285e-14
A2402_AYAQKIFKI_IE-1_CMV_binder_TCR_55397,0,0.7428921,7.690885e-05,1.771884e-17
A2402_AYAQKIFKI_IE-1_CMV_binder_TCR_55402,0,0.74142635,0.00026806336,9.607678e-21
A2402_AYAQKIFKI_IE-1_CMV_binder_TCR_55432,0,0.74497443,0.00021967107,5.2524704e-16
A2402_AYAQKIFKI_IE-1_CMV_binder_TCR_55440,0,0.7467332,0.0001809525,6.099899e-17
A2402_AYAQKIFKI_IE-1_CMV_binder_TCR_55498,0,0.7438736,0.0008534754,7.413804e-11
A2402_AYAQKIFKI_IE-1_CMV_binder_TCR_55560,0,0.74498314,0.00056206,3.3993552e-10
A2402_AYAQKIFKI_IE-1_CMV_binder_TCR_55572,0,0.7545756,0.0025211028,6.456418e-10
A2402_AYAQKIFKI_IE-1_CMV_binder_TCR_55575,0,0.74903107,0.0023279309,7.482062e-11
A2402_AYAQKIFKI_IE-1_CMV_binder_TCR_55608,0,0.74969435,8.77152e-05,6.4588537e-15
A2402_AYAQKIFKI_IE-1_CMV_binder_TCR_55653,0,0.7513795,0.00046569714,4.4821387e-09
A2402_AYAQKIFKI_IE-1_CMV_binder_TCR_55669,0,0.7445202,0.0011637842,8.7964025e-08
A2402_AYAQKIFKI_IE-1_CMV_binder_TCR_55677,0,0.7497022,0.0002954536,2.1518025e-07
A2402_AYAQKIFKI_IE-1_CMV_binder_TCR_55708,0,0.7440832,0.0014186545,5.6635905e-08
A2402_AYAQKIFKI_IE-1_CMV_binder_TCR_55736,0,0.74012196,0.00069817813,3.316506e-11
A2402_AYAQKIFKI_IE-1_CMV_binder_TCR_55777,0,0.74443185,0.00068678707,7.147844e-07
A2402_AYAQKIFKI_IE-1_CMV_binder_TCR_55791,0,0.7421055,0.00026677758,1.4517074e-10
A2402_AYAQKIFKI_IE-1_CMV_binder_TCR_55801,0,0.74030775,0.0030320657,1.306748e-08
A2402_AYAQKIFKI_IE-1_CMV_binder_TCR_55815,0,0.75288504,0.002516732,0.0030357218
A2402_AYAQKIFKI_IE-1_CMV_binder_TCR_55818,0,0.74792916,0.0005180644,1.2429346e-05
A2402_AYAQKIFKI_IE-1_CMV_binder_TCR_55889,0,0.749521,0.0015344986,1.5904212e-11
A2402_AYAQKIFKI_IE-1_CMV_binder_TCR_55929,0,0.7473278,0.0023331873,0.00032580245
A2402_AYAQKIFKI_IE-1_CMV_binder_TCR_55979,0,0.7441637,0.002284423,3.2033142e-06
A2402_AYAQKIFKI_IE-1_CMV_binder_TCR_55981,0,0.7476884,0.0011418804,2.3405086e-08
A2402_AYAQKIFKI_IE-1_CMV_binder_TCR_55984,0,0.7482087,0.00079846923,2.2225988e-08
A2402_AYAQKIFKI_IE-1_CMV_binder_TCR_5599,0,0.7498262,0.000118103744,1.3344268e-11
A2402_AYAQKIFKI_IE-1_CMV_binder_TCR_56001,0,0.74783814,0.0017752411,0.0016789313
A2402_AYAQKIFKI_IE-1_CMV_binder_TCR_56005,0,0.7473649,0.012845608,3.801107e-05
A2402_AYAQKIFKI_IE-1_CMV_binder_TCR_56035,0,0.74472624,0.00059318385,3.9998315e-07
A2402_AYAQKIFKI_IE-1_CMV_binder_TCR_56051,0,0.741622,0.0002074366,1.7726886e-17
A2402_AYAQKIFKI_IE-1_CMV_binder_TCR_56083,0,0.74634147,0.019196382,7.2510295e-07
A2402_AYAQKIFKI_IE-1_CMV_binder_TCR_56117,0,0.74195874,0.00022474353,3.7935044e-11
A2402_AYAQKIFKI_IE-1_CMV_binder_TCR_56142,0,0.74898046,0.0032608574,1.7121493e-13
A2402_AYAQKIFKI_IE-1_CMV_binder_TCR_56151,0,0.7416887,0.0021695017,0.00010720512
A2402_AYAQKIFKI_IE-1_CMV_binder_TCR_56176,0,0.74744904,0.0006339116,8.775739e-08
A2402_AYAQKIFKI_IE-1_CMV_binder_TCR_5619,0,0.7483333,0.0026961265,1.4220135e-11
A2402_AYAQKIFKI_IE-1_CMV_binder_TCR_56193,0,0.75160974,0.0013390178,1.1148937e-11
A2402_AYAQKIFKI_IE-1_CMV_binder_TCR_56205,0,0.74556917,0.0028491335,3.3314414e-08
A2402_AYAQKIFKI_IE-1_CMV_binder_TCR_56223,0,0.7422149,0.0006731552,6.797034e-08
A2402_AYAQKIFKI_IE-1_CMV_binder_TCR_56247,0,0.7420929,0.0016821712,5.6821307e-07
A2402_AYAQKIFKI_IE-1_CMV_binder_TCR_56256,0,0.7484578,0.001973313,5.9650124e-06
A2402_AYAQKIFKI_IE-1_CMV_binder_TCR_56284,0,0.750398,0.00027441987,2.5471543e-06
A2402_AYAQKIFKI_IE-1_CMV_binder_TCR_56308,0,0.7493557,0.00045433108,2.1980426e-11
A2402_AYAQKIFKI_IE-1_CMV_binder_TCR_5631,0,0.7421762,0.0007702301,5.5852254e-08
A2402_AYAQKIFKI_IE-1_CMV_binder_TCR_56318,0,0.7428277,0.00021265037,1.4881995e-09
A2402_AYAQKIFKI_IE-1_CMV_binder_TCR_56343,0,0.7455937,0.00021750605,1.8675347e-10
A2402_AYAQKIFKI_IE-1_CMV_binder_TCR_56345,0,0.7469555,0.0006456791,1.8539018e-11
A2402_AYAQKIFKI_IE-1_CMV_binder_TCR_56354,0,0.74602646,0.00011310327,9.268493e-13
A2402_AYAQKIFKI_IE-1_CMV_binder_TCR_56380,0,0.7545326,0.011917358,6.561827e-05
A2402_AYAQKIFKI_IE-1_CMV_binder_TCR_5639,0,0.74629205,0.00014175777,1.5832277e-10
A2402_AYAQKIFKI_IE-1_CMV_binder_TCR_56392,0,0.74647963,0.0021622118,7.071025e-06
A2402_AYAQKIFKI_IE-1_CMV_binder_TCR_56410,0,0.75002307,0.0006356766,6.398698e-05
A2402_AYAQKIFKI_IE-1_CMV_binder_TCR_56430,0,0.7428727,0.0005350074,5.5829813e-11
A2402_AYAQKIFKI_IE-1_CMV_binder_TCR_56432,0,0.74875027,0.0007262975,7.8873445e-06
A2402_AYAQKIFKI_IE-1_CMV_binder_TCR_56436,0,0.7414127,0.00036901067,4.7998404e-11
A2402_AYAQKIFKI_IE-1_CMV_binder_TCR_56510,0,0.7443407,0.011159756,0.00012861125
A2402_AYAQKIFKI_IE-1_CMV_binder_TCR_56511,0,0.7539178,0.00086200476,2.4187622e-05
A2402_AYAQKIFKI_IE-1_CMV_binder_TCR_56533,0,0.7511447,0.00069539074,2.0074962e-05
A2402_AYAQKIFKI_IE-1_CMV_binder_TCR_56558,0,0.74765974,0.0027471962,7.2230925e-08
A2402_AYAQKIFKI_IE-1_CMV_binder_TCR_56599,0,0.7448442,0.00021396241,5.1976026e-06
A2402_AYAQKIFKI_IE-1_CMV_binder_TCR_56624,0,0.750292,0.0005244881,7.39894e-08
A2402_AYAQKIFKI_IE-1_CMV_binder_TCR_56642,0,0.7548861,0.0043345774,3.3692246e-05
A2402_AYAQKIFKI_IE-1_CMV_binder_TCR_56661,0,0.7413058,0.00078720937,4.374971e-06
A2402_AYAQKIFKI_IE-1_CMV_binder_TCR_56667,0,0.7566288,0.0014873028,0.0006944355
A2402_AYAQKIFKI_IE-1_CMV_binder_TCR_56679,0,0.74795663,0.00093334756,4.223077e-07
A2402_AYAQKIFKI_IE-1_CMV_binder_TCR_5668,0,0.74349874,0.0069108247,8.333139e-05
A2402_AYAQKIFKI_IE-1_CMV_binder_TCR_56696,0,0.7391119,0.0014012961,8.220833e-06
A2402_AYAQKIFKI_IE-1_CMV_binder_TCR_56715,0,0.7434663,0.005416889,4.8736774e-07
A2402_AYAQKIFKI_IE-1_CMV_binder_TCR_56727,0,0.7406416,0.00096369156,3.3748813e-11
A2402_AYAQKIFKI_IE-1_CMV_binder_TCR_56749,0,0.7498611,0.00017969443,8.0028735e-13
A2402_AYAQKIFKI_IE-1_CMV_binder_TCR_56802,0,0.748231,0.013430751,0.0013165163
A2402_AYAQKIFKI_IE-1_CMV_binder_TCR_56808,0,0.74942225,0.00012082175,9.663384e-13
A2402_AYAQKIFKI_IE-1_CMV_binder_TCR_56887,0,0.7504294,9.030459e-05,3.418071e-15
A2402_AYAQKIFKI_IE-1_CMV_binder_TCR_56891,0,0.7454963,0.0007633988,2.288635e-05
A2402_AYAQKIFKI_IE-1_CMV_binder_TCR_56903,0,0.7446148,0.00013590098,8.945903e-09
A2402_AYAQKIFKI_IE-1_CMV_binder_TCR_56931,0,0.7476426,0.0019432007,2.81615e-06
A2402_AYAQKIFKI_IE-1_CMV_binder_TCR_56958,0,0.74850553,0.00043074306,8.4588095e-07
A2402_AYAQKIFKI_IE-1_CMV_binder_TCR_56976,0,0.75329894,0.005431047,1.0648953e-06
A2402_AYAQKIFKI_IE-1_CMV_binder_TCR_57023,0,0.7553587,0.049533408,2.3533287e-08
A2402_AYAQKIFKI_IE-1_CMV_binder_TCR_57037,0,0.750159,0.00020684703,6.966634e-14
A2402_AYAQKIFKI_IE-1_CMV_binder_TCR_57039,0,0.7479326,0.0022683968,9.081411e-07
A2402_AYAQKIFKI_IE-1_CMV_binder_TCR_57047,0,0.75212175,0.0014671624,0.001037305
A2402_AYAQKIFKI_IE-1_CMV_binder_TCR_57135,0,0.7414124,0.0011328328,2.1383725e-05
A2402_AYAQKIFKI_IE-1_CMV_binder_TCR_5717,0,0.75833726,0.0056940326,3.2841067e-11
A2402_AYAQKIFKI_IE-1_CMV_binder_TCR_57173,0,0.74535984,0.0005416537,7.396766e-08
A2402_AYAQKIFKI_IE-1_CMV_binder_TCR_57184,0,0.7418875,0.00202636,0.0003147676
A2402_AYAQKIFKI_IE-1_CMV_binder_TCR_57213,0,0.74430764,0.0017127899,2.4484532e-06
A2402_AYAQKIFKI_IE-1_CMV_binder_TCR_57220,0,0.7464879,0.0011673254,4.737101e-12
A2402_AYAQKIFKI_IE-1_CMV_binder_TCR_57240,0,0.7490067,0.008275769,0.00041559912
A2402_AYAQKIFKI_IE-1_CMV_binder_TCR_57241,0,0.7490801,0.00013947292,1.2851236e-06
A2402_AYAQKIFKI_IE-1_CMV_binder_TCR_57247,0,0.7478518,0.008485716,0.00024253856
A2402_AYAQKIFKI_IE-1_CMV_binder_TCR_57286,0,0.7469117,0.00024937015,3.2498406e-07
A2402_AYAQKIFKI_IE-1_CMV_binder_TCR_57321,0,0.74869114,0.0014548391,3.737088e-10
A2402_AYAQKIFKI_IE-1_CMV_binder_TCR_57361,0,0.74811125,0.0064161844,4.3554326e-07
A2402_AYAQKIFKI_IE-1_CMV_binder_TCR_57362,0,0.7453611,0.025362015,3.578962e-05
A2402_AYAQKIFKI_IE-1_CMV_binder_TCR_57383,0,0.743952,0.00031875382,3.2526828e-14
A2402_AYAQKIFKI_IE-1_CMV_binder_TCR_5740,0,0.7556149,0.00085294363,9.3326435e-08
A2402_AYAQKIFKI_IE-1_CMV_binder_TCR_57402,0,0.7450341,0.0012143239,1.5516867e-05
A2402_AYAQKIFKI_IE-1_CMV_binder_TCR_57405,0,0.74747777,0.00013937468,5.4555655e-11
A2402_AYAQKIFKI_IE-1_CMV_binder_TCR_57459,0,0.7415421,0.0006504262,6.484699e-08
A2402_AYAQKIFKI_IE-1_CMV_binder_TCR_57474,0,0.7471176,0.0006204262,2.6018376e-09
A2402_AYAQKIFKI_IE-1_CMV_binder_TCR_57476,0,0.7444062,0.00017627675,3.7546815e-08
A2402_AYAQKIFKI_IE-1_CMV_binder_TCR_57531,0,0.74855083,0.0007433769,1.4429858e-15
A2402_AYAQKIFKI_IE-1_CMV_binder_TCR_57539,0,0.7484511,0.00050802744,0.0001164196
A2402_AYAQKIFKI_IE-1_CMV_binder_TCR_57558,0,0.74640656,0.0007022136,3.019418e-08
A2402_AYAQKIFKI_IE-1_CMV_binder_TCR_57607,0,0.7471384,0.00406249,1.78696e-06
A2402_AYAQKIFKI_IE-1_CMV_binder_TCR_5762,0,0.7474539,0.0002644614,6.229331e-07
A2402_AYAQKIFKI_IE-1_CMV_binder_TCR_57624,0,0.7445138,0.00044544385,3.4843924e-07
A2402_AYAQKIFKI_IE-1_CMV_binder_TCR_57641,0,0.7499146,0.0006527441,6.120718e-12
A2402_AYAQKIFKI_IE-1_CMV_binder_TCR_57644,0,0.74818677,0.00046777257,0.00023657727
A2402_AYAQKIFKI_IE-1_CMV_binder_TCR_5765,0,0.7493211,0.0020328118,1.5752208e-06
A2402_AYAQKIFKI_IE-1_CMV_binder_TCR_57657,0,0.7429909,0.00059806,0.00010791313
A2402_AYAQKIFKI_IE-1_CMV_binder_TCR_57718,0,0.7486057,0.0017954012,1.239514e-06
A2402_AYAQKIFKI_IE-1_CMV_binder_TCR_57742,0,0.7433489,0.00029258375,1.06300385e-10
A2402_AYAQKIFKI_IE-1_CMV_binder_TCR_5775,0,0.74770254,0.00053459656,2.0300904e-07
A2402_AYAQKIFKI_IE-1_CMV_binder_TCR_57787,0,0.7505293,0.0021785756,2.605981e-08
A2402_AYAQKIFKI_IE-1_CMV_binder_TCR_57815,0,0.7401162,0.00018242383,3.1110494e-07
A2402_AYAQKIFKI_IE-1_CMV_binder_TCR_57826,0,0.74416333,0.0017543664,2.4095352e-06
A2402_AYAQKIFKI_IE-1_CMV_binder_TCR_5783,0,0.7489626,0.000207231,7.6317286e-11
A2402_AYAQKIFKI_IE-1_CMV_binder_TCR_57869,0,0.74335504,0.00031599044,2.2581087e-07
A2402_AYAQKIFKI_IE-1_CMV_binder_TCR_57920,0,0.7469296,0.00082767365,1.3336783e-08
A2402_AYAQKIFKI_IE-1_CMV_binder_TCR_57938,0,0.7516602,0.00058398774,3.055272e-12
A2402_AYAQKIFKI_IE-1_CMV_binder_TCR_57958,0,0.7482343,0.0004475784,9.6371245e-08
A2402_AYAQKIFKI_IE-1_CMV_binder_TCR_57976,0,0.75269777,0.000855352,3.367812e-06
A2402_AYAQKIFKI_IE-1_CMV_binder_TCR_58017,0,0.7457451,0.0007031005,9.807125e-06
A2402_AYAQKIFKI_IE-1_CMV_binder_TCR_58053,0,0.7501786,0.0015346047,3.3542194e-10
A2402_AYAQKIFKI_IE-1_CMV_binder_TCR_58054,0,0.7403965,0.00056922226,6.903851e-15
A2402_AYAQKIFKI_IE-1_CMV_binder_TCR_58058,0,0.7407325,0.0006757169,1.556106e-11
A2402_AYAQKIFKI_IE-1_CMV_binder_TCR_58088,0,0.7386065,0.00038962747,2.290395e-06
A2402_AYAQKIFKI_IE-1_CMV_binder_TCR_5809,0,0.7432666,0.00016898468,1.4788467e-14
A2402_AYAQKIFKI_IE-1_CMV_binder_TCR_58112,0,0.74473983,0.00052508083,2.6914728e-09
A2402_AYAQKIFKI_IE-1_CMV_binder_TCR_58146,0,0.7405501,0.00038265926,2.9689204e-10
A2402_AYAQKIFKI_IE-1_CMV_binder_TCR_58191,0,0.7429183,0.0015673134,3.4062302e-09
A2402_AYAQKIFKI_IE-1_CMV_binder_TCR_58204,0,0.7471433,0.00022496202,2.4914215e-11
A2402_AYAQKIFKI_IE-1_CMV_binder_TCR_58229,0,0.743787,0.00016986801,9.497974e-17
A2402_AYAQKIFKI_IE-1_CMV_binder_TCR_5823,0,0.74672335,0.001349039,2.2191993e-10
A2402_AYAQKIFKI_IE-1_CMV_binder_TCR_5826,0,0.74721164,0.0008769136,2.1686073e-07
A2402_AYAQKIFKI_IE-1_CMV_binder_TCR_58287,0,0.7458434,0.00024505594,3.6462645e-11
A2402_AYAQKIFKI_IE-1_CMV_binder_TCR_58288,0,0.7441393,9.6686934e-05,1.8562139e-13
A2402_AYAQKIFKI_IE-1_CMV_binder_TCR_58289,0,0.7453365,0.00011989112,2.2657062e-11
A2402_AYAQKIFKI_IE-1_CMV_binder_TCR_58344,0,0.74812686,0.0006738571,0.00013258893
A2402_AYAQKIFKI_IE-1_CMV_binder_TCR_5835,0,0.74709606,0.00033720894,1.2614199e-09
A2402_AYAQKIFKI_IE-1_CMV_binder_TCR_58357,0,0.746582,0.0006587458,1.5900132e-07
A2402_AYAQKIFKI_IE-1_CMV_binder_TCR_58409,0,0.74911916,0.00032682906,3.2254917e-11
A2402_AYAQKIFKI_IE-1_CMV_binder_TCR_58466,0,0.74434865,0.0013746041,1.4860224e-11
A2402_AYAQKIFKI_IE-1_CMV_binder_TCR_58479,0,0.74437755,0.0003855252,5.962467e-11
A2402_AYAQKIFKI_IE-1_CMV_binder_TCR_58481,0,0.74673396,0.0009254127,8.005731e-07
A2402_AYAQKIFKI_IE-1_CMV_binder_TCR_58502,0,0.7384084,0.0010589653,1.01785844e-10
A2402_AYAQKIFKI_IE-1_CMV_binder_TCR_58508,0,0.75060636,0.008857186,0.000585799
A2402_AYAQKIFKI_IE-1_CMV_binder_TCR_58544,0,0.7415188,0.00032100748,8.9510194e-10
A2402_AYAQKIFKI_IE-1_CMV_binder_TCR_58564,0,0.74342865,0.0113585815,7.3515747e-07
A2402_AYAQKIFKI_IE-1_CMV_binder_TCR_58581,0,0.74494994,0.00017354611,4.492563e-13
A2402_AYAQKIFKI_IE-1_CMV_binder_TCR_58626,0,0.74314964,0.0002506767,1.1883323e-10
A2402_AYAQKIFKI_IE-1_CMV_binder_TCR_5872,0,0.7486856,0.0056685125,0.0001929957
A2402_AYAQKIFKI_IE-1_CMV_binder_TCR_58754,0,0.74844223,0.00016956104,9.165021e-09
A2402_AYAQKIFKI_IE-1_CMV_binder_TCR_58759,0,0.74312526,0.0019098233,3.3515608e-09
A2402_AYAQKIFKI_IE-1_CMV_binder_TCR_58785,0,0.7465226,0.0036637257,1.8313626e-08
A2402_AYAQKIFKI_IE-1_CMV_binder_TCR_58797,0,0.74302906,0.00057850295,1.0505204e-08
A2402_AYAQKIFKI_IE-1_CMV_binder_TCR_58806,0,0.7401425,0.00047921482,4.760335e-15
A2402_AYAQKIFKI_IE-1_CMV_binder_TCR_5881,0,0.7464666,0.004064505,7.536528e-07
A2402_AYAQKIFKI_IE-1_CMV_binder_TCR_58917,0,0.7403735,0.0003630321,8.140383e-06
A2402_AYAQKIFKI_IE-1_CMV_binder_TCR_58924,0,0.7465394,0.00072007626,1.3921541e-08
A2402_AYAQKIFKI_IE-1_CMV_binder_TCR_58976,0,0.74477667,0.0037679959,1.8546746e-07
A2402_AYAQKIFKI_IE-1_CMV_binder_TCR_58986,0,0.74752146,0.0013958606,0.0013288176
A2402_AYAQKIFKI_IE-1_CMV_binder_TCR_58989,0,0.7479684,0.004192422,1.807738e-07
A2402_AYAQKIFKI_IE-1_CMV_binder_TCR_5901,0,0.75057644,0.0009790055,5.8542823e-06
A2402_AYAQKIFKI_IE-1_CMV_binder_TCR_59021,0,0.7536692,0.0005379369,6.925992e-06
A2402_AYAQKIFKI_IE-1_CMV_binder_TCR_59031,0,0.75243884,0.000879163,1.9229417e-06
A2402_AYAQKIFKI_IE-1_CMV_binder_TCR_59103,0,0.7508914,0.012475769,0.0069756634
A2402_AYAQKIFKI_IE-1_CMV_binder_TCR_59133,0,0.7480242,0.00036931437,9.891527e-13
A2402_AYAQKIFKI_IE-1_CMV_binder_TCR_59141,0,0.74429196,0.0005016147,0.00018856178
A2402_AYAQKIFKI_IE-1_CMV_binder_TCR_59155,0,0.7503694,0.002069746,6.875165e-11
A2402_AYAQKIFKI_IE-1_CMV_binder_TCR_59193,0,0.74783164,0.0027477136,1.0668626e-05
A2402_AYAQKIFKI_IE-1_CMV_binder_TCR_59226,0,0.7406032,0.006071258,2.1068858e-05
A2402_AYAQKIFKI_IE-1_CMV_binder_TCR_59249,0,0.75146127,0.00092296384,1.5932942e-10
A2402_AYAQKIFKI_IE-1_CMV_binder_TCR_59261,0,0.7433663,0.001314543,1.8853693e-06
A2402_AYAQKIFKI_IE-1_CMV_binder_TCR_59307,0,0.7536282,0.0022243434,1.0111074e-10
A2402_AYAQKIFKI_IE-1_CMV_binder_TCR_59308,0,0.75385153,0.0018149232,7.3696556e-09
A2402_AYAQKIFKI_IE-1_CMV_binder_TCR_59310,0,0.7477295,0.00094471,3.6159125e-09
A2402_AYAQKIFKI_IE-1_CMV_binder_TCR_59358,0,0.74206275,0.00022141407,1.3394395e-12
A2402_AYAQKIFKI_IE-1_CMV_binder_TCR_59369,0,0.74385315,0.00021691664,4.7804667e-09
A2402_AYAQKIFKI_IE-1_CMV_binder_TCR_59377,0,0.7464881,0.00041822737,3.7201073e-05
A2402_AYAQKIFKI_IE-1_CMV_binder_TCR_59392,0,0.74953073,0.00015581363,1.14580075e-07
A2402_AYAQKIFKI_IE-1_CMV_binder_TCR_59396,0,0.75460196,0.00032509782,3.8007677e-06
A2402_AYAQKIFKI_IE-1_CMV_binder_TCR_59397,0,0.74418914,0.0014591493,0.00018631422
A2402_AYAQKIFKI_IE-1_CMV_binder_TCR_59401,0,0.7472441,0.0019109525,9.6887765e-05
A2402_AYAQKIFKI_IE-1_CMV_binder_TCR_59458,0,0.74583083,0.0021957648,1.3351367e-08
A2402_AYAQKIFKI_IE-1_CMV_binder_TCR_5946,0,0.751759,0.0011711937,0.0002080322
A2402_AYAQKIFKI_IE-1_CMV_binder_TCR_59502,0,0.7451629,0.014691115,7.3887463e-06
A2402_AYAQKIFKI_IE-1_CMV_binder_TCR_59513,0,0.74399406,0.00017478381,6.2203886e-09
A2402_AYAQKIFKI_IE-1_CMV_binder_TCR_59525,0,0.7401996,0.000109959474,1.1777533e-11
A2402_AYAQKIFKI_IE-1_CMV_binder_TCR_59542,0,0.7437196,0.0007199542,3.01226e-07
A2402_AYAQKIFKI_IE-1_CMV_binder_TCR_59561,0,0.7471574,0.00054966565,1.2561558e-05
A2402_AYAQKIFKI_IE-1_CMV_binder_TCR_59569,0,0.7560815,0.0016526426,5.079722e-13
A2402_AYAQKIFKI_IE-1_CMV_binder_TCR_59611,0,0.74455625,0.00047973398,9.459305e-09
A2402_AYAQKIFKI_IE-1_CMV_binder_TCR_5968,0,0.746661,0.0009503758,1.2230759e-06
A2402_AYAQKIFKI_IE-1_CMV_binder_TCR_5979,0,0.7427126,0.0072210836,5.5026135e-06
A2402_AYAQKIFKI_IE-1_CMV_binder_TCR_59791,0,0.74813825,5.643445e-05,5.638382e-11
A2402_AYAQKIFKI_IE-1_CMV_binder_TCR_59813,0,0.7468554,0.00017814794,1.0038438e-05
A2402_AYAQKIFKI_IE-1_CMV_binder_TCR_5985,0,0.74329853,0.0085778665,2.483797e-05
A2402_AYAQKIFKI_IE-1_CMV_binder_TCR_59850,0,0.7463231,0.001540785,3.4819372e-08
A2402_AYAQKIFKI_IE-1_CMV_binder_TCR_59859,0,0.7467112,0.0013061962,1.3442494e-05
A2402_AYAQKIFKI_IE-1_CMV_binder_TCR_59873,0,0.7496019,0.0009630688,1.4560571e-08
A2402_AYAQKIFKI_IE-1_CMV_binder_TCR_59907,0,0.7474329,0.00042653683,6.6667115e-12
A2402_AYAQKIFKI_IE-1_CMV_binder_TCR_59925,0,0.7448459,0.0018767962,1.3307319e-10
A2402_AYAQKIFKI_IE-1_CMV_binder_TCR_59929,0,0.74486643,0.0005230475,1.137354e-05
A2402_AYAQKIFKI_IE-1_CMV_binder_TCR_59958,0,0.74756545,0.0006639226,2.5811391e-11
A2402_AYAQKIFKI_IE-1_CMV_binder_TCR_59965,0,0.74540913,0.0087213,4.3478935e-06
A2402_AYAQKIFKI_IE-1_CMV_binder_TCR_5997,0,0.7412691,0.00013979687,4.1313793e-08
A2402_AYAQKIFKI_IE-1_CMV_binder_TCR_60037,0,0.7444576,0.011891741,8.811898e-09
A2402_AYAQKIFKI_IE-1_CMV_binder_TCR_60097,0,0.74986,0.00012787996,5.060319e-11
A2402_AYAQKIFKI_IE-1_CMV_binder_TCR_60136,0,0.7427504,8.986262e-05,5.3307553e-10
A2402_AYAQKIFKI_IE-1_CMV_binder_TCR_60150,0,0.7472636,0.003109335,1.344634e-05
A2402_AYAQKIFKI_IE-1_CMV_binder_TCR_60154,0,0.7492301,0.0016096461,1.2745763e-05
A2402_AYAQKIFKI_IE-1_CMV_binder_TCR_60186,0,0.74111485,0.00018584014,8.099035e-12
A2402_AYAQKIFKI_IE-1_CMV_binder_TCR_60281,0,0.7473027,0.00040341634,5.8881295e-07
A2402_AYAQKIFKI_IE-1_CMV_binder_TCR_60309,0,0.7510092,0.00015709542,1.7647686e-05
A2402_AYAQKIFKI_IE-1_CMV_binder_TCR_60312,0,0.7507719,0.0007594704,4.5606724e-10
A2402_AYAQKIFKI_IE-1_CMV_binder_TCR_60316,0,0.7450778,0.00044658408,1.6135128e-07
A2402_AYAQKIFKI_IE-1_CMV_binder_TCR_60325,0,0.74875075,0.0011197719,1.9032665e-08
A2402_AYAQKIFKI_IE-1_CMV_binder_TCR_60368,0,0.74213874,0.0006015474,0.004630316
A2402_AYAQKIFKI_IE-1_CMV_binder_TCR_604,0,0.747802,0.0006522745,2.850461e-09
A2402_AYAQKIFKI_IE-1_CMV_binder_TCR_60413,0,0.7444237,0.0011076106,3.7693448e-05
A2402_AYAQKIFKI_IE-1_CMV_binder_TCR_60444,0,0.7436951,0.001027133,0.0015166469
A2402_AYAQKIFKI_IE-1_CMV_binder_TCR_6046,0,0.74864125,0.00075833034,0.00024717252
A2402_AYAQKIFKI_IE-1_CMV_binder_TCR_60470,0,0.7479562,0.002212723,5.784252e-05
A2402_AYAQKIFKI_IE-1_CMV_binder_TCR_60516,0,0.74237853,0.0055504013,2.1705822e-05
A2402_AYAQKIFKI_IE-1_CMV_binder_TCR_60561,0,0.7424873,0.018344676,0.0006161263
A2402_AYAQKIFKI_IE-1_CMV_binder_TCR_60602,0,0.7399405,0.00021643795,1.0001646e-10
A2402_AYAQKIFKI_IE-1_CMV_binder_TCR_60607,0,0.7437584,0.0005880982,1.0241406e-05
A2402_AYAQKIFKI_IE-1_CMV_binder_TCR_6061,0,0.7541935,0.00046825776,0.00028278123
A2402_AYAQKIFKI_IE-1_CMV_binder_TCR_60613,0,0.7476185,0.00036328722,1.4720723e-11
A2402_AYAQKIFKI_IE-1_CMV_binder_TCR_60625,0,0.7397376,0.0005224247,9.2776565e-07
A2402_AYAQKIFKI_IE-1_CMV_binder_TCR_60632,0,0.74876934,0.0002810015,2.385208e-10
A2402_AYAQKIFKI_IE-1_CMV_binder_TCR_60652,0,0.7413758,0.00033209097,6.5332624e-13
A2402_AYAQKIFKI_IE-1_CMV_binder_TCR_60681,0,0.74353206,0.001148865,1.8151719e-05
A2402_AYAQKIFKI_IE-1_CMV_binder_TCR_60689,0,0.74875855,0.00036010257,1.2022126e-08
A2402_AYAQKIFKI_IE-1_CMV_binder_TCR_60690,0,0.74106085,0.000120277815,8.426128e-09
A2402_AYAQKIFKI_IE-1_CMV_binder_TCR_60714,0,0.74735004,0.00041081957,1.2950637e-08
A2402_AYAQKIFKI_IE-1_CMV_binder_TCR_60722,0,0.7443292,0.0007675575,3.3669316e-09
A2402_AYAQKIFKI_IE-1_CMV_binder_TCR_60777,0,0.74946475,0.016781902,5.4536617e-06
A2402_AYAQKIFKI_IE-1_CMV_binder_TCR_60833,0,0.75397605,0.011744722,0.0003067679
A2402_AYAQKIFKI_IE-1_CMV_binder_TCR_60874,0,0.74117696,0.0002830488,6.787616e-08
A2402_AYAQKIFKI_IE-1_CMV_binder_TCR_60888,0,0.74856466,0.0069998438,9.575338e-07
A2402_AYAQKIFKI_IE-1_CMV_binder_TCR_60926,0,0.7459371,0.00071187725,3.3669668e-11
A2402_AYAQKIFKI_IE-1_CMV_binder_TCR_60968,0,0.7441487,0.0012713283,7.1594697e-10
A2402_AYAQKIFKI_IE-1_CMV_binder_TCR_60978,0,0.7501626,0.00016993508,4.1640515e-12
A2402_AYAQKIFKI_IE-1_CMV_binder_TCR_61007,0,0.74839365,0.015203392,7.34164e-08
A2402_AYAQKIFKI_IE-1_CMV_binder_TCR_61031,0,0.74515384,0.0007855087,9.168727e-13
A2402_AYAQKIFKI_IE-1_CMV_binder_TCR_6105,0,0.7490653,0.00021434239,1.1327845e-09
A2402_AYAQKIFKI_IE-1_CMV_binder_TCR_61098,0,0.7458192,0.00083334226,0.0022480257
A2402_AYAQKIFKI_IE-1_CMV_binder_TCR_61112,0,0.7424236,0.00039514893,1.6956731e-08
A2402_AYAQKIFKI_IE-1_CMV_binder_TCR_61122,0,0.74331933,0.00051160087,1.7225557e-07
A2402_AYAQKIFKI_IE-1_CMV_binder_TCR_61136,0,0.74308056,0.0011743528,3.8365292e-06
A2402_AYAQKIFKI_IE-1_CMV_binder_TCR_61146,0,0.74057066,7.866268e-05,6.183723e-11
A2402_AYAQKIFKI_IE-1_CMV_binder_TCR_61163,0,0.7473982,0.0013092253,2.4298663e-08
A2402_AYAQKIFKI_IE-1_CMV_binder_TCR_61211,0,0.74619615,0.0036302474,3.3382083e-05
A2402_AYAQKIFKI_IE-1_CMV_binder_TCR_61251,0,0.7445777,0.0024786806,1.0690422e-07
A2402_AYAQKIFKI_IE-1_CMV_binder_TCR_61253,0,0.74680215,0.009123589,0.00035349905
A2402_AYAQKIFKI_IE-1_CMV_binder_TCR_61274,0,0.7420092,0.0026584286,2.5270006e-10
A2402_AYAQKIFKI_IE-1_CMV_binder_TCR_6130,0,0.74447244,0.0014373686,7.805119e-10
A2402_AYAQKIFKI_IE-1_CMV_binder_TCR_61366,0,0.7551479,0.0033619325,9.216658e-07
A2402_AYAQKIFKI_IE-1_CMV_binder_TCR_61425,0,0.74687594,0.0002585664,2.9516185e-11
A2402_AYAQKIFKI_IE-1_CMV_binder_TCR_6144,0,0.74292374,0.0003714796,3.0922124e-08
A2402_AYAQKIFKI_IE-1_CMV_binder_TCR_61453,0,0.74192923,0.00064250146,3.3327375e-12
A2402_AYAQKIFKI_IE-1_CMV_binder_TCR_61469,0,0.7397568,0.0005359085,3.5803648e-08
A2402_AYAQKIFKI_IE-1_CMV_binder_TCR_61473,0,0.7472361,0.003130409,5.1374263e-06
A2402_AYAQKIFKI_IE-1_CMV_binder_TCR_61481,0,0.7516435,0.0038534408,0.0013301572
A2402_AYAQKIFKI_IE-1_CMV_binder_TCR_61523,0,0.7491506,0.00032729586,2.5247294e-08
A2402_AYAQKIFKI_IE-1_CMV_binder_TCR_61531,0,0.7435742,0.001421812,0.00012038946
A2402_AYAQKIFKI_IE-1_CMV_binder_TCR_61558,0,0.7508291,0.0020527118,8.194392e-09
A2402_AYAQKIFKI_IE-1_CMV_binder_TCR_6158,0,0.748552,0.00017490152,1.915293e-06
A2402_AYAQKIFKI_IE-1_CMV_binder_TCR_61591,0,0.7410984,0.0011195841,7.656913e-10
A2402_AYAQKIFKI_IE-1_CMV_binder_TCR_61611,0,0.7472676,0.0001603743,5.513353e-10
A2402_AYAQKIFKI_IE-1_CMV_binder_TCR_61613,0,0.74795896,0.00029767395,7.914515e-06
A2402_AYAQKIFKI_IE-1_CMV_binder_TCR_61614,0,0.74789214,0.00050447276,6.5972415e-08
A2402_AYAQKIFKI_IE-1_CMV_binder_TCR_61657,0,0.74296075,0.00304128,1.646908e-05
A2402_AYAQKIFKI_IE-1_CMV_binder_TCR_61697,0,0.75158596,0.00663705,5.281002e-05
A2402_AYAQKIFKI_IE-1_CMV_binder_TCR_61774,1,0.74059653,0.00985656,1.0146747e-06
A2402_AYAQKIFKI_IE-1_CMV_binder_TCR_61794,0,0.74290407,0.000252584,5.9601366e-11
A2402_AYAQKIFKI_IE-1_CMV_binder_TCR_61795,0,0.74388075,0.00023989723,4.4019607e-11
A2402_AYAQKIFKI_IE-1_CMV_binder_TCR_61823,0,0.7426514,0.00053981197,4.4026642e-08
A2402_AYAQKIFKI_IE-1_CMV_binder_TCR_61867,0,0.7438452,0.010254814,0.0009102365
A2402_AYAQKIFKI_IE-1_CMV_binder_TCR_61868,0,0.7433425,0.00079343264,1.1542442e-08
A2402_AYAQKIFKI_IE-1_CMV_binder_TCR_61881,0,0.7434025,0.0030767708,3.3959093e-06
A2402_AYAQKIFKI_IE-1_CMV_binder_TCR_6189,0,0.7459185,0.00060711143,1.1642775e-05
A2402_AYAQKIFKI_IE-1_CMV_binder_TCR_61954,0,0.74450374,0.0010472329,1.1179584e-05
A2402_AYAQKIFKI_IE-1_CMV_binder_TCR_61988,0,0.74191046,6.8451256e-05,3.3487875e-09
A2402_AYAQKIFKI_IE-1_CMV_binder_TCR_61990,0,0.74713403,9.7918e-05,1.1754105e-11
A2402_AYAQKIFKI_IE-1_CMV_binder_TCR_62003,0,0.74202573,0.00034343125,1.4494063e-05
A2402_AYAQKIFKI_IE-1_CMV_binder_TCR_6202,0,0.7461525,0.00021444216,4.095475e-09
A2402_AYAQKIFKI_IE-1_CMV_binder_TCR_6203,0,0.7475593,0.000563703,4.2027146e-10
A2402_AYAQKIFKI_IE-1_CMV_binder_TCR_62044,0,0.74048275,0.0002805189,8.245691e-09
A2402_AYAQKIFKI_IE-1_CMV_binder_TCR_62048,0,0.7477764,0.00058333104,1.5009904e-13
A2402_AYAQKIFKI_IE-1_CMV_binder_TCR_62082,0,0.7512036,0.00011964809,2.5079558e-11
A2402_AYAQKIFKI_IE-1_CMV_binder_TCR_62107,0,0.74178326,0.0014792685,4.0114246e-06
A2402_AYAQKIFKI_IE-1_CMV_binder_TCR_62232,0,0.74723285,0.00042230854,1.4145842e-05
A2402_AYAQKIFKI_IE-1_CMV_binder_TCR_62245,0,0.741848,0.0011266039,2.9642535e-09
A2402_AYAQKIFKI_IE-1_CMV_binder_TCR_62270,0,0.7452921,0.00038035854,2.781032e-10
A2402_AYAQKIFKI_IE-1_CMV_binder_TCR_6228,0,0.74481845,0.00039014002,3.094724e-07
A2402_AYAQKIFKI_IE-1_CMV_binder_TCR_62280,0,0.740486,0.0011304477,3.8765493e-09
A2402_AYAQKIFKI_IE-1_CMV_binder_TCR_62304,0,0.7515654,0.00014159444,3.2783675e-11
A2402_AYAQKIFKI_IE-1_CMV_binder_TCR_6235,0,0.74276143,0.0073226537,7.5821185e-07
A2402_AYAQKIFKI_IE-1_CMV_binder_TCR_62356,0,0.74280775,0.00012940716,8.765957e-11
A2402_AYAQKIFKI_IE-1_CMV_binder_TCR_62370,0,0.7442566,0.0091950875,1.6141962e-09
A2402_AYAQKIFKI_IE-1_CMV_binder_TCR_62393,0,0.74514484,0.0007200879,1.0824997e-08
A2402_AYAQKIFKI_IE-1_CMV_binder_TCR_62416,0,0.74862677,0.0050308383,7.4056955e-10
A2402_AYAQKIFKI_IE-1_CMV_binder_TCR_62427,0,0.745806,0.0021306258,4.907406e-06
A2402_AYAQKIFKI_IE-1_CMV_binder_TCR_6247,0,0.74439156,0.0010508477,2.4784327e-05
A2402_AYAQKIFKI_IE-1_CMV_binder_TCR_62491,0,0.74611163,0.0033810858,3.7509065e-07
A2402_AYAQKIFKI_IE-1_CMV_binder_TCR_62529,0,0.7441621,0.0040295776,1.7138076e-05
A2402_AYAQKIFKI_IE-1_CMV_binder_TCR_62545,0,0.7434797,0.0025416622,5.4732346e-10
A2402_AYAQKIFKI_IE-1_CMV_binder_TCR_62553,0,0.74379313,0.0010061269,1.4280478e-05
A2402_AYAQKIFKI_IE-1_CMV_binder_TCR_62567,0,0.74596953,0.0022974985,8.3320185e-05
A2402_AYAQKIFKI_IE-1_CMV_binder_TCR_62591,0,0.744207,0.0002974297,8.756912e-12
A2402_AYAQKIFKI_IE-1_CMV_binder_TCR_62595,0,0.7406649,0.00015032796,1.4338257e-06
A2402_AYAQKIFKI_IE-1_CMV_binder_TCR_62644,0,0.7455657,0.00017723723,1.11354e-07
A2402_AYAQKIFKI_IE-1_CMV_binder_TCR_62657,0,0.75016254,0.0010153808,6.087299e-10
A2402_AYAQKIFKI_IE-1_CMV_binder_TCR_6266,0,0.7500166,0.00025370996,3.226384e-11
A2402_AYAQKIFKI_IE-1_CMV_binder_TCR_62733,0,0.7443095,0.013730098,5.3499923e-07
A2402_AYAQKIFKI_IE-1_CMV_binder_TCR_62753,0,0.74433154,0.0004223049,5.8719534e-15
A2402_AYAQKIFKI_IE-1_CMV_binder_TCR_62764,0,0.74571157,0.0042876215,8.208635e-05
A2402_AYAQKIFKI_IE-1_CMV_binder_TCR_62772,0,0.7472227,0.0012910197,6.1434178e-09
A2402_AYAQKIFKI_IE-1_CMV_binder_TCR_62796,0,0.7490219,0.000563782,1.2439494e-07
A2402_AYAQKIFKI_IE-1_CMV_binder_TCR_62859,0,0.7482529,0.002352521,1.0464925e-12
A2402_AYAQKIFKI_IE-1_CMV_binder_TCR_62861,0,0.7447501,0.0007410251,5.421115e-12
A2402_AYAQKIFKI_IE-1_CMV_binder_TCR_62864,0,0.7467578,0.0005471629,7.9061265e-06
A2402_AYAQKIFKI_IE-1_CMV_binder_TCR_62868,0,0.74928015,0.00021154038,1.4177177e-08
A2402_AYAQKIFKI_IE-1_CMV_binder_TCR_62875,0,0.7487354,0.0016221838,1.2612146e-06
A2402_AYAQKIFKI_IE-1_CMV_binder_TCR_62877,0,0.7485423,0.004518994,6.529853e-08
A2402_AYAQKIFKI_IE-1_CMV_binder_TCR_62892,0,0.7431869,0.0034624394,8.62893e-12
A2402_AYAQKIFKI_IE-1_CMV_binder_TCR_62960,0,0.74713546,0.00037750546,2.2023877e-07
A2402_AYAQKIFKI_IE-1_CMV_binder_TCR_62967,0,0.74907035,0.0024383236,0.00041330565
A2402_AYAQKIFKI_IE-1_CMV_binder_TCR_62983,0,0.7434741,0.006057025,1.0571791e-09
A2402_AYAQKIFKI_IE-1_CMV_binder_TCR_63071,0,0.74509966,0.0028427637,4.138576e-07
A2402_AYAQKIFKI_IE-1_CMV_binder_TCR_63079,0,0.7484407,0.0006442165,2.913722e-15
A2402_AYAQKIFKI_IE-1_CMV_binder_TCR_63100,0,0.743993,8.988875e-05,3.7391495e-17
A2402_AYAQKIFKI_IE-1_CMV_binder_TCR_63125,0,0.7414368,0.0027340099,6.66588e-10
A2402_AYAQKIFKI_IE-1_CMV_binder_TCR_63131,0,0.7496991,0.00024102289,1.0556793e-14
A2402_AYAQKIFKI_IE-1_CMV_binder_TCR_63133,0,0.7407868,0.0005599075,1.07410074e-07
A2402_AYAQKIFKI_IE-1_CMV_binder_TCR_632,0,0.74479884,0.000558576,3.208226e-11
A2402_AYAQKIFKI_IE-1_CMV_binder_TCR_6322,0,0.7453363,0.00015092561,5.941675e-13
A2402_AYAQKIFKI_IE-1_CMV_binder_TCR_63241,0,0.7470098,0.00049337285,6.6691996e-06
A2402_AYAQKIFKI_IE-1_CMV_binder_TCR_63254,0,0.7418035,0.00042648893,2.8481553e-10
A2402_AYAQKIFKI_IE-1_CMV_binder_TCR_6326,0,0.74636286,9.290324e-05,1.4903523e-13
A2402_AYAQKIFKI_IE-1_CMV_binder_TCR_63281,0,0.7493388,0.0011721451,5.5858186e-06
A2402_AYAQKIFKI_IE-1_CMV_binder_TCR_63284,0,0.7385546,0.00042560272,5.056164e-10
A2402_AYAQKIFKI_IE-1_CMV_binder_TCR_63301,0,0.74318904,0.0004828327,6.65411e-08
A2402_AYAQKIFKI_IE-1_CMV_binder_TCR_63324,0,0.7391653,0.0008247363,9.491557e-07
A2402_AYAQKIFKI_IE-1_CMV_binder_TCR_63370,0,0.75190413,0.0006645239,0.36341122
A2402_AYAQKIFKI_IE-1_CMV_binder_TCR_63383,0,0.7506737,0.0002410406,5.5581182e-11
A2402_AYAQKIFKI_IE-1_CMV_binder_TCR_6341,0,0.7409139,0.00040950894,1.5452811e-18
A2402_AYAQKIFKI_IE-1_CMV_binder_TCR_6343,0,0.74642247,0.00014356029,4.411699e-09
A2402_AYAQKIFKI_IE-1_CMV_binder_TCR_63540,0,0.7476494,0.00026747567,1.1303676e-05
A2402_AYAQKIFKI_IE-1_CMV_binder_TCR_63554,0,0.7388044,0.003084274,3.7860434e-07
A2402_AYAQKIFKI_IE-1_CMV_binder_TCR_63589,0,0.7480968,0.0011158946,8.604407e-07
A2402_AYAQKIFKI_IE-1_CMV_binder_TCR_63671,0,0.748132,0.0038155033,5.2399067e-05
A2402_AYAQKIFKI_IE-1_CMV_binder_TCR_63684,0,0.7452675,0.00026695084,1.3678175e-09
A2402_AYAQKIFKI_IE-1_CMV_binder_TCR_63733,0,0.7416849,0.00031383088,7.0230555e-10
A2402_AYAQKIFKI_IE-1_CMV_binder_TCR_6374,0,0.74695677,0.00025609383,1.5524737e-08
A2402_AYAQKIFKI_IE-1_CMV_binder_TCR_63765,0,0.74269974,0.00025354308,4.0500305e-07
A2402_AYAQKIFKI_IE-1_CMV_binder_TCR_63784,0,0.7458192,0.0014631874,6.65279e-05
A2402_AYAQKIFKI_IE-1_CMV_binder_TCR_6389,0,0.7416034,0.00015307704,6.8225015e-13
A2402_AYAQKIFKI_IE-1_CMV_binder_TCR_63901,0,0.7461507,0.00059904176,9.142815e-05
A2402_AYAQKIFKI_IE-1_CMV_binder_TCR_63916,0,0.75052965,0.00021970374,1.6017171e-09
A2402_AYAQKIFKI_IE-1_CMV_binder_TCR_63927,0,0.7463166,0.00015270614,5.331691e-14
A2402_AYAQKIFKI_IE-1_CMV_binder_TCR_63963,0,0.74814296,0.004418905,0.0036421677
A2402_AYAQKIFKI_IE-1_CMV_binder_TCR_640,0,0.74556273,0.0142831225,5.6460594e-06
A2402_AYAQKIFKI_IE-1_CMV_binder_TCR_64035,0,0.7474901,0.0010461037,1.9193285e-06
A2402_AYAQKIFKI_IE-1_CMV_binder_TCR_64052,0,0.740814,0.0013799965,9.69565e-07
A2402_AYAQKIFKI_IE-1_CMV_binder_TCR_64054,0,0.7505654,0.0027522906,6.643104e-06
A2402_AYAQKIFKI_IE-1_CMV_binder_TCR_64106,0,0.7399121,0.0005374754,2.006428e-05
A2402_AYAQKIFKI_IE-1_CMV_binder_TCR_64118,0,0.742199,0.006043803,0.03195108
A2402_AYAQKIFKI_IE-1_CMV_binder_TCR_64128,0,0.74196464,0.0018684923,1.0840825e-08
A2402_AYAQKIFKI_IE-1_CMV_binder_TCR_64169,0,0.7475919,0.00042628119,1.2106193e-06
A2402_AYAQKIFKI_IE-1_CMV_binder_TCR_64175,0,0.75274646,0.0005237772,8.2904704e-11
A2402_AYAQKIFKI_IE-1_CMV_binder_TCR_64239,0,0.740655,0.0019354664,0.0010244967
A2402_AYAQKIFKI_IE-1_CMV_binder_TCR_64244,0,0.74345297,0.0003464887,7.398968e-08
A2402_AYAQKIFKI_IE-1_CMV_binder_TCR_64260,0,0.747007,0.0015438948,3.102395e-05
A2402_AYAQKIFKI_IE-1_CMV_binder_TCR_64274,0,0.75192696,0.0013706307,1.144061e-08
A2402_AYAQKIFKI_IE-1_CMV_binder_TCR_64285,0,0.75142,0.00072966807,0.0034844659
A2402_AYAQKIFKI_IE-1_CMV_binder_TCR_64304,0,0.7443514,0.0047226283,7.2215356e-05
A2402_AYAQKIFKI_IE-1_CMV_binder_TCR_64306,0,0.7486833,0.00021244833,6.2122163e-10
A2402_AYAQKIFKI_IE-1_CMV_binder_TCR_64363,0,0.7453426,0.0015024951,1.2932046e-06
A2402_AYAQKIFKI_IE-1_CMV_binder_TCR_64384,0,0.7475529,0.00015428201,4.76908e-10
A2402_AYAQKIFKI_IE-1_CMV_binder_TCR_64390,0,0.74262124,0.000451119,1.0536131e-07
A2402_AYAQKIFKI_IE-1_CMV_binder_TCR_64434,0,0.7452397,0.017686011,2.5093654e-09
A2402_AYAQKIFKI_IE-1_CMV_binder_TCR_64435,0,0.7457545,0.0007873136,9.314622e-17
A2402_AYAQKIFKI_IE-1_CMV_binder_TCR_64438,0,0.7462788,0.00055983017,4.9936223e-12
A2402_AYAQKIFKI_IE-1_CMV_binder_TCR_64446,0,0.7533854,0.00053459045,1.1161001e-07
A2402_AYAQKIFKI_IE-1_CMV_binder_TCR_64479,0,0.7383345,0.00088400807,2.4592216e-08
A2402_AYAQKIFKI_IE-1_CMV_binder_TCR_64511,0,0.7481967,0.0010471935,5.4425274e-13
A2402_AYAQKIFKI_IE-1_CMV_binder_TCR_64608,0,0.744222,0.0009041263,2.5061545e-10
A2402_AYAQKIFKI_IE-1_CMV_binder_TCR_64614,0,0.7491229,0.0007252551,1.7588375e-08
A2402_AYAQKIFKI_IE-1_CMV_binder_TCR_64625,0,0.74215204,0.00043698977,1.1596581e-10
A2402_AYAQKIFKI_IE-1_CMV_binder_TCR_64703,0,0.74968415,0.0017062431,9.093855e-09
A2402_AYAQKIFKI_IE-1_CMV_binder_TCR_64704,0,0.7448771,0.08237504,0.00023271545
A2402_AYAQKIFKI_IE-1_CMV_binder_TCR_64740,0,0.7418512,0.01152553,4.260983e-07
A2402_AYAQKIFKI_IE-1_CMV_binder_TCR_64780,0,0.7423183,0.0033438792,2.850566e-08
A2402_AYAQKIFKI_IE-1_CMV_binder_TCR_64801,0,0.7413928,0.002431402,0.00015309616
A2402_AYAQKIFKI_IE-1_CMV_binder_TCR_64823,0,0.74705815,0.0010936705,1.2250658e-09
A2402_AYAQKIFKI_IE-1_CMV_binder_TCR_64856,0,0.73881084,0.004410961,2.8140243e-09
A2402_AYAQKIFKI_IE-1_CMV_binder_TCR_64861,0,0.74393356,0.003248416,6.954499e-06
A2402_AYAQKIFKI_IE-1_CMV_binder_TCR_64881,0,0.74069846,0.0028323438,5.876912e-13
A2402_AYAQKIFKI_IE-1_CMV_binder_TCR_64896,0,0.74977344,0.0074832295,1.1855659e-05
A2402_AYAQKIFKI_IE-1_CMV_binder_TCR_6495,0,0.74728954,0.0070169,0.00029655817
A2402_AYAQKIFKI_IE-1_CMV_binder_TCR_6497,0,0.75150526,0.0004037434,8.759744e-06
A2402_AYAQKIFKI_IE-1_CMV_binder_TCR_65029,0,0.74707776,0.0007088282,1.2011413e-05
A2402_AYAQKIFKI_IE-1_CMV_binder_TCR_65033,0,0.7436502,0.00076194643,1.4999708e-10
A2402_AYAQKIFKI_IE-1_CMV_binder_TCR_6504,0,0.74869156,0.00038500727,5.6149087e-08
A2402_AYAQKIFKI_IE-1_CMV_binder_TCR_6506,0,0.74354535,0.0064869113,0.0027689291
A2402_AYAQKIFKI_IE-1_CMV_binder_TCR_65152,0,0.75061214,0.00069236715,1.4887339e-08
A2402_AYAQKIFKI_IE-1_CMV_binder_TCR_65161,0,0.7484339,0.0001309365,1.5844849e-13
A2402_AYAQKIFKI_IE-1_CMV_binder_TCR_65177,0,0.74201375,0.00350618,1.0358805e-07
A2402_AYAQKIFKI_IE-1_CMV_binder_TCR_65199,0,0.7421529,0.00017912425,1.0992572e-12
A2402_AYAQKIFKI_IE-1_CMV_binder_TCR_65205,0,0.7458524,0.0019465153,3.8073985e-08
A2402_AYAQKIFKI_IE-1_CMV_binder_TCR_65249,0,0.74121445,0.00010992991,6.9402333e-16
A2402_AYAQKIFKI_IE-1_CMV_binder_TCR_6531,0,0.7487513,0.000347196,7.65568e-06
A2402_AYAQKIFKI_IE-1_CMV_binder_TCR_65329,0,0.7470842,0.0062429155,6.2908684e-06
A2402_AYAQKIFKI_IE-1_CMV_binder_TCR_65343,0,0.740883,0.0052363174,1.4239652e-06
A2402_AYAQKIFKI_IE-1_CMV_binder_TCR_65385,0,0.75196546,0.0004616479,1.0281727e-10
A2402_AYAQKIFKI_IE-1_CMV_binder_TCR_65395,0,0.74264437,0.001218773,0.00030734693
A2402_AYAQKIFKI_IE-1_CMV_binder_TCR_65407,0,0.7466058,0.0002212408,4.6177312e-11
A2402_AYAQKIFKI_IE-1_CMV_binder_TCR_65432,0,0.74499226,0.00015343579,8.647423e-14
A2402_AYAQKIFKI_IE-1_CMV_binder_TCR_65467,0,0.74625677,0.0008165214,3.2554378e-06
A2402_AYAQKIFKI_IE-1_CMV_binder_TCR_65514,0,0.741154,0.0013360159,3.2765422e-11
A2402_AYAQKIFKI_IE-1_CMV_binder_TCR_6552,0,0.75090045,0.000120735385,2.5130077e-11
A2402_AYAQKIFKI_IE-1_CMV_binder_TCR_65531,0,0.7421501,0.0016754182,1.6809156e-06
A2402_AYAQKIFKI_IE-1_CMV_binder_TCR_65553,0,0.74934644,0.013623277,0.0006775461
A2402_AYAQKIFKI_IE-1_CMV_binder_TCR_65572,0,0.7460241,0.00072759436,4.0754906e-11
A2402_AYAQKIFKI_IE-1_CMV_binder_TCR_65611,0,0.74941415,0.00015311498,7.518193e-16
A2402_AYAQKIFKI_IE-1_CMV_binder_TCR_65619,0,0.7495291,0.0011687914,1.09270225e-07
A2402_AYAQKIFKI_IE-1_CMV_binder_TCR_65641,0,0.7438564,0.0002469928,5.352695e-05
A2402_AYAQKIFKI_IE-1_CMV_binder_TCR_65672,0,0.7421516,0.0007211716,1.4431845e-06
A2402_AYAQKIFKI_IE-1_CMV_binder_TCR_65698,0,0.7436774,0.00075787556,1.8180076e-07
A2402_AYAQKIFKI_IE-1_CMV_binder_TCR_65701,0,0.7425704,0.001480537,2.5346987e-11
A2402_AYAQKIFKI_IE-1_CMV_binder_TCR_65717,0,0.7413023,0.010532162,0.00020586426
A2402_AYAQKIFKI_IE-1_CMV_binder_TCR_65739,0,0.7425742,0.0013871237,2.0421082e-13
A2402_AYAQKIFKI_IE-1_CMV_binder_TCR_65752,0,0.75090504,0.00068209716,6.06894e-06
A2402_AYAQKIFKI_IE-1_CMV_binder_TCR_6578,0,0.7498445,0.001034719,1.8382802e-13
A2402_AYAQKIFKI_IE-1_CMV_binder_TCR_65795,0,0.7530547,0.0004336166,5.6065597e-09
A2402_AYAQKIFKI_IE-1_CMV_binder_TCR_65829,0,0.7374855,0.002541418,3.483191e-09
A2402_AYAQKIFKI_IE-1_CMV_binder_TCR_65880,0,0.7456047,0.00034895772,3.7503386e-11
A2402_AYAQKIFKI_IE-1_CMV_binder_TCR_65881,0,0.74752074,0.005508297,0.022323007
A2402_AYAQKIFKI_IE-1_CMV_binder_TCR_65913,0,0.7426414,0.00062221696,4.3992917e-11
A2402_AYAQKIFKI_IE-1_CMV_binder_TCR_65924,0,0.73925346,0.0014246168,3.838174e-09
A2402_AYAQKIFKI_IE-1_CMV_binder_TCR_65971,0,0.74694014,0.000121577934,7.6741646e-14
A2402_AYAQKIFKI_IE-1_CMV_binder_TCR_65987,0,0.7429341,0.0021575377,8.810069e-06
A2402_AYAQKIFKI_IE-1_CMV_binder_TCR_65991,0,0.7472107,0.0016031938,4.1190007e-09
A2402_AYAQKIFKI_IE-1_CMV_binder_TCR_66000,0,0.74665844,0.00025460363,1.1204402e-08
A2402_AYAQKIFKI_IE-1_CMV_binder_TCR_66007,0,0.7475381,0.00036228704,1.8490516e-09
A2402_AYAQKIFKI_IE-1_CMV_binder_TCR_66017,0,0.7457023,0.0001822821,3.907303e-13
A2402_AYAQKIFKI_IE-1_CMV_binder_TCR_66019,0,0.7498667,0.0011692885,1.6575918e-18
A2402_AYAQKIFKI_IE-1_CMV_binder_TCR_66020,0,0.7485618,0.0092546465,1.3899202e-05
A2402_AYAQKIFKI_IE-1_CMV_binder_TCR_66028,0,0.743371,0.00033693126,7.3490314e-10
A2402_AYAQKIFKI_IE-1_CMV_binder_TCR_66041,0,0.7553394,0.0019430075,1.0995802e-08
A2402_AYAQKIFKI_IE-1_CMV_binder_TCR_66044,0,0.7479934,0.00016474955,2.3820299e-10
A2402_AYAQKIFKI_IE-1_CMV_binder_TCR_66052,0,0.74565977,0.0015869386,1.4846281e-08
A2402_AYAQKIFKI_IE-1_CMV_binder_TCR_66077,0,0.743491,0.0011498602,9.770646e-19
A2402_AYAQKIFKI_IE-1_CMV_binder_TCR_66090,0,0.74309546,0.00038133844,6.101431e-11
A2402_AYAQKIFKI_IE-1_CMV_binder_TCR_66115,0,0.74796456,0.0013174046,9.372214e-07
A2402_AYAQKIFKI_IE-1_CMV_binder_TCR_66123,0,0.7471365,0.0031517614,2.1488938e-06
A2402_AYAQKIFKI_IE-1_CMV_binder_TCR_66140,0,0.7488607,0.00074242643,1.4190428e-09
A2402_AYAQKIFKI_IE-1_CMV_binder_TCR_66141,0,0.74528605,0.0011042225,5.4428723e-12
A2402_AYAQKIFKI_IE-1_CMV_binder_TCR_6615,0,0.7463884,0.00034270747,1.4215559e-10
A2402_AYAQKIFKI_IE-1_CMV_binder_TCR_66159,0,0.7468812,0.00041294843,2.3227476e-06
A2402_AYAQKIFKI_IE-1_CMV_binder_TCR_66164,0,0.7494238,0.00058868877,2.5980682e-07
A2402_AYAQKIFKI_IE-1_CMV_binder_TCR_66169,0,0.7497511,0.00027190513,6.9221864e-09
A2402_AYAQKIFKI_IE-1_CMV_binder_TCR_66206,0,0.74435294,0.000111166526,1.882266e-12
A2402_AYAQKIFKI_IE-1_CMV_binder_TCR_66215,0,0.7463623,0.006120434,3.1521622e-11
A2402_AYAQKIFKI_IE-1_CMV_binder_TCR_66216,0,0.7521421,0.00065497524,1.1906129e-09
A2402_AYAQKIFKI_IE-1_CMV_binder_TCR_66327,0,0.7432653,0.00027124537,5.4255628e-12
A2402_AYAQKIFKI_IE-1_CMV_binder_TCR_66339,0,0.74566287,0.0133285895,3.018031e-07
A2402_AYAQKIFKI_IE-1_CMV_binder_TCR_6634,0,0.73940825,0.0012673234,2.827444e-08
A2402_AYAQKIFKI_IE-1_CMV_binder_TCR_66396,0,0.743289,0.0027766067,0.0002193684
A2402_AYAQKIFKI_IE-1_CMV_binder_TCR_66411,0,0.74944013,0.003850283,3.552842e-07
A2402_AYAQKIFKI_IE-1_CMV_binder_TCR_6642,0,0.7392819,0.0054356726,0.0027508957
A2402_AYAQKIFKI_IE-1_CMV_binder_TCR_66424,0,0.74500203,0.0036131025,4.691779e-09
A2402_AYAQKIFKI_IE-1_CMV_binder_TCR_66448,0,0.7433574,0.0003790923,1.7425714e-07
A2402_AYAQKIFKI_IE-1_CMV_binder_TCR_66467,0,0.75476617,0.00040900873,2.7465671e-10
A2402_AYAQKIFKI_IE-1_CMV_binder_TCR_66485,0,0.7435352,0.0015511521,2.0508625e-10
A2402_AYAQKIFKI_IE-1_CMV_binder_TCR_66498,0,0.74413407,0.0009290038,4.004235e-06
A2402_AYAQKIFKI_IE-1_CMV_binder_TCR_66503,0,0.7474731,5.5646735e-05,7.586128e-15
A2402_AYAQKIFKI_IE-1_CMV_binder_TCR_66510,0,0.7459981,0.00027752778,1.7190315e-08
A2402_AYAQKIFKI_IE-1_CMV_binder_TCR_66525,0,0.7455696,0.0016824179,0.0001272495
A2402_AYAQKIFKI_IE-1_CMV_binder_TCR_66530,0,0.7485288,0.0020833435,4.1739736e-09
A2402_AYAQKIFKI_IE-1_CMV_binder_TCR_6657,0,0.74192977,0.00019020501,1.275104e-13
A2402_AYAQKIFKI_IE-1_CMV_binder_TCR_66588,0,0.7449144,0.0010300521,4.25196e-15
A2402_AYAQKIFKI_IE-1_CMV_binder_TCR_66627,0,0.7431241,0.0003983513,1.5241773e-16
A2402_AYAQKIFKI_IE-1_CMV_binder_TCR_66637,0,0.74898446,0.026390264,0.04827448
A2402_AYAQKIFKI_IE-1_CMV_binder_TCR_66643,0,0.74248904,0.012246339,8.4906005e-06
A2402_AYAQKIFKI_IE-1_CMV_binder_TCR_66660,0,0.7491032,0.0001409453,1.8929264e-12
A2402_AYAQKIFKI_IE-1_CMV_binder_TCR_66714,0,0.74521744,0.00023175425,1.8850081e-11
A2402_AYAQKIFKI_IE-1_CMV_binder_TCR_66715,0,0.7462263,0.011167379,3.2348053e-05
A2402_AYAQKIFKI_IE-1_CMV_binder_TCR_66764,0,0.7394473,0.0007974823,3.3507297e-09
A2402_AYAQKIFKI_IE-1_CMV_binder_TCR_66783,0,0.7394237,0.00037652283,2.3041308e-07
A2402_AYAQKIFKI_IE-1_CMV_binder_TCR_66796,0,0.7426674,0.006929779,0.0020235192
A2402_AYAQKIFKI_IE-1_CMV_binder_TCR_66802,0,0.7413109,0.0016801921,1.2682737e-07
A2402_AYAQKIFKI_IE-1_CMV_binder_TCR_66812,0,0.7406481,0.00023202618,1.4555981e-09
A2402_AYAQKIFKI_IE-1_CMV_binder_TCR_66816,0,0.7431038,0.0007455542,1.0518593e-05
A2402_AYAQKIFKI_IE-1_CMV_binder_TCR_6687,0,0.74536115,0.00021903048,2.236546e-09
A2402_AYAQKIFKI_IE-1_CMV_binder_TCR_66882,0,0.7514552,0.0013352311,7.084376e-06
A2402_AYAQKIFKI_IE-1_CMV_binder_TCR_66904,0,0.7486801,0.0007983719,7.210868e-08
A2402_AYAQKIFKI_IE-1_CMV_binder_TCR_66917,0,0.7432373,0.000115918905,5.2253666e-14
A2402_AYAQKIFKI_IE-1_CMV_binder_TCR_6693,0,0.7402904,0.00076841126,7.774693e-09
A2402_AYAQKIFKI_IE-1_CMV_binder_TCR_6799,0,0.7422454,0.00015130745,4.548634e-09
A2402_AYAQKIFKI_IE-1_CMV_binder_TCR_6827,0,0.7446587,0.0010752118,1.5916543e-10
A2402_AYAQKIFKI_IE-1_CMV_binder_TCR_6879,0,0.74688137,0.00038372082,2.8220618e-06
A2402_AYAQKIFKI_IE-1_CMV_binder_TCR_6916,0,0.746241,0.0005533184,2.859271e-17
A2402_AYAQKIFKI_IE-1_CMV_binder_TCR_6971,0,0.74712765,9.476224e-05,1.4141761e-13
A2402_AYAQKIFKI_IE-1_CMV_binder_TCR_6973,0,0.74902606,0.00020431398,1.3264017e-13
A2402_AYAQKIFKI_IE-1_CMV_binder_TCR_6977,0,0.7456314,0.00038003817,5.3327107e-13
A2402_AYAQKIFKI_IE-1_CMV_binder_TCR_699,0,0.74487275,0.00034910947,3.9645318e-08
A2402_AYAQKIFKI_IE-1_CMV_binder_TCR_6990,0,0.7423059,0.00052874995,3.9018495e-14
A2402_AYAQKIFKI_IE-1_CMV_binder_TCR_7014,0,0.74957436,0.000118841344,1.029887e-12
A2402_AYAQKIFKI_IE-1_CMV_binder_TCR_7061,0,0.7481249,0.0009199269,1.0506771e-07
A2402_AYAQKIFKI_IE-1_CMV_binder_TCR_7078,0,0.7421039,0.0067767664,6.609234e-05
A2402_AYAQKIFKI_IE-1_CMV_binder_TCR_7100,0,0.7484986,8.464879e-05,1.4994511e-09
A2402_AYAQKIFKI_IE-1_CMV_binder_TCR_7108,0,0.7531171,0.0008834789,1.7761778e-06
A2402_AYAQKIFKI_IE-1_CMV_binder_TCR_7156,0,0.7548855,0.0006276856,8.341234e-09
A2402_AYAQKIFKI_IE-1_CMV_binder_TCR_7161,0,0.7413819,8.582738e-05,2.068741e-15
A2402_AYAQKIFKI_IE-1_CMV_binder_TCR_7198,0,0.7519028,0.0006002829,2.8981527e-05
A2402_AYAQKIFKI_IE-1_CMV_binder_TCR_7241,0,0.73857903,0.0007902797,1.4728377e-09
A2402_AYAQKIFKI_IE-1_CMV_binder_TCR_7269,0,0.7419254,0.0010289958,9.699574e-05
A2402_AYAQKIFKI_IE-1_CMV_binder_TCR_7286,0,0.75484705,0.0004619283,2.1221367e-09
A2402_AYAQKIFKI_IE-1_CMV_binder_TCR_7307,0,0.7506263,0.0007851525,4.980444e-07
A2402_AYAQKIFKI_IE-1_CMV_binder_TCR_7309,0,0.7499782,0.00024722956,1.8556513e-09
A2402_AYAQKIFKI_IE-1_CMV_binder_TCR_7358,0,0.74857527,0.0021608553,3.8357492e-10
A2402_AYAQKIFKI_IE-1_CMV_binder_TCR_739,0,0.74322116,0.0014755685,1.7636815e-12
A2402_AYAQKIFKI_IE-1_CMV_binder_TCR_7468,0,0.74109215,0.00052735046,1.6710214e-08
A2402_AYAQKIFKI_IE-1_CMV_binder_TCR_7499,0,0.7469244,0.00045839176,5.855518e-05
A2402_AYAQKIFKI_IE-1_CMV_binder_TCR_7522,0,0.74471855,0.0043694586,6.0307728e-05
A2402_AYAQKIFKI_IE-1_CMV_binder_TCR_7531,0,0.7497252,8.212135e-05,1.227987e-10
A2402_AYAQKIFKI_IE-1_CMV_binder_TCR_7538,0,0.7505766,0.001492833,0.0008815645
A2402_AYAQKIFKI_IE-1_CMV_binder_TCR_7554,0,0.75687534,0.00263006,3.4396365e-07
A2402_AYAQKIFKI_IE-1_CMV_binder_TCR_7569,0,0.74864143,0.012337326,1.5418816e-05
A2402_AYAQKIFKI_IE-1_CMV_binder_TCR_7577,0,0.740425,0.00049718627,2.0207008e-17
A2402_AYAQKIFKI_IE-1_CMV_binder_TCR_7584,0,0.7471656,0.0011689044,5.7734352e-11
A2402_AYAQKIFKI_IE-1_CMV_binder_TCR_7617,0,0.74738127,0.0004451017,2.1309941e-10
A2402_AYAQKIFKI_IE-1_CMV_binder_TCR_7625,0,0.7465411,0.00011749402,7.019961e-14
A2402_AYAQKIFKI_IE-1_CMV_binder_TCR_7636,0,0.74480027,0.00058340695,5.9779906e-14
A2402_AYAQKIFKI_IE-1_CMV_binder_TCR_7681,0,0.74317986,0.0011873692,6.656445e-07
A2402_AYAQKIFKI_IE-1_CMV_binder_TCR_7712,0,0.7478164,0.00033243245,0.0008244722
A2402_AYAQKIFKI_IE-1_CMV_binder_TCR_7718,0,0.7471829,0.0001574747,1.9955542e-11
A2402_AYAQKIFKI_IE-1_CMV_binder_TCR_7729,0,0.74896306,0.0043177865,1.5963248e-07
A2402_AYAQKIFKI_IE-1_CMV_binder_TCR_7746,0,0.74858534,0.0024414756,7.9481527e-10
A2402_AYAQKIFKI_IE-1_CMV_binder_TCR_7780,0,0.74569017,0.0009582603,0.000286716
A2402_AYAQKIFKI_IE-1_CMV_binder_TCR_7781,0,0.7477316,0.00022746374,3.6643952e-09
A2402_AYAQKIFKI_IE-1_CMV_binder_TCR_7860,0,0.74710715,0.0006313803,1.96293e-06
A2402_AYAQKIFKI_IE-1_CMV_binder_TCR_7899,0,0.7514931,0.001943825,0.0002659119
A2402_AYAQKIFKI_IE-1_CMV_binder_TCR_7930,0,0.747466,0.0016290522,2.3787322e-07
A2402_AYAQKIFKI_IE-1_CMV_binder_TCR_7962,0,0.74341184,0.00061205804,3.6812344e-05
A2402_AYAQKIFKI_IE-1_CMV_binder_TCR_7963,0,0.7489996,0.000110826026,2.8141534e-09
A2402_AYAQKIFKI_IE-1_CMV_binder_TCR_7995,0,0.7457105,0.0005787704,1.2597981e-11
A2402_AYAQKIFKI_IE-1_CMV_binder_TCR_7996,0,0.74447125,0.00038192346,3.2910898e-06
A2402_AYAQKIFKI_IE-1_CMV_binder_TCR_8005,0,0.74792933,0.0019719207,6.910141e-05
A2402_AYAQKIFKI_IE-1_CMV_binder_TCR_8042,0,0.7453223,0.010050097,2.3990972e-07
A2402_AYAQKIFKI_IE-1_CMV_binder_TCR_8089,0,0.75009805,0.0005800425,3.566835e-08
A2402_AYAQKIFKI_IE-1_CMV_binder_TCR_8129,0,0.7457338,0.0057829022,1.9946356e-09
A2402_AYAQKIFKI_IE-1_CMV_binder_TCR_8151,0,0.73814285,0.00028640727,2.4502796e-07
A2402_AYAQKIFKI_IE-1_CMV_binder_TCR_8159,0,0.73896945,0.0010069266,2.060737e-09
A2402_AYAQKIFKI_IE-1_CMV_binder_TCR_8178,0,0.74091953,0.00014866586,2.1750414e-12
A2402_AYAQKIFKI_IE-1_CMV_binder_TCR_8204,0,0.746858,0.003907894,6.424109e-11
A2402_AYAQKIFKI_IE-1_CMV_binder_TCR_8247,0,0.74274826,0.024146928,5.7017298e-09
A2402_AYAQKIFKI_IE-1_CMV_binder_TCR_8253,0,0.7580863,0.011452827,2.410739e-05
A2402_AYAQKIFKI_IE-1_CMV_binder_TCR_8271,0,0.74922067,0.0038974688,3.7795823e-07
A2402_AYAQKIFKI_IE-1_CMV_binder_TCR_8273,0,0.7435549,0.0047044684,2.218443e-09
A2402_AYAQKIFKI_IE-1_CMV_binder_TCR_8279,0,0.74842703,0.026062978,1.8672641e-05
A2402_AYAQKIFKI_IE-1_CMV_binder_TCR_8314,0,0.7511797,0.0008928521,3.905868e-07
A2402_AYAQKIFKI_IE-1_CMV_binder_TCR_8331,0,0.7460533,0.00016808779,3.4451553e-15
A2402_AYAQKIFKI_IE-1_CMV_binder_TCR_839,0,0.7485496,0.0012397658,5.3204756e-05
A2402_AYAQKIFKI_IE-1_CMV_binder_TCR_8444,0,0.74928945,0.00058345724,2.4753574e-05
A2402_AYAQKIFKI_IE-1_CMV_binder_TCR_8457,0,0.74483466,0.00029645243,2.9384285e-08
A2402_AYAQKIFKI_IE-1_CMV_binder_TCR_8467,0,0.742148,0.0023637547,2.755885e-07
A2402_AYAQKIFKI_IE-1_CMV_binder_TCR_8484,0,0.75120044,0.0011005644,5.997777e-05
A2402_AYAQKIFKI_IE-1_CMV_binder_TCR_8524,0,0.73855966,0.0013997763,3.922727e-11
A2402_AYAQKIFKI_IE-1_CMV_binder_TCR_8530,0,0.74109536,0.0017571636,2.7345222e-11
A2402_AYAQKIFKI_IE-1_CMV_binder_TCR_8545,0,0.739316,0.0010530329,2.3457344e-06
A2402_AYAQKIFKI_IE-1_CMV_binder_TCR_856,0,0.74396604,0.0040475563,2.2267026e-05
A2402_AYAQKIFKI_IE-1_CMV_binder_TCR_8564,0,0.7464018,0.00024081043,4.0026993e-05
A2402_AYAQKIFKI_IE-1_CMV_binder_TCR_8592,0,0.7432175,0.001107416,3.0809208e-08
A2402_AYAQKIFKI_IE-1_CMV_binder_TCR_8746,0,0.7437061,0.00017004466,3.3887402e-09
A2402_AYAQKIFKI_IE-1_CMV_binder_TCR_8768,0,0.7470098,7.7765806e-05,1.7175041e-12
A2402_AYAQKIFKI_IE-1_CMV_binder_TCR_8772,0,0.7473647,0.0018717446,2.4314492e-10
A2402_AYAQKIFKI_IE-1_CMV_binder_TCR_8794,0,0.74498546,0.00087428774,1.5605666e-08
A2402_AYAQKIFKI_IE-1_CMV_binder_TCR_8795,0,0.7442193,0.0032150368,6.352194e-12
A2402_AYAQKIFKI_IE-1_CMV_binder_TCR_8805,0,0.74681854,0.00017741005,3.323245e-10
A2402_AYAQKIFKI_IE-1_CMV_binder_TCR_8806,0,0.744907,0.00049158925,9.029153e-15
A2402_AYAQKIFKI_IE-1_CMV_binder_TCR_8824,0,0.74724543,0.00123406,9.137453e-07
A2402_AYAQKIFKI_IE-1_CMV_binder_TCR_8839,0,0.7453674,0.00021792103,8.283006e-12
A2402_AYAQKIFKI_IE-1_CMV_binder_TCR_8842,0,0.744925,0.00039883424,5.0005042e-08
A2402_AYAQKIFKI_IE-1_CMV_binder_TCR_8852,0,0.74270606,0.0021060668,9.6247255e-08
A2402_AYAQKIFKI_IE-1_CMV_binder_TCR_8854,0,0.74303705,0.0007823656,1.0783001e-08
A2402_AYAQKIFKI_IE-1_CMV_binder_TCR_8857,0,0.7477169,0.0011596384,5.652483e-09
A2402_AYAQKIFKI_IE-1_CMV_binder_TCR_8870,0,0.7471007,0.0019308102,1.278274e-10
A2402_AYAQKIFKI_IE-1_CMV_binder_TCR_8873,0,0.7467686,0.0032248716,4.0879597e-09
A2402_AYAQKIFKI_IE-1_CMV_binder_TCR_8906,0,0.74786615,0.006359402,0.0087822545
A2402_AYAQKIFKI_IE-1_CMV_binder_TCR_8931,0,0.7417938,0.0043757064,4.2285365e-08
A2402_AYAQKIFKI_IE-1_CMV_binder_TCR_9045,0,0.74399394,0.000153309,1.2017622e-10
A2402_AYAQKIFKI_IE-1_CMV_binder_TCR_9070,0,0.74523354,0.007225796,1.9086114e-05
A2402_AYAQKIFKI_IE-1_CMV_binder_TCR_9073,0,0.74470246,0.00105991,1.05516165e-07
A2402_AYAQKIFKI_IE-1_CMV_binder_TCR_9080,0,0.74681103,0.0011918406,3.8986403e-08
A2402_AYAQKIFKI_IE-1_CMV_binder_TCR_9116,0,0.7471961,0.0032694733,8.005821e-09
A2402_AYAQKIFKI_IE-1_CMV_binder_TCR_9118,0,0.74379253,0.0023205434,1.341505e-06
A2402_AYAQKIFKI_IE-1_CMV_binder_TCR_9134,0,0.7411646,0.004077224,2.5070306e-06
A2402_AYAQKIFKI_IE-1_CMV_binder_TCR_9136,0,0.74066037,0.0040770457,0.000101889695
A2402_AYAQKIFKI_IE-1_CMV_binder_TCR_9156,0,0.7465165,0.0036937722,1.207755e-05
A2402_AYAQKIFKI_IE-1_CMV_binder_TCR_9165,0,0.74368596,0.007814324,9.025385e-07
A2402_AYAQKIFKI_IE-1_CMV_binder_TCR_9190,0,0.739621,0.006127899,2.3500147e-07
A2402_AYAQKIFKI_IE-1_CMV_binder_TCR_9203,0,0.7469919,0.0002714086,4.1605625e-05
A2402_AYAQKIFKI_IE-1_CMV_binder_TCR_9208,0,0.74479556,0.0010684106,6.0157704e-06
A2402_AYAQKIFKI_IE-1_CMV_binder_TCR_9217,0,0.74478203,0.004792085,5.6376657e-06
A2402_AYAQKIFKI_IE-1_CMV_binder_TCR_9228,0,0.7448139,0.0008939625,7.051814e-08
A2402_AYAQKIFKI_IE-1_CMV_binder_TCR_9273,0,0.7399394,0.0020388162,0.00045586552
A2402_AYAQKIFKI_IE-1_CMV_binder_TCR_9286,0,0.7495751,0.001107001,0.00014627862
A2402_AYAQKIFKI_IE-1_CMV_binder_TCR_9310,0,0.7495847,0.000107785505,3.4047133e-11
A2402_AYAQKIFKI_IE-1_CMV_binder_TCR_9343,0,0.7422061,7.584405e-05,3.5804803e-16
A2402_AYAQKIFKI_IE-1_CMV_binder_TCR_9366,0,0.7481033,0.00013914017,1.3311074e-10
A2402_AYAQKIFKI_IE-1_CMV_binder_TCR_9376,0,0.74582577,0.00026261611,1.251601e-07
A2402_AYAQKIFKI_IE-1_CMV_binder_TCR_9386,0,0.7455106,0.000658963,2.3598777e-05
A2402_AYAQKIFKI_IE-1_CMV_binder_TCR_940,0,0.7455773,0.0007030322,4.470983e-11
A2402_AYAQKIFKI_IE-1_CMV_binder_TCR_9414,0,0.74264455,0.0011241806,1.268052e-08
A2402_AYAQKIFKI_IE-1_CMV_binder_TCR_9425,0,0.74802136,0.00012915162,4.2853935e-07
A2402_AYAQKIFKI_IE-1_CMV_binder_TCR_9433,0,0.74795,0.006842718,8.130096e-06
A2402_AYAQKIFKI_IE-1_CMV_binder_TCR_9448,0,0.7477784,0.0016090393,1.0587955e-05
A2402_AYAQKIFKI_IE-1_CMV_binder_TCR_9457,0,0.7488579,0.00075571117,9.7572915e-08
A2402_AYAQKIFKI_IE-1_CMV_binder_TCR_9519,0,0.74811435,0.0028216855,0.0003669546
A2402_AYAQKIFKI_IE-1_CMV_binder_TCR_9547,0,0.7476498,0.00036497012,1.1943721e-10
A2402_AYAQKIFKI_IE-1_CMV_binder_TCR_9555,0,0.7449003,0.0003183772,6.2425573e-12
A2402_AYAQKIFKI_IE-1_CMV_binder_TCR_9565,0,0.7475862,0.0011668458,1.0321549e-07
A2402_AYAQKIFKI_IE-1_CMV_binder_TCR_957,0,0.7505377,0.00026105114,1.5191586e-13
A2402_AYAQKIFKI_IE-1_CMV_binder_TCR_9599,0,0.74846125,0.00018906569,7.244302e-11
A2402_AYAQKIFKI_IE-1_CMV_binder_TCR_9608,0,0.7468039,0.00013856529,9.521716e-10
A2402_AYAQKIFKI_IE-1_CMV_binder_TCR_9668,0,0.747161,0.0009936383,4.953498e-11
A2402_AYAQKIFKI_IE-1_CMV_binder_TCR_9687,0,0.74863344,0.00037009752,4.327569e-11
A2402_AYAQKIFKI_IE-1_CMV_binder_TCR_9698,0,0.7455829,0.00019581898,2.9484142e-09
A2402_AYAQKIFKI_IE-1_CMV_binder_TCR_9708,0,0.74495286,0.0016270161,3.8745147e-06
A2402_AYAQKIFKI_IE-1_CMV_binder_TCR_9730,0,0.74340856,0.0025144015,9.338977e-06
A2402_AYAQKIFKI_IE-1_CMV_binder_TCR_9759,0,0.7415559,0.0019914329,1.0753819e-11
A2402_AYAQKIFKI_IE-1_CMV_binder_TCR_9764,0,0.74500984,0.0036612237,1.267115e-10
A2402_AYAQKIFKI_IE-1_CMV_binder_TCR_9770,0,0.7441052,0.0013685185,2.66508e-07
A2402_AYAQKIFKI_IE-1_CMV_binder_TCR_9789,0,0.742447,0.021697672,5.7697132e-08
A2402_AYAQKIFKI_IE-1_CMV_binder_TCR_9854,0,0.7404118,0.0009153594,0.00074240804
A2402_AYAQKIFKI_IE-1_CMV_binder_TCR_9857,0,0.73719394,0.004460253,0.0005334533
A2402_AYAQKIFKI_IE-1_CMV_binder_TCR_988,0,0.7465672,0.0033217112,1.053376e-11
A2402_AYAQKIFKI_IE-1_CMV_binder_TCR_9892,0,0.74319386,0.0009971111,7.4021655e-10
A2402_AYAQKIFKI_IE-1_CMV_binder_TCR_992,0,0.74728847,0.0011799127,4.1466128e-13
A2402_AYAQKIFKI_IE-1_CMV_binder_TCR_9946,0,0.74368066,0.00029002255,1.6517005e-07
A2402_AYAQKIFKI_IE-1_CMV_binder_TCR_9951,0,0.74286497,0.0004333951,2.0713388e-07
A2402_AYAQKIFKI_IE-1_CMV_binder_TCR_9988,0,0.74280405,9.2943636e-05,2.628008e-12
